date,product_id,warehouse_id,units_sold
2024-01-01,1,1,57.0
2024-01-02,1,1,67.0
2024-01-03,1,1,65.0
2024-01-04,1,1,90.0
2024-01-05,1,1,62.0
2024-01-06,1,1,46.0
2024-01-07,1,1,70.0
2024-01-08,1,1,52.0
2024-01-09,1,1,75.0
2024-01-10,1,1,52.0
2024-01-11,1,1,55.0
2024-01-12,1,1,67.0
2024-01-13,1,1,70.0
2024-01-14,1,1,65.0
2024-01-15,1,1,68.0
2024-01-16,1,1,72.0
2024-01-17,1,1,60.0
2024-01-18,1,1,65.0
2024-01-19,1,1,62.0
2024-01-20,1,1,76.0
2024-01-21,1,1,69.0
2024-01-22,1,1,51.0
2024-01-23,1,1,81.0
2024-01-24,1,1,75.0
2024-01-25,1,1,68.0
2024-01-26,1,1,77.0
2024-01-27,1,1,78.0
2024-01-28,1,1,78.0
2024-01-29,1,1,64.0
2024-01-30,1,1,76.0
2024-01-31,1,1,86.0
2024-02-01,1,1,89.0
2024-02-02,1,1,66.0
2024-02-03,1,1,66.0
2024-02-04,1,1,57.0
2024-02-05,1,1,62.0
2024-02-06,1,1,91.0
2024-02-07,1,1,100.0
2024-02-08,1,1,79.0
2024-02-09,1,1,85.0
2024-02-10,1,1,74.0
2024-02-11,1,1,64.0
2024-02-12,1,1,82.0
2024-02-13,1,1,102.0
2024-02-14,1,1,85.0
2024-02-15,1,1,100.0
2024-02-16,1,1,45.0
2024-02-17,1,1,81.0
2024-02-18,1,1,75.0
2024-02-19,1,1,76.0
2024-02-20,1,1,87.0
2024-02-21,1,1,64.0
2024-02-22,1,1,81.0
2024-02-23,1,1,82.0
2024-02-24,1,1,91.0
2024-02-25,1,1,69.0
2024-02-26,1,1,72.0
2024-02-27,1,1,82.0
2024-02-28,1,1,100.0
2024-02-29,1,1,89.0
2024-03-01,1,1,73.0
2024-03-02,1,1,81.0
2024-03-03,1,1,78.0
2024-03-04,1,1,94.0
2024-03-05,1,1,81.0
2024-03-06,1,1,87.0
2024-03-07,1,1,82.0
2024-03-08,1,1,63.0
2024-03-09,1,1,80.0
2024-03-10,1,1,81.0
2024-03-11,1,1,84.0
2024-03-12,1,1,87.0
2024-03-13,1,1,75.0
2024-03-14,1,1,83.0
2024-03-15,1,1,77.0
2024-03-16,1,1,68.0
2024-03-17,1,1,77.0
2024-03-18,1,1,90.0
2024-03-19,1,1,113.0
2024-03-20,1,1,95.0
2024-03-21,1,1,92.0
2024-03-22,1,1,81.0
2024-03-23,1,1,56.0
2024-03-24,1,1,79.0
2024-03-25,1,1,86.0
2024-03-26,1,1,120.0
2024-03-27,1,1,91.0
2024-03-28,1,1,93.0
2024-03-29,1,1,82.0
2024-03-30,1,1,65.0
2024-03-31,1,1,94.0
2024-04-01,1,1,95.0
2024-04-02,1,1,101.0
2024-04-03,1,1,83.0
2024-04-04,1,1,106.0
2024-04-05,1,1,67.0
2024-04-06,1,1,86.0
2024-04-07,1,1,106.0
2024-04-08,1,1,105.93549405183855
2024-04-09,1,1,121.4726998461082
2024-04-10,1,1,134.18495913232883
2024-04-11,1,1,84.0
2024-04-12,1,1,65.0
2024-04-13,1,1,80.0
2024-04-14,1,1,68.0
2024-04-15,1,1,92.0
2024-04-16,1,1,82.0
2024-04-17,1,1,112.0
2024-04-18,1,1,81.0
2024-04-19,1,1,79.0
2024-04-20,1,1,88.0
2024-04-21,1,1,66.0
2024-04-22,1,1,89.0
2024-04-23,1,1,107.0
2024-04-24,1,1,75.0
2024-04-25,1,1,92.0
2024-04-26,1,1,86.0
2024-04-27,1,1,88.0
2024-04-28,1,1,66.0
2024-04-29,1,1,70.0
2024-04-30,1,1,98.0
2024-05-01,1,1,96.0
2024-05-02,1,1,92.0
2024-05-03,1,1,86.0
2024-05-04,1,1,70.0
2024-05-05,1,1,82.0
2024-05-06,1,1,88.0
2024-05-07,1,1,83.0
2024-05-08,1,1,114.0
2024-05-09,1,1,94.0
2024-05-10,1,1,67.0
2024-05-11,1,1,85.0
2024-05-12,1,1,67.0
2024-05-13,1,1,93.0
2024-05-14,1,1,103.0
2024-05-15,1,1,82.0
2024-05-16,1,1,98.0
2024-05-17,1,1,85.0
2024-05-18,1,1,86.0
2024-05-19,1,1,99.0
2024-05-20,1,1,80.0
2024-05-21,1,1,80.0
2024-05-22,1,1,80.0
2024-05-23,1,1,76.0
2024-05-24,1,1,78.0
2024-05-25,1,1,79.0
2024-05-26,1,1,79.0
2024-05-27,1,1,91.0
2024-05-28,1,1,88.0
2024-05-29,1,1,106.0
2024-05-30,1,1,81.0
2024-05-31,1,1,109.0
2024-06-01,1,1,81.0
2024-06-02,1,1,65.0
2024-06-03,1,1,68.0
2024-06-04,1,1,92.0
2024-06-05,1,1,85.0
2024-06-06,1,1,91.0
2024-06-07,1,1,82.0
2024-06-08,1,1,71.0
2024-06-09,1,1,63.0
2024-06-10,1,1,61.0
2024-06-11,1,1,79.0
2024-06-12,1,1,96.0
2024-06-13,1,1,84.0
2024-06-14,1,1,60.0
2024-06-15,1,1,72.0
2024-06-16,1,1,76.0
2024-06-17,1,1,67.0
2024-06-18,1,1,85.0
2024-06-19,1,1,85.0
2024-06-20,1,1,67.0
2024-06-21,1,1,77.0
2024-06-22,1,1,75.0
2024-06-23,1,1,83.0
2024-06-24,1,1,88.0
2024-06-25,1,1,65.0
2024-06-26,1,1,18.96394578307075
2024-06-27,1,1,22.12460341358254
2024-06-28,1,1,20.280886462450663
2024-06-29,1,1,19.227333918946734
2024-06-30,1,1,29.762859353986038
2024-07-01,1,1,81.0
2024-07-02,1,1,93.0
2024-07-03,1,1,92.0
2024-07-04,1,1,84.0
2024-07-05,1,1,66.0
2024-07-06,1,1,74.0
2024-07-07,1,1,58.0
2024-07-08,1,1,69.0
2024-07-09,1,1,72.0
2024-07-10,1,1,80.0
2024-07-11,1,1,102.0
2024-07-12,1,1,46.0
2024-07-13,1,1,72.0
2024-07-14,1,1,46.0
2024-07-15,1,1,65.0
2024-07-16,1,1,89.0
2024-07-17,1,1,78.0
2024-07-18,1,1,61.0
2024-07-19,1,1,58.0
2024-07-20,1,1,70.0
2024-07-21,1,1,55.0
2024-07-22,1,1,71.0
2024-07-23,1,1,75.0
2024-07-24,1,1,68.0
2024-07-25,1,1,96.0
2024-07-26,1,1,72.0
2024-07-27,1,1,37.0
2024-07-28,1,1,64.0
2024-07-29,1,1,60.0
2024-07-30,1,1,83.0
2024-07-31,1,1,65.0
2024-08-01,1,1,69.0
2024-08-02,1,1,69.0
2024-08-03,1,1,69.0
2024-08-04,1,1,46.0
2024-08-05,1,1,62.0
2024-08-06,1,1,66.0
2024-08-07,1,1,65.0
2024-08-08,1,1,89.0
2024-08-09,1,1,67.0
2024-08-10,1,1,43.0
2024-08-11,1,1,70.0
2024-08-12,1,1,89.0
2024-08-13,1,1,82.0
2024-08-14,1,1,54.0
2024-08-15,1,1,62.0
2024-08-16,1,1,75.0
2024-08-17,1,1,48.0
2024-08-18,1,1,63.0
2024-08-19,1,1,73.0
2024-08-20,1,1,58.0
2024-08-21,1,1,70.0
2024-08-22,1,1,29.0
2024-08-23,1,1,48.0
2024-08-24,1,1,53.0
2024-08-25,1,1,42.0
2024-08-26,1,1,82.0
2024-08-27,1,1,52.0
2024-08-28,1,1,65.0
2024-08-29,1,1,67.0
2024-08-30,1,1,76.0
2024-08-31,1,1,38.0
2024-09-01,1,1,70.0
2024-09-02,1,1,62.0
2024-09-03,1,1,56.0
2024-09-04,1,1,74.0
2024-09-05,1,1,67.0
2024-09-06,1,1,51.0
2024-09-07,1,1,55.0
2024-09-08,1,1,51.0
2024-09-09,1,1,63.0
2024-09-10,1,1,75.0
2024-09-11,1,1,87.0
2024-09-12,1,1,50.0
2024-09-13,1,1,83.0
2024-09-14,1,1,31.0
2024-09-15,1,1,53.0
2024-09-16,1,1,68.0
2024-09-17,1,1,70.0
2024-09-18,1,1,61.0
2024-09-19,1,1,62.0
2024-09-20,1,1,52.0
2024-09-21,1,1,47.0
2024-09-22,1,1,65.0
2024-09-23,1,1,65.0
2024-09-24,1,1,59.0
2024-09-25,1,1,79.0
2024-09-26,1,1,68.0
2024-09-27,1,1,67.0
2024-09-28,1,1,61.0
2024-09-29,1,1,46.0
2024-09-30,1,1,55.0
2024-10-01,1,1,76.0
2024-10-02,1,1,76.0
2024-10-03,1,1,64.0
2024-10-04,1,1,60.0
2024-10-05,1,1,69.0
2024-10-06,1,1,49.0
2024-10-07,1,1,68.0
2024-10-08,1,1,65.0
2024-10-09,1,1,67.0
2024-10-10,1,1,78.0
2024-10-11,1,1,68.0
2024-10-12,1,1,64.0
2024-10-13,1,1,72.0
2024-10-14,1,1,63.0
2024-10-15,1,1,76.0
2024-10-16,1,1,66.0
2024-10-17,1,1,70.0
2024-10-18,1,1,58.0
2024-10-19,1,1,57.0
2024-10-20,1,1,64.0
2024-10-21,1,1,54.0
2024-10-22,1,1,94.0
2024-10-23,1,1,59.0
2024-10-24,1,1,53.0
2024-10-25,1,1,74.0
2024-10-26,1,1,66.0
2024-10-27,1,1,66.0
2024-10-28,1,1,72.0
2024-10-29,1,1,71.0
2024-10-30,1,1,62.0
2024-10-31,1,1,69.0
2024-11-01,1,1,54.0
2024-11-02,1,1,70.0
2024-11-03,1,1,58.0
2024-11-04,1,1,56.0
2024-11-05,1,1,68.0
2024-11-06,1,1,79.0
2024-11-07,1,1,63.0
2024-11-08,1,1,54.0
2024-11-09,1,1,63.0
2024-11-10,1,1,64.0
2024-11-11,1,1,62.0
2024-11-12,1,1,68.0
2024-11-13,1,1,78.0
2024-11-14,1,1,55.0
2024-11-15,1,1,49.0
2024-11-16,1,1,53.0
2024-11-17,1,1,61.0
2024-11-18,1,1,73.0
2024-11-19,1,1,93.0
2024-11-20,1,1,87.0
2024-11-21,1,1,72.0
2024-11-22,1,1,67.0
2024-11-23,1,1,52.0
2024-11-24,1,1,65.0
2024-11-25,1,1,68.0
2024-11-26,1,1,81.0
2024-11-27,1,1,70.0
2024-11-28,1,1,82.0
2024-11-29,1,1,87.0
2024-11-30,1,1,64.0
2024-12-01,1,1,72.0
2024-12-02,1,1,82.0
2024-12-03,1,1,75.0
2024-12-04,1,1,84.0
2024-12-05,1,1,78.0
2024-12-06,1,1,73.0
2024-12-07,1,1,59.0
2024-12-08,1,1,70.0
2024-12-09,1,1,82.0
2024-12-10,1,1,99.0
2024-12-11,1,1,95.0
2024-12-12,1,1,105.0
2024-12-13,1,1,65.0
2024-12-14,1,1,80.0
2024-12-15,1,1,74.0
2024-12-16,1,1,104.0
2024-12-17,1,1,75.0
2024-12-18,1,1,76.0
2024-12-19,1,1,75.0
2024-12-20,1,1,52.0
2024-12-21,1,1,66.0
2024-12-22,1,1,65.0
2024-12-23,1,1,82.0
2024-12-24,1,1,91.0
2024-12-25,1,1,110.0
2024-12-26,1,1,96.0
2024-12-27,1,1,72.0
2024-12-28,1,1,64.0
2024-12-29,1,1,82.0
2024-12-30,1,1,68.0
2024-12-31,1,1,111.0
2025-01-01,1,1,105.0
2025-01-02,1,1,82.0
2025-01-03,1,1,61.0
2025-01-04,1,1,93.0
2025-01-05,1,1,78.0
2025-01-06,1,1,100.0
2025-01-07,1,1,73.0
2025-01-08,1,1,87.0
2025-01-09,1,1,90.0
2025-01-10,1,1,84.0
2025-01-11,1,1,75.0
2025-01-12,1,1,89.0
2025-01-13,1,1,75.0
2025-01-14,1,1,92.0
2025-01-15,1,1,97.0
2025-01-16,1,1,98.0
2025-01-17,1,1,94.0
2025-01-18,1,1,69.0
2025-01-19,1,1,66.0
2025-01-20,1,1,105.0
2025-01-21,1,1,100.0
2025-01-22,1,1,90.0
2025-01-23,1,1,113.0
2025-01-24,1,1,90.0
2025-01-25,1,1,98.0
2025-01-26,1,1,87.0
2025-01-27,1,1,117.0
2025-01-28,1,1,119.0
2025-01-29,1,1,98.0
2025-01-30,1,1,108.0
2025-01-31,1,1,98.0
2025-02-01,1,1,103.0
2025-02-02,1,1,77.0
2025-02-03,1,1,103.0
2025-02-04,1,1,113.0
2025-02-05,1,1,82.0
2025-02-06,1,1,85.0
2025-02-07,1,1,69.0
2025-02-08,1,1,86.0
2025-02-09,1,1,99.0
2025-02-10,1,1,114.0
2025-02-11,1,1,104.0
2025-02-12,1,1,124.0
2025-02-13,1,1,85.0
2025-02-14,1,1,75.0
2025-02-15,1,1,90.0
2025-02-16,1,1,97.0
2025-02-17,1,1,98.0
2025-02-18,1,1,81.0
2025-02-19,1,1,105.0
2025-02-20,1,1,87.0
2025-02-21,1,1,104.0
2025-02-22,1,1,97.0
2025-02-23,1,1,83.0
2025-02-24,1,1,94.0
2025-02-25,1,1,94.0
2025-02-26,1,1,107.0
2025-02-27,1,1,115.0
2025-02-28,1,1,86.0
2025-03-01,1,1,100.0
2025-03-02,1,1,89.0
2025-03-03,1,1,93.0
2025-03-04,1,1,107.0
2025-03-05,1,1,97.0
2025-03-06,1,1,99.0
2025-03-07,1,1,85.0
2025-03-08,1,1,118.0
2025-03-09,1,1,97.0
2025-03-10,1,1,95.0
2025-03-11,1,1,112.0
2025-03-12,1,1,109.0
2025-03-13,1,1,104.0
2025-03-14,1,1,107.0
2025-03-15,1,1,105.0
2025-03-16,1,1,92.0
2025-03-17,1,1,97.0
2025-03-18,1,1,107.0
2025-03-19,1,1,85.0
2025-03-20,1,1,90.0
2025-03-21,1,1,117.0
2025-03-22,1,1,116.0
2025-03-23,1,1,96.0
2025-03-24,1,1,112.0
2025-03-25,1,1,114.0
2025-03-26,1,1,148.0
2025-03-27,1,1,121.0
2025-03-28,1,1,100.0
2025-03-29,1,1,87.0
2025-03-30,1,1,81.0
2025-03-31,1,1,108.0
2025-04-01,1,1,103.0
2025-04-02,1,1,96.0
2025-04-03,1,1,101.0
2025-04-04,1,1,90.0
2025-04-05,1,1,118.0
2025-04-06,1,1,110.0
2025-04-07,1,1,106.0
2025-04-08,1,1,129.0
2025-04-09,1,1,114.0
2025-04-10,1,1,99.0
2025-04-11,1,1,120.0
2025-04-12,1,1,105.0
2025-04-13,1,1,88.0
2025-04-14,1,1,103.0
2025-04-15,1,1,101.0
2025-04-16,1,1,97.0
2025-04-17,1,1,120.0
2025-04-18,1,1,125.0
2025-04-19,1,1,82.0
2025-04-20,1,1,106.0
2025-04-21,1,1,98.0
2025-04-22,1,1,106.0
2025-04-23,1,1,106.0
2025-04-24,1,1,99.0
2025-04-25,1,1,103.0
2025-04-26,1,1,88.0
2025-04-27,1,1,102.0
2025-04-28,1,1,104.0
2025-04-29,1,1,108.0
2025-04-30,1,1,102.0
2025-05-01,1,1,101.0
2025-05-02,1,1,110.0
2025-05-03,1,1,103.0
2025-05-04,1,1,87.0
2025-05-05,1,1,106.0
2025-05-06,1,1,119.0
2025-05-07,1,1,92.0
2025-05-08,1,1,114.0
2025-05-09,1,1,93.0
2025-05-10,1,1,103.0
2025-05-11,1,1,89.0
2025-05-12,1,1,82.0
2025-05-13,1,1,90.0
2025-05-14,1,1,111.0
2025-05-15,1,1,109.0
2025-05-16,1,1,89.0
2025-05-17,1,1,103.0
2025-05-18,1,1,77.0
2025-05-19,1,1,102.0
2025-05-20,1,1,94.0
2025-05-21,1,1,102.0
2025-05-22,1,1,106.0
2025-05-23,1,1,88.0
2025-05-24,1,1,90.0
2025-05-25,1,1,107.0
2025-05-26,1,1,94.0
2025-05-27,1,1,117.0
2025-05-28,1,1,95.0
2025-05-29,1,1,110.0
2025-05-30,1,1,114.0
2025-05-31,1,1,64.0
2025-06-01,1,1,85.0
2025-06-02,1,1,107.0
2025-06-03,1,1,103.0
2025-06-04,1,1,111.0
2025-06-05,1,1,95.0
2025-06-06,1,1,97.0
2025-06-07,1,1,90.0
2025-06-08,1,1,106.0
2025-06-09,1,1,101.0
2025-06-10,1,1,108.0
2025-06-11,1,1,100.0
2025-06-12,1,1,95.0
2025-06-13,1,1,89.0
2025-06-14,1,1,94.0
2025-06-15,1,1,86.0
2025-06-16,1,1,100.0
2025-06-17,1,1,127.0
2025-06-18,1,1,114.0
2025-06-19,1,1,95.0
2025-06-20,1,1,106.0
2025-06-21,1,1,83.0
2025-06-22,1,1,66.0
2025-06-23,1,1,83.0
2025-06-24,1,1,79.0
2025-06-25,1,1,98.0
2025-06-26,1,1,98.0
2025-06-27,1,1,110.0
2025-06-28,1,1,90.0
2025-06-29,1,1,85.0
2025-06-30,1,1,103.0
2025-07-01,1,1,73.0
2025-07-02,1,1,103.0
2025-07-03,1,1,105.0
2025-07-04,1,1,72.0
2025-07-05,1,1,98.0
2025-07-06,1,1,90.0
2025-07-07,1,1,87.0
2025-07-08,1,1,105.0
2025-07-09,1,1,125.0
2025-07-10,1,1,96.0
2025-07-11,1,1,90.0
2025-07-12,1,1,78.0
2025-07-13,1,1,74.0
2025-07-14,1,1,100.0
2025-07-15,1,1,86.0
2025-07-16,1,1,98.0
2025-07-17,1,1,87.0
2025-07-18,1,1,91.0
2025-07-19,1,1,85.0
2025-07-20,1,1,95.0
2025-07-21,1,1,82.0
2025-07-22,1,1,91.0
2025-07-23,1,1,84.0
2025-07-24,1,1,86.0
2025-07-25,1,1,88.0
2025-07-26,1,1,89.0
2025-07-27,1,1,70.0
2025-07-28,1,1,97.0
2025-07-29,1,1,108.0
2025-07-30,1,1,98.0
2025-07-31,1,1,111.0
2025-08-01,1,1,74.0
2025-08-02,1,1,64.0
2025-08-03,1,1,59.0
2025-08-04,1,1,103.0
2025-08-05,1,1,99.0
2025-08-06,1,1,92.0
2025-08-07,1,1,91.0
2025-08-08,1,1,68.0
2025-08-09,1,1,105.0
2025-08-10,1,1,80.0
2025-08-11,1,1,85.0
2025-08-12,1,1,98.0
2025-08-13,1,1,97.0
2025-08-14,1,1,89.0
2025-08-15,1,1,71.0
2025-08-16,1,1,81.0
2025-08-17,1,1,99.0
2025-08-18,1,1,98.0
2025-08-19,1,1,107.0
2025-08-20,1,1,84.0
2025-08-21,1,1,74.0
2025-08-22,1,1,78.0
2025-08-23,1,1,75.0
2025-08-24,1,1,89.0
2025-08-25,1,1,62.0
2025-08-26,1,1,105.0
2025-08-27,1,1,87.0
2025-08-28,1,1,80.0
2025-08-29,1,1,66.0
2025-08-30,1,1,55.0
2025-08-31,1,1,85.0
2025-09-01,1,1,82.0
2025-09-02,1,1,72.0
2025-09-03,1,1,73.0
2025-09-04,1,1,80.0
2025-09-05,1,1,97.0
2025-09-06,1,1,70.0
2025-09-07,1,1,57.0
2025-09-08,1,1,78.0
2025-09-09,1,1,83.0
2025-09-10,1,1,56.0
2025-09-11,1,1,83.0
2025-09-12,1,1,74.0
2025-09-13,1,1,81.0
2025-09-14,1,1,96.0
2025-09-15,1,1,93.0
2025-09-16,1,1,83.0
2025-09-17,1,1,75.0
2025-09-18,1,1,113.0
2025-09-19,1,1,78.0
2025-09-20,1,1,73.0
2025-09-21,1,1,74.0
2025-09-22,1,1,82.0
2025-09-23,1,1,84.0
2025-09-24,1,1,81.0
2025-09-25,1,1,77.0
2025-09-26,1,1,77.0
2025-09-27,1,1,67.0
2025-09-28,1,1,66.0
2025-09-29,1,1,82.0
2025-09-30,1,1,83.0
2025-10-01,1,1,105.0
2025-10-02,1,1,53.0
2025-10-03,1,1,90.0
2025-10-04,1,1,88.0
2025-10-05,1,1,51.0
2025-10-06,1,1,77.0
2025-10-07,1,1,82.0
2025-10-08,1,1,72.0
2025-10-09,1,1,75.0
2025-10-10,1,1,65.0
2025-10-11,1,1,94.0
2025-10-12,1,1,86.0
2025-10-13,1,1,96.0
2025-10-14,1,1,96.0
2025-10-15,1,1,76.0
2025-10-16,1,1,79.0
2025-10-17,1,1,84.0
2025-10-18,1,1,61.0
2025-10-19,1,1,85.0
2025-10-20,1,1,80.0
2025-10-21,1,1,84.0
2025-10-22,1,1,98.0
2025-10-23,1,1,91.0
2025-10-24,1,1,76.0
2025-10-25,1,1,89.0
2025-10-26,1,1,65.0
2025-10-27,1,1,91.0
2025-10-28,1,1,97.0
2025-10-29,1,1,88.0
2025-10-30,1,1,91.0
2025-10-31,1,1,66.0
2025-11-01,1,1,88.0
2025-11-02,1,1,77.0
2025-11-03,1,1,79.0
2025-11-04,1,1,103.0
2025-11-05,1,1,85.0
2025-11-06,1,1,72.0
2025-11-07,1,1,64.0
2025-11-08,1,1,86.0
2025-11-09,1,1,65.0
2025-11-10,1,1,107.0
2025-11-11,1,1,68.0
2025-11-12,1,1,114.0
2025-11-13,1,1,93.0
2025-11-14,1,1,83.0
2025-11-15,1,1,74.0
2025-11-16,1,1,87.0
2025-11-17,1,1,88.0
2025-11-18,1,1,107.0
2025-11-19,1,1,98.0
2025-11-20,1,1,94.0
2025-11-21,1,1,82.0
2025-11-22,1,1,82.0
2025-11-23,1,1,88.0
2025-11-24,1,1,70.0
2025-11-25,1,1,81.0
2025-11-26,1,1,107.0
2025-11-27,1,1,96.0
2025-11-28,1,1,86.0
2025-11-29,1,1,85.0
2025-11-30,1,1,90.0
2025-12-01,1,1,86.0
2025-12-02,1,1,90.0
2025-12-03,1,1,103.0
2025-12-04,1,1,85.0
2025-12-05,1,1,95.0
2025-12-06,1,1,67.0
2025-12-07,1,1,100.0
2025-12-08,1,1,100.0
2025-12-09,1,1,104.0
2025-12-10,1,1,114.0
2025-12-11,1,1,118.0
2025-12-12,1,1,105.0
2025-12-13,1,1,68.0
2025-12-14,1,1,76.0
2025-12-15,1,1,90.0
2025-12-16,1,1,104.0
2025-12-17,1,1,111.0
2025-12-18,1,1,93.0
2025-12-19,1,1,97.0
2025-12-20,1,1,83.0
2025-12-21,1,1,86.0
2025-12-22,1,1,83.0
2025-12-23,1,1,95.0
2025-12-24,1,1,92.0
2025-12-25,1,1,92.0
2025-12-26,1,1,110.0
2025-12-27,1,1,83.0
2025-12-28,1,1,126.0
2025-12-29,1,1,108.0
2025-12-30,1,1,110.0
2024-01-01,1,2,126.0
2024-01-02,1,2,132.0
2024-01-03,1,2,159.0
2024-01-04,1,2,136.0
2024-01-05,1,2,128.0
2024-01-06,1,2,152.0
2024-01-07,1,2,143.0
2024-01-08,1,2,136.0
2024-01-09,1,2,149.0
2024-01-10,1,2,166.0
2024-01-11,1,2,152.0
2024-01-12,1,2,151.0
2024-01-13,1,2,144.0
2024-01-14,1,2,147.0
2024-01-15,1,2,146.0
2024-01-16,1,2,153.0
2024-01-17,1,2,157.0
2024-01-18,1,2,157.0
2024-01-19,1,2,143.0
2024-01-20,1,2,143.0
2024-01-21,1,2,142.0
2024-01-22,1,2,152.0
2024-01-23,1,2,147.0
2024-01-24,1,2,181.0
2024-01-25,1,2,150.0
2024-01-26,1,2,147.0
2024-01-27,1,2,140.0
2024-01-28,1,2,154.0
2024-01-29,1,2,154.0
2024-01-30,1,2,154.0
2024-01-31,1,2,169.0
2024-02-01,1,2,167.0
2024-02-02,1,2,154.0
2024-02-03,1,2,146.0
2024-02-04,1,2,172.0
2024-02-05,1,2,163.0
2024-02-06,1,2,155.0
2024-02-07,1,2,180.0
2024-02-08,1,2,158.0
2024-02-09,1,2,182.0
2024-02-10,1,2,156.0
2024-02-11,1,2,166.0
2024-02-12,1,2,146.0
2024-02-13,1,2,159.0
2024-02-14,1,2,183.0
2024-02-15,1,2,171.0
2024-02-16,1,2,180.0
2024-02-17,1,2,163.0
2024-02-18,1,2,162.0
2024-02-19,1,2,182.0
2024-02-20,1,2,182.0
2024-02-21,1,2,174.0
2024-02-22,1,2,163.0
2024-02-23,1,2,146.0
2024-02-24,1,2,159.0
2024-02-25,1,2,155.0
2024-02-26,1,2,192.0
2024-02-27,1,2,171.0
2024-02-28,1,2,173.0
2024-02-29,1,2,163.0
2024-03-01,1,2,167.0
2024-03-02,1,2,160.0
2024-03-03,1,2,182.0
2024-03-04,1,2,175.0
2024-03-05,1,2,180.0
2024-03-06,1,2,180.0
2024-03-07,1,2,184.0
2024-03-08,1,2,168.0
2024-03-09,1,2,174.0
2024-03-10,1,2,183.0
2024-03-11,1,2,180.0
2024-03-12,1,2,180.0
2024-03-13,1,2,176.0
2024-03-14,1,2,178.0
2024-03-15,1,2,179.0
2024-03-16,1,2,157.0
2024-03-17,1,2,179.0
2024-03-18,1,2,180.0
2024-03-19,1,2,183.0
2024-03-20,1,2,180.0
2024-03-21,1,2,178.0
2024-03-22,1,2,180.0
2024-03-23,1,2,171.0
2024-03-24,1,2,169.0
2024-03-25,1,2,183.0
2024-03-26,1,2,189.0
2024-03-27,1,2,176.0
2024-03-28,1,2,188.0
2024-03-29,1,2,197.0
2024-03-30,1,2,177.0
2024-03-31,1,2,160.0
2024-04-01,1,2,181.0
2024-04-02,1,2,171.0
2024-04-03,1,2,214.0
2024-04-04,1,2,202.0
2024-04-05,1,2,172.0
2024-04-06,1,2,154.0
2024-04-07,1,2,167.0
2024-04-08,1,2,179.0
2024-04-09,1,2,171.0
2024-04-10,1,2,187.0
2024-04-11,1,2,182.0
2024-04-12,1,2,178.0
2024-04-13,1,2,175.0
2024-04-14,1,2,166.0
2024-04-15,1,2,173.0
2024-04-16,1,2,186.0
2024-04-17,1,2,182.0
2024-04-18,1,2,191.0
2024-04-19,1,2,177.0
2024-04-20,1,2,188.0
2024-04-21,1,2,181.0
2024-04-22,1,2,188.0
2024-04-23,1,2,186.0
2024-04-24,1,2,187.0
2024-04-25,1,2,196.0
2024-04-26,1,2,172.0
2024-04-27,1,2,176.0
2024-04-28,1,2,170.0
2024-04-29,1,2,176.0
2024-04-30,1,2,174.0
2024-05-01,1,2,179.0
2024-05-02,1,2,173.0
2024-05-03,1,2,179.0
2024-05-04,1,2,178.0
2024-05-05,1,2,170.0
2024-05-06,1,2,178.0
2024-05-07,1,2,180.0
2024-05-08,1,2,176.0
2024-05-09,1,2,186.0
2024-05-10,1,2,177.0
2024-05-11,1,2,152.0
2024-05-12,1,2,166.0
2024-05-13,1,2,167.0
2024-05-14,1,2,176.0
2024-05-15,1,2,175.0
2024-05-16,1,2,176.0
2024-05-17,1,2,167.0
2024-05-18,1,2,162.0
2024-05-19,1,2,175.0
2024-05-20,1,2,176.0
2024-05-21,1,2,171.0
2024-05-22,1,2,173.0
2024-05-23,1,2,178.0
2024-05-24,1,2,171.0
2024-05-25,1,2,157.0
2024-05-26,1,2,161.0
2024-05-27,1,2,184.0
2024-05-28,1,2,169.0
2024-05-29,1,2,191.0
2024-05-30,1,2,180.0
2024-05-31,1,2,178.0
2024-06-01,1,2,154.0
2024-06-02,1,2,159.0
2024-06-03,1,2,162.0
2024-06-04,1,2,180.0
2024-06-05,1,2,167.0
2024-06-06,1,2,173.0
2024-06-07,1,2,166.0
2024-06-08,1,2,155.0
2024-06-09,1,2,167.0
2024-06-10,1,2,163.0
2024-06-11,1,2,174.0
2024-06-12,1,2,164.0
2024-06-13,1,2,157.0
2024-06-14,1,2,163.0
2024-06-15,1,2,156.0
2024-06-16,1,2,155.0
2024-06-17,1,2,155.0
2024-06-18,1,2,176.0
2024-06-19,1,2,155.0
2024-06-20,1,2,150.0
2024-06-21,1,2,161.0
2024-06-22,1,2,155.0
2024-06-23,1,2,152.0
2024-06-24,1,2,152.0
2024-06-25,1,2,164.0
2024-06-26,1,2,175.0
2024-06-27,1,2,177.0
2024-06-28,1,2,135.0
2024-06-29,1,2,141.0
2024-06-30,1,2,141.0
2024-07-01,1,2,164.0
2024-07-02,1,2,135.0
2024-07-03,1,2,161.0
2024-07-04,1,2,150.0
2024-07-05,1,2,159.0
2024-07-06,1,2,153.0
2024-07-07,1,2,144.0
2024-07-08,1,2,133.0
2024-07-09,1,2,147.0
2024-07-10,1,2,149.0
2024-07-11,1,2,137.0
2024-07-12,1,2,151.0
2024-07-13,1,2,125.0
2024-07-14,1,2,154.0
2024-07-15,1,2,159.0
2024-07-16,1,2,145.0
2024-07-17,1,2,152.0
2024-07-18,1,2,144.0
2024-07-19,1,2,145.0
2024-07-20,1,2,144.0
2024-07-21,1,2,136.0
2024-07-22,1,2,143.0
2024-07-23,1,2,139.0
2024-07-24,1,2,149.0
2024-07-25,1,2,142.0
2024-07-26,1,2,126.0
2024-07-27,1,2,129.0
2024-07-28,1,2,127.0
2024-07-29,1,2,130.0
2024-07-30,1,2,131.0
2024-07-31,1,2,142.0
2024-08-01,1,2,131.0
2024-08-02,1,2,127.0
2024-08-03,1,2,135.0
2024-08-04,1,2,132.0
2024-08-05,1,2,124.0
2024-08-06,1,2,140.0
2024-08-07,1,2,140.0
2024-08-08,1,2,148.0
2024-08-09,1,2,139.0
2024-08-10,1,2,110.0
2024-08-11,1,2,131.0
2024-08-12,1,2,140.0
2024-08-13,1,2,139.0
2024-08-14,1,2,133.0
2024-08-15,1,2,151.0
2024-08-16,1,2,130.0
2024-08-17,1,2,137.0
2024-08-18,1,2,133.0
2024-08-19,1,2,202.02783374712715
2024-08-20,1,2,195.85904493042096
2024-08-21,1,2,205.11222815548024
2024-08-22,1,2,195.85904493042096
2024-08-23,1,2,172.72608686777284
2024-08-24,1,2,189.69025611371478
2024-08-25,1,2,203.5700309513037
2024-08-26,1,2,188.14805890953826
2024-08-27,1,2,148.0
2024-08-28,1,2,118.0
2024-08-29,1,2,136.0
2024-08-30,1,2,134.0
2024-08-31,1,2,114.0
2024-09-01,1,2,116.0
2024-09-02,1,2,131.0
2024-09-03,1,2,132.0
2024-09-04,1,2,113.0
2024-09-05,1,2,118.0
2024-09-06,1,2,119.0
2024-09-07,1,2,103.0
2024-09-08,1,2,112.0
2024-09-09,1,2,110.0
2024-09-10,1,2,124.0
2024-09-11,1,2,125.0
2024-09-12,1,2,127.0
2024-09-13,1,2,117.0
2024-09-14,1,2,118.0
2024-09-15,1,2,118.0
2024-09-16,1,2,129.0
2024-09-17,1,2,133.0
2024-09-18,1,2,134.0
2024-09-19,1,2,149.0
2024-09-20,1,2,120.0
2024-09-21,1,2,135.0
2024-09-22,1,2,118.0
2024-09-23,1,2,119.0
2024-09-24,1,2,123.0
2024-09-25,1,2,140.0
2024-09-26,1,2,137.0
2024-09-27,1,2,122.0
2024-09-28,1,2,123.0
2024-09-29,1,2,104.0
2024-09-30,1,2,107.0
2024-10-01,1,2,137.0
2024-10-02,1,2,127.0
2024-10-03,1,2,130.0
2024-10-04,1,2,112.0
2024-10-05,1,2,127.0
2024-10-06,1,2,102.0
2024-10-07,1,2,110.0
2024-10-08,1,2,139.0
2024-10-09,1,2,107.0
2024-10-10,1,2,128.0
2024-10-11,1,2,118.0
2024-10-12,1,2,109.0
2024-10-13,1,2,115.0
2024-10-14,1,2,115.0
2024-10-15,1,2,141.0
2024-10-16,1,2,145.0
2024-10-17,1,2,121.0
2024-10-18,1,2,122.0
2024-10-19,1,2,105.0
2024-10-20,1,2,127.0
2024-10-21,1,2,133.0
2024-10-22,1,2,128.0
2024-10-23,1,2,132.0
2024-10-24,1,2,127.0
2024-10-25,1,2,109.0
2024-10-26,1,2,131.0
2024-10-27,1,2,114.0
2024-10-28,1,2,120.0
2024-10-29,1,2,131.0
2024-10-30,1,2,143.0
2024-10-31,1,2,126.0
2024-11-01,1,2,109.0
2024-11-02,1,2,114.0
2024-11-03,1,2,127.0
2024-11-04,1,2,147.0
2024-11-05,1,2,125.0
2024-11-06,1,2,126.0
2024-11-07,1,2,121.0
2024-11-08,1,2,114.0
2024-11-09,1,2,134.0
2024-11-10,1,2,139.0
2024-11-11,1,2,134.0
2024-11-12,1,2,135.0
2024-11-13,1,2,156.0
2024-11-14,1,2,139.0
2024-11-15,1,2,140.0
2024-11-16,1,2,124.0
2024-11-17,1,2,130.0
2024-11-18,1,2,126.0
2024-11-19,1,2,148.0
2024-11-20,1,2,146.0
2024-11-21,1,2,133.0
2024-11-22,1,2,128.0
2024-11-23,1,2,145.0
2024-11-24,1,2,150.0
2024-11-25,1,2,138.0
2024-11-26,1,2,147.0
2024-11-27,1,2,152.0
2024-11-28,1,2,146.0
2024-11-29,1,2,125.0
2024-11-30,1,2,140.0
2024-12-01,1,2,121.0
2024-12-02,1,2,138.0
2024-12-03,1,2,155.0
2024-12-04,1,2,158.0
2024-12-05,1,2,143.0
2024-12-06,1,2,140.0
2024-12-07,1,2,136.0
2024-12-08,1,2,142.0
2024-12-09,1,2,149.0
2024-12-10,1,2,161.0
2024-12-11,1,2,153.0
2024-12-12,1,2,157.0
2024-12-13,1,2,153.0
2024-12-14,1,2,147.0
2024-12-15,1,2,145.0
2024-12-16,1,2,155.0
2024-12-17,1,2,166.0
2024-12-18,1,2,169.0
2024-12-19,1,2,174.0
2024-12-20,1,2,145.0
2024-12-21,1,2,146.0
2024-12-22,1,2,139.0
2024-12-23,1,2,166.0
2024-12-24,1,2,162.0
2024-12-25,1,2,169.0
2024-12-26,1,2,159.0
2024-12-27,1,2,155.0
2024-12-28,1,2,165.0
2024-12-29,1,2,163.0
2024-12-30,1,2,163.0
2024-12-31,1,2,176.0
2025-01-01,1,2,179.0
2025-01-02,1,2,166.0
2025-01-03,1,2,151.0
2025-01-04,1,2,152.0
2025-01-05,1,2,151.0
2025-01-06,1,2,178.0
2025-01-07,1,2,186.0
2025-01-08,1,2,190.0
2025-01-09,1,2,157.0
2025-01-10,1,2,177.0
2025-01-11,1,2,183.0
2025-01-12,1,2,176.0
2025-01-13,1,2,156.0
2025-01-14,1,2,195.0
2025-01-15,1,2,182.0
2025-01-16,1,2,177.0
2025-01-17,1,2,177.0
2025-01-18,1,2,161.0
2025-01-19,1,2,172.0
2025-01-20,1,2,192.0
2025-01-21,1,2,190.0
2025-01-22,1,2,187.0
2025-01-23,1,2,184.0
2025-01-24,1,2,168.0
2025-01-25,1,2,173.0
2025-01-26,1,2,163.0
2025-01-27,1,2,191.0
2025-01-28,1,2,171.0
2025-01-29,1,2,198.0
2025-01-30,1,2,196.0
2025-01-31,1,2,193.0
2025-02-01,1,2,180.0
2025-02-02,1,2,188.0
2025-02-03,1,2,186.0
2025-02-04,1,2,184.0
2025-02-05,1,2,208.0
2025-02-06,1,2,191.0
2025-02-07,1,2,175.0
2025-02-08,1,2,179.0
2025-02-09,1,2,181.0
2025-02-10,1,2,195.0
2025-02-11,1,2,217.0
2025-02-12,1,2,204.0
2025-02-13,1,2,198.0
2025-02-14,1,2,211.0
2025-02-15,1,2,195.0
2025-02-16,1,2,191.0
2025-02-17,1,2,191.0
2025-02-18,1,2,204.0
2025-02-19,1,2,203.0
2025-02-20,1,2,200.0
2025-02-21,1,2,205.0
2025-02-22,1,2,186.0
2025-02-23,1,2,196.0
2025-02-24,1,2,206.0
2025-02-25,1,2,199.0
2025-02-26,1,2,200.0
2025-02-27,1,2,202.0
2025-02-28,1,2,193.0
2025-03-01,1,2,203.0
2025-03-02,1,2,187.0
2025-03-03,1,2,202.0
2025-03-04,1,2,229.0
2025-03-05,1,2,213.0
2025-03-06,1,2,210.0
2025-03-07,1,2,209.0
2025-03-08,1,2,192.0
2025-03-09,1,2,189.0
2025-03-10,1,2,205.0
2025-03-11,1,2,212.0
2025-03-12,1,2,198.0
2025-03-13,1,2,211.0
2025-03-14,1,2,211.0
2025-03-15,1,2,190.0
2025-03-16,1,2,203.0
2025-03-17,1,2,213.0
2025-03-18,1,2,216.0
2025-03-19,1,2,219.0
2025-03-20,1,2,207.0
2025-03-21,1,2,194.0
2025-03-22,1,2,196.0
2025-03-23,1,2,196.0
2025-03-24,1,2,206.0
2025-03-25,1,2,222.0
2025-03-26,1,2,204.0
2025-03-27,1,2,212.0
2025-03-28,1,2,196.0
2025-03-29,1,2,194.0
2025-03-30,1,2,207.0
2025-03-31,1,2,198.0
2025-04-01,1,2,220.0
2025-04-02,1,2,204.0
2025-04-03,1,2,217.0
2025-04-04,1,2,192.0
2025-04-05,1,2,196.0
2025-04-06,1,2,218.0
2025-04-07,1,2,223.0
2025-04-08,1,2,211.0
2025-04-09,1,2,219.0
2025-04-10,1,2,222.0
2025-04-11,1,2,211.0
2025-04-12,1,2,199.0
2025-04-13,1,2,196.0
2025-04-14,1,2,215.0
2025-04-15,1,2,223.0
2025-04-16,1,2,229.0
2025-04-17,1,2,197.0
2025-04-18,1,2,194.0
2025-04-19,1,2,210.0
2025-04-20,1,2,189.0
2025-04-21,1,2,218.0
2025-04-22,1,2,211.0
2025-04-23,1,2,210.0
2025-04-24,1,2,212.0
2025-04-25,1,2,192.0
2025-04-26,1,2,206.0
2025-04-27,1,2,215.0
2025-04-28,1,2,214.0
2025-04-29,1,2,210.0
2025-04-30,1,2,200.0
2025-05-01,1,2,196.0
2025-05-02,1,2,191.0
2025-05-03,1,2,198.0
2025-05-04,1,2,200.0
2025-05-05,1,2,212.0
2025-05-06,1,2,195.0
2025-05-07,1,2,222.0
2025-05-08,1,2,213.0
2025-05-09,1,2,198.0
2025-05-10,1,2,186.0
2025-05-11,1,2,208.0
2025-05-12,1,2,200.0
2025-05-13,1,2,306.04059901436983
2025-05-14,1,2,311.9259951492616
2025-05-15,1,2,289.8557596434176
2025-05-16,1,2,288.38441060969467
2025-05-17,1,2,295.74115577830935
2025-05-18,1,2,295.74115577830935
2025-05-19,1,2,303.09790094692397
2025-05-20,1,2,288.38441060969467
2025-05-21,1,2,204.0
2025-05-22,1,2,199.0
2025-05-23,1,2,199.0
2025-05-24,1,2,194.0
2025-05-25,1,2,193.0
2025-05-26,1,2,218.0
2025-05-27,1,2,200.0
2025-05-28,1,2,200.0
2025-05-29,1,2,189.0
2025-05-30,1,2,179.0
2025-05-31,1,2,178.0
2025-06-01,1,2,183.0
2025-06-02,1,2,205.0
2025-06-03,1,2,199.0
2025-06-04,1,2,202.0
2025-06-05,1,2,195.0
2025-06-06,1,2,192.0
2025-06-07,1,2,196.0
2025-06-08,1,2,169.0
2025-06-09,1,2,201.0
2025-06-10,1,2,175.0
2025-06-11,1,2,197.0
2025-06-12,1,2,210.0
2025-06-13,1,2,191.0
2025-06-14,1,2,184.0
2025-06-15,1,2,198.0
2025-06-16,1,2,181.0
2025-06-17,1,2,196.0
2025-06-18,1,2,198.0
2025-06-19,1,2,184.0
2025-06-20,1,2,178.0
2025-06-21,1,2,172.0
2025-06-22,1,2,179.0
2025-06-23,1,2,188.0
2025-06-24,1,2,189.0
2025-06-25,1,2,195.0
2025-06-26,1,2,168.0
2025-06-27,1,2,176.0
2025-06-28,1,2,165.0
2025-06-29,1,2,176.0
2025-06-30,1,2,181.0
2025-07-01,1,2,183.0
2025-07-02,1,2,189.0
2025-07-03,1,2,189.0
2025-07-04,1,2,173.0
2025-07-05,1,2,160.0
2025-07-06,1,2,157.0
2025-07-07,1,2,176.0
2025-07-08,1,2,182.0
2025-07-09,1,2,173.0
2025-07-10,1,2,183.0
2025-07-11,1,2,166.0
2025-07-12,1,2,152.0
2025-07-13,1,2,177.0
2025-07-14,1,2,181.0
2025-07-15,1,2,160.0
2025-07-16,1,2,173.0
2025-07-17,1,2,168.0
2025-07-18,1,2,180.0
2025-07-19,1,2,161.0
2025-07-20,1,2,150.0
2025-07-21,1,2,175.0
2025-07-22,1,2,163.0
2025-07-23,1,2,172.0
2025-07-24,1,2,163.0
2025-07-25,1,2,158.0
2025-07-26,1,2,166.0
2025-07-27,1,2,172.0
2025-07-28,1,2,153.0
2025-07-29,1,2,175.0
2025-07-30,1,2,164.0
2025-07-31,1,2,160.0
2025-08-01,1,2,163.0
2025-08-02,1,2,146.0
2025-08-03,1,2,159.0
2025-08-04,1,2,167.0
2025-08-05,1,2,162.0
2025-08-06,1,2,178.0
2025-08-07,1,2,152.0
2025-08-08,1,2,167.0
2025-08-09,1,2,135.0
2025-08-10,1,2,175.0
2025-08-11,1,2,154.0
2025-08-12,1,2,153.0
2025-08-13,1,2,162.0
2025-08-14,1,2,151.0
2025-08-15,1,2,156.0
2025-08-16,1,2,160.0
2025-08-17,1,2,141.0
2025-08-18,1,2,160.0
2025-08-19,1,2,148.0
2025-08-20,1,2,170.0
2025-08-21,1,2,161.0
2025-08-22,1,2,159.0
2025-08-23,1,2,145.0
2025-08-24,1,2,144.0
2025-08-25,1,2,160.0
2025-08-26,1,2,147.0
2025-08-27,1,2,145.0
2025-08-28,1,2,155.0
2025-08-29,1,2,145.0
2025-08-30,1,2,149.0
2025-08-31,1,2,154.0
2025-09-01,1,2,155.0
2025-09-02,1,2,165.0
2025-09-03,1,2,160.0
2025-09-04,1,2,158.0
2025-09-05,1,2,146.0
2025-09-06,1,2,147.0
2025-09-07,1,2,145.0
2025-09-08,1,2,152.0
2025-09-09,1,2,154.0
2025-09-10,1,2,163.0
2025-09-11,1,2,146.0
2025-09-12,1,2,146.0
2025-09-13,1,2,153.0
2025-09-14,1,2,135.0
2025-09-15,1,2,131.0
2025-09-16,1,2,157.0
2025-09-17,1,2,153.0
2025-09-18,1,2,160.0
2025-09-19,1,2,144.0
2025-09-20,1,2,136.0
2025-09-21,1,2,142.0
2025-09-22,1,2,157.0
2025-09-23,1,2,159.0
2025-09-24,1,2,135.0
2025-09-25,1,2,153.0
2025-09-26,1,2,147.0
2025-09-27,1,2,141.0
2025-09-28,1,2,137.0
2025-09-29,1,2,158.0
2025-09-30,1,2,164.0
2025-10-01,1,2,137.0
2025-10-02,1,2,145.0
2025-10-03,1,2,144.0
2025-10-04,1,2,150.0
2025-10-05,1,2,143.0
2025-10-06,1,2,143.0
2025-10-07,1,2,161.0
2025-10-08,1,2,155.0
2025-10-09,1,2,152.0
2025-10-10,1,2,146.0
2025-10-11,1,2,147.0
2025-10-12,1,2,142.0
2025-10-13,1,2,156.0
2025-10-14,1,2,156.0
2025-10-15,1,2,149.0
2025-10-16,1,2,154.0
2025-10-17,1,2,140.0
2025-10-18,1,2,145.0
2025-10-19,1,2,153.0
2025-10-20,1,2,143.0
2025-10-21,1,2,161.0
2025-10-22,1,2,153.0
2025-10-23,1,2,158.0
2025-10-24,1,2,157.0
2025-10-25,1,2,129.0
2025-10-26,1,2,139.0
2025-10-27,1,2,151.0
2025-10-28,1,2,163.0
2025-10-29,1,2,161.0
2025-10-30,1,2,158.0
2025-10-31,1,2,169.0
2025-11-01,1,2,139.0
2025-11-02,1,2,160.0
2025-11-03,1,2,154.0
2025-11-04,1,2,168.0
2025-11-05,1,2,183.0
2025-11-06,1,2,167.0
2025-11-07,1,2,159.0
2025-11-08,1,2,165.0
2025-11-09,1,2,163.0
2025-11-10,1,2,153.0
2025-11-11,1,2,169.0
2025-11-12,1,2,154.0
2025-11-13,1,2,160.0
2025-11-14,1,2,161.0
2025-11-15,1,2,150.0
2025-11-16,1,2,160.0
2025-11-17,1,2,164.0
2025-11-18,1,2,174.0
2025-11-19,1,2,168.0
2025-11-20,1,2,161.0
2025-11-21,1,2,175.0
2025-11-22,1,2,155.0
2025-11-23,1,2,167.0
2025-11-24,1,2,179.0
2025-11-25,1,2,175.0
2025-11-26,1,2,169.0
2025-11-27,1,2,171.0
2025-11-28,1,2,175.0
2025-11-29,1,2,165.0
2025-11-30,1,2,155.0
2025-12-01,1,2,177.0
2025-12-02,1,2,185.0
2025-12-03,1,2,177.0
2025-12-04,1,2,182.0
2025-12-05,1,2,173.0
2025-12-06,1,2,166.0
2025-12-07,1,2,159.0
2025-12-08,1,2,185.0
2025-12-09,1,2,189.0
2025-12-10,1,2,190.0
2025-12-11,1,2,194.0
2025-12-12,1,2,184.0
2025-12-13,1,2,178.0
2025-12-14,1,2,156.0
2025-12-15,1,2,191.0
2025-12-16,1,2,188.0
2025-12-17,1,2,192.0
2025-12-18,1,2,189.0
2025-12-19,1,2,187.0
2025-12-20,1,2,187.0
2025-12-21,1,2,185.0
2025-12-22,1,2,190.0
2025-12-23,1,2,194.0
2025-12-24,1,2,167.0
2025-12-25,1,2,189.0
2025-12-26,1,2,178.0
2025-12-27,1,2,192.0
2025-12-28,1,2,190.0
2025-12-29,1,2,187.0
2025-12-30,1,2,194.0
2024-01-01,1,3,133.0
2024-01-02,1,3,136.0
2024-01-03,1,3,164.0
2024-01-04,1,3,157.0
2024-01-05,1,3,143.0
2024-01-06,1,3,130.0
2024-01-07,1,3,118.0
2024-01-08,1,3,143.0
2024-01-09,1,3,147.0
2024-01-10,1,3,162.0
2024-01-11,1,3,154.0
2024-01-12,1,3,125.0
2024-01-13,1,3,134.0
2024-01-14,1,3,134.0
2024-01-15,1,3,113.0
2024-01-16,1,3,158.0
2024-01-17,1,3,150.0
2024-01-18,1,3,139.0
2024-01-19,1,3,127.0
2024-01-20,1,3,127.0
2024-01-21,1,3,136.0
2024-01-22,1,3,130.0
2024-01-23,1,3,156.0
2024-01-24,1,3,163.0
2024-01-25,1,3,168.0
2024-01-26,1,3,129.0
2024-01-27,1,3,129.0
2024-01-28,1,3,138.0
2024-01-29,1,3,158.0
2024-01-30,1,3,155.0
2024-01-31,1,3,173.0
2024-02-01,1,3,136.0
2024-02-02,1,3,131.0
2024-02-03,1,3,139.0
2024-02-04,1,3,125.0
2024-02-05,1,3,139.0
2024-02-06,1,3,156.0
2024-02-07,1,3,172.0
2024-02-08,1,3,139.0
2024-02-09,1,3,148.0
2024-02-10,1,3,149.0
2024-02-11,1,3,140.0
2024-02-12,1,3,150.0
2024-02-13,1,3,168.0
2024-02-14,1,3,166.0
2024-02-15,1,3,174.0
2024-02-16,1,3,138.0
2024-02-17,1,3,141.0
2024-02-18,1,3,147.0
2024-02-19,1,3,152.0
2024-02-20,1,3,140.0
2024-02-21,1,3,169.0
2024-02-22,1,3,172.0
2024-02-23,1,3,159.0
2024-02-24,1,3,148.0
2024-02-25,1,3,137.0
2024-02-26,1,3,162.0
2024-02-27,1,3,164.0
2024-02-28,1,3,176.0
2024-02-29,1,3,167.0
2024-03-01,1,3,145.0
2024-03-02,1,3,138.0
2024-03-03,1,3,153.0
2024-03-04,1,3,159.0
2024-03-05,1,3,164.0
2024-03-06,1,3,166.0
2024-03-07,1,3,165.0
2024-03-08,1,3,171.0
2024-03-09,1,3,143.0
2024-03-10,1,3,151.0
2024-03-11,1,3,163.0
2024-03-12,1,3,163.0
2024-03-13,1,3,160.0
2024-03-14,1,3,159.0
2024-03-15,1,3,159.0
2024-03-16,1,3,151.0
2024-03-17,1,3,159.0
2024-03-18,1,3,165.0
2024-03-19,1,3,174.0
2024-03-20,1,3,172.0
2024-03-21,1,3,178.0
2024-03-22,1,3,149.0
2024-03-23,1,3,140.0
2024-03-24,1,3,159.0
2024-03-25,1,3,152.0
2024-03-26,1,3,198.0
2024-03-27,1,3,179.0
2024-03-28,1,3,174.0
2024-03-29,1,3,151.0
2024-03-30,1,3,148.0
2024-03-31,1,3,150.0
2024-04-01,1,3,160.0
2024-04-02,1,3,182.0
2024-04-03,1,3,174.0
2024-04-04,1,3,180.0
2024-04-05,1,3,184.0
2024-04-06,1,3,149.0
2024-04-07,1,3,155.0
2024-04-08,1,3,168.0
2024-04-09,1,3,193.0
2024-04-10,1,3,177.0
2024-04-11,1,3,163.0
2024-04-12,1,3,146.0
2024-04-13,1,3,150.0
2024-04-14,1,3,149.0
2024-04-15,1,3,183.0
2024-04-16,1,3,192.0
2024-04-17,1,3,168.0
2024-04-18,1,3,163.0
2024-04-19,1,3,158.0
2024-04-20,1,3,163.0
2024-04-21,1,3,153.0
2024-04-22,1,3,157.0
2024-04-23,1,3,173.0
2024-04-24,1,3,170.0
2024-04-25,1,3,174.0
2024-04-26,1,3,150.0
2024-04-27,1,3,144.0
2024-04-28,1,3,162.0
2024-04-29,1,3,154.0
2024-04-30,1,3,159.0
2024-05-01,1,3,176.0
2024-05-02,1,3,164.0
2024-05-03,1,3,160.0
2024-05-04,1,3,150.0
2024-05-05,1,3,149.0
2024-05-06,1,3,159.0
2024-05-07,1,3,163.0
2024-05-08,1,3,174.0
2024-05-09,1,3,173.0
2024-05-10,1,3,143.0
2024-05-11,1,3,145.0
2024-05-12,1,3,157.0
2024-05-13,1,3,162.0
2024-05-14,1,3,181.0
2024-05-15,1,3,165.0
2024-05-16,1,3,145.0
2024-05-17,1,3,152.0
2024-05-18,1,3,146.0
2024-05-19,1,3,158.0
2024-05-20,1,3,166.0
2024-05-21,1,3,171.0
2024-05-22,1,3,175.0
2024-05-23,1,3,276.64887469137244
2024-05-24,1,3,238.12814530396616
2024-05-25,1,3,246.8828565283767
2024-05-26,1,3,151.0
2024-05-27,1,3,158.0
2024-05-28,1,3,170.0
2024-05-29,1,3,161.0
2024-05-30,1,3,154.0
2024-05-31,1,3,149.0
2024-06-01,1,3,131.0
2024-06-02,1,3,134.0
2024-06-03,1,3,152.0
2024-06-04,1,3,167.0
2024-06-05,1,3,160.0
2024-06-06,1,3,143.0
2024-06-07,1,3,134.0
2024-06-08,1,3,135.0
2024-06-09,1,3,137.0
2024-06-10,1,3,148.0
2024-06-11,1,3,161.0
2024-06-12,1,3,158.0
2024-06-13,1,3,153.0
2024-06-14,1,3,137.0
2024-06-15,1,3,141.0
2024-06-16,1,3,145.0
2024-06-17,1,3,131.0
2024-06-18,1,3,150.0
2024-06-19,1,3,155.0
2024-06-20,1,3,144.0
2024-06-21,1,3,151.0
2024-06-22,1,3,128.0
2024-06-23,1,3,121.0
2024-06-24,1,3,144.0
2024-06-25,1,3,151.0
2024-06-26,1,3,154.0
2024-06-27,1,3,160.0
2024-06-28,1,3,134.0
2024-06-29,1,3,119.0
2024-06-30,1,3,106.0
2024-07-01,1,3,133.0
2024-07-02,1,3,157.0
2024-07-03,1,3,146.0
2024-07-04,1,3,118.0
2024-07-05,1,3,122.0
2024-07-06,1,3,128.0
2024-07-07,1,3,126.0
2024-07-08,1,3,123.0
2024-07-09,1,3,136.0
2024-07-10,1,3,140.0
2024-07-11,1,3,129.0
2024-07-12,1,3,104.0
2024-07-13,1,3,122.0
2024-07-14,1,3,129.0
2024-07-15,1,3,113.0
2024-07-16,1,3,149.0
2024-07-17,1,3,139.0
2024-07-18,1,3,143.0
2024-07-19,1,3,120.0
2024-07-20,1,3,113.0
2024-07-21,1,3,117.0
2024-07-22,1,3,116.0
2024-07-23,1,3,145.0
2024-07-24,1,3,126.0
2024-07-25,1,3,125.0
2024-07-26,1,3,121.0
2024-07-27,1,3,103.0
2024-07-28,1,3,117.0
2024-07-29,1,3,133.0
2024-07-30,1,3,140.0
2024-07-31,1,3,115.0
2024-08-01,1,3,126.0
2024-08-02,1,3,122.0
2024-08-03,1,3,92.0
2024-08-04,1,3,114.0
2024-08-05,1,3,124.0
2024-08-06,1,3,116.0
2024-08-07,1,3,138.0
2024-08-08,1,3,125.0
2024-08-09,1,3,116.0
2024-08-10,1,3,92.0
2024-08-11,1,3,105.0
2024-08-12,1,3,98.0
2024-08-13,1,3,103.0
2024-08-14,1,3,128.0
2024-08-15,1,3,130.0
2024-08-16,1,3,109.0
2024-08-17,1,3,98.0
2024-08-18,1,3,99.0
2024-08-19,1,3,103.0
2024-08-20,1,3,120.0
2024-08-21,1,3,128.0
2024-08-22,1,3,113.0
2024-08-23,1,3,111.0
2024-08-24,1,3,98.0
2024-08-25,1,3,102.0
2024-08-26,1,3,118.0
2024-08-27,1,3,115.0
2024-08-28,1,3,129.0
2024-08-29,1,3,111.0
2024-08-30,1,3,106.0
2024-08-31,1,3,88.0
2024-09-01,1,3,88.0
2024-09-02,1,3,108.0
2024-09-03,1,3,100.0
2024-09-04,1,3,118.0
2024-09-05,1,3,98.0
2024-09-06,1,3,108.0
2024-09-07,1,3,103.0
2024-09-08,1,3,87.0
2024-09-09,1,3,110.0
2024-09-10,1,3,125.0
2024-09-11,1,3,128.0
2024-09-12,1,3,114.0
2024-09-13,1,3,106.0
2024-09-14,1,3,86.0
2024-09-15,1,3,95.0
2024-09-16,1,3,101.0
2024-09-17,1,3,109.0
2024-09-18,1,3,119.0
2024-09-19,1,3,114.0
2024-09-20,1,3,110.0
2024-09-21,1,3,93.0
2024-09-22,1,3,100.0
2024-09-23,1,3,111.0
2024-09-24,1,3,141.0
2024-09-25,1,3,101.0
2024-09-26,1,3,104.0
2024-09-27,1,3,112.0
2024-09-28,1,3,87.0
2024-09-29,1,3,102.0
2024-09-30,1,3,106.0
2024-10-01,1,3,135.0
2024-10-02,1,3,107.0
2024-10-03,1,3,122.0
2024-10-04,1,3,115.0
2024-10-05,1,3,81.0
2024-10-06,1,3,101.0
2024-10-07,1,3,95.0
2024-10-08,1,3,116.0
2024-10-09,1,3,116.0
2024-10-10,1,3,88.0
2024-10-11,1,3,103.0
2024-10-12,1,3,93.0
2024-10-13,1,3,108.0
2024-10-14,1,3,111.0
2024-10-15,1,3,138.0
2024-10-16,1,3,120.0
2024-10-17,1,3,111.0
2024-10-18,1,3,98.0
2024-10-19,1,3,88.0
2024-10-20,1,3,74.0
2024-10-21,1,3,104.0
2024-10-22,1,3,98.0
2024-10-23,1,3,125.0
2024-10-24,1,3,101.0
2024-10-25,1,3,93.0
2024-10-26,1,3,88.0
2024-10-27,1,3,95.0
2024-10-28,1,3,108.0
2024-10-29,1,3,129.0
2024-10-30,1,3,117.0
2024-10-31,1,3,119.0
2024-11-01,1,3,129.0
2024-11-02,1,3,100.0
2024-11-03,1,3,97.0
2024-11-04,1,3,103.0
2024-11-05,1,3,119.0
2024-11-06,1,3,116.0
2024-11-07,1,3,120.0
2024-11-08,1,3,106.0
2024-11-09,1,3,78.0
2024-11-10,1,3,101.0
2024-11-11,1,3,123.0
2024-11-12,1,3,120.0
2024-11-13,1,3,121.0
2024-11-14,1,3,107.0
2024-11-15,1,3,90.0
2024-11-16,1,3,109.0
2024-11-17,1,3,102.0
2024-11-18,1,3,123.0
2024-11-19,1,3,141.0
2024-11-20,1,3,138.0
2024-11-21,1,3,117.0
2024-11-22,1,3,112.0
2024-11-23,1,3,98.0
2024-11-24,1,3,100.0
2024-11-25,1,3,122.0
2024-11-26,1,3,122.0
2024-11-27,1,3,112.0
2024-11-28,1,3,117.0
2024-11-29,1,3,111.0
2024-11-30,1,3,122.0
2024-12-01,1,3,106.0
2024-12-02,1,3,127.0
2024-12-03,1,3,131.0
2024-12-04,1,3,148.0
2024-12-05,1,3,140.0
2024-12-06,1,3,129.0
2024-12-07,1,3,94.0
2024-12-08,1,3,116.0
2024-12-09,1,3,133.0
2024-12-10,1,3,140.0
2024-12-11,1,3,146.0
2024-12-12,1,3,134.0
2024-12-13,1,3,114.0
2024-12-14,1,3,98.0
2024-12-15,1,3,112.0
2024-12-16,1,3,155.0
2024-12-17,1,3,136.0
2024-12-18,1,3,125.0
2024-12-19,1,3,144.0
2024-12-20,1,3,133.0
2024-12-21,1,3,131.0
2024-12-22,1,3,126.0
2024-12-23,1,3,141.0
2024-12-24,1,3,162.0
2024-12-25,1,3,141.0
2024-12-26,1,3,132.0
2024-12-27,1,3,119.0
2024-12-28,1,3,120.0
2024-12-29,1,3,139.0
2024-12-30,1,3,142.0
2024-12-31,1,3,153.0
2025-01-01,1,3,134.0
2025-01-02,1,3,138.0
2025-01-03,1,3,116.0
2025-01-04,1,3,137.0
2025-01-05,1,3,145.0
2025-01-06,1,3,148.0
2025-01-07,1,3,143.0
2025-01-08,1,3,170.0
2025-01-09,1,3,146.0
2025-01-10,1,3,126.0
2025-01-11,1,3,121.0
2025-01-12,1,3,129.0
2025-01-13,1,3,145.0
2025-01-14,1,3,155.0
2025-01-15,1,3,146.0
2025-01-16,1,3,164.0
2025-01-17,1,3,140.0
2025-01-18,1,3,127.0
2025-01-19,1,3,148.0
2025-01-20,1,3,137.0
2025-01-21,1,3,144.0
2025-01-22,1,3,175.0
2025-01-23,1,3,174.0
2025-01-24,1,3,140.0
2025-01-25,1,3,137.0
2025-01-26,1,3,130.0
2025-01-27,1,3,152.0
2025-01-28,1,3,159.0
2025-01-29,1,3,166.0
2025-01-30,1,3,164.0
2025-01-31,1,3,138.0
2025-02-01,1,3,138.0
2025-02-02,1,3,127.0
2025-02-03,1,3,152.0
2025-02-04,1,3,166.0
2025-02-05,1,3,172.0
2025-02-06,1,3,165.0
2025-02-07,1,3,160.0
2025-02-08,1,3,130.0
2025-02-09,1,3,133.0
2025-02-10,1,3,164.0
2025-02-11,1,3,151.0
2025-02-12,1,3,175.0
2025-02-13,1,3,155.0
2025-02-14,1,3,169.0
2025-02-15,1,3,150.0
2025-02-16,1,3,148.0
2025-02-17,1,3,173.0
2025-02-18,1,3,163.0
2025-02-19,1,3,168.0
2025-02-20,1,3,157.0
2025-02-21,1,3,149.0
2025-02-22,1,3,151.0
2025-02-23,1,3,158.0
2025-02-24,1,3,173.0
2025-02-25,1,3,158.0
2025-02-26,1,3,177.0
2025-02-27,1,3,161.0
2025-02-28,1,3,158.0
2025-03-01,1,3,175.0
2025-03-02,1,3,158.0
2025-03-03,1,3,175.0
2025-03-04,1,3,196.0
2025-03-05,1,3,191.0
2025-03-06,1,3,169.0
2025-03-07,1,3,149.0
2025-03-08,1,3,154.0
2025-03-09,1,3,60.437759209716155
2025-03-10,1,3,61.23299288352821
2025-03-11,1,3,71.96864747999095
2025-03-12,1,3,73.55911482761506
2025-03-13,1,3,76.34243268595725
2025-03-14,1,3,63.618693904964374
2025-03-15,1,3,158.0
2025-03-16,1,3,152.0
2025-03-17,1,3,178.0
2025-03-18,1,3,179.0
2025-03-19,1,3,172.0
2025-03-20,1,3,176.0
2025-03-21,1,3,168.0
2025-03-22,1,3,159.0
2025-03-23,1,3,169.0
2025-03-24,1,3,157.0
2025-03-25,1,3,173.0
2025-03-26,1,3,190.0
2025-03-27,1,3,170.0
2025-03-28,1,3,167.0
2025-03-29,1,3,134.0
2025-03-30,1,3,186.0
2025-03-31,1,3,168.0
2025-04-01,1,3,193.0
2025-04-02,1,3,181.0
2025-04-03,1,3,181.0
2025-04-04,1,3,179.0
2025-04-05,1,3,168.0
2025-04-06,1,3,158.0
2025-04-07,1,3,169.0
2025-04-08,1,3,191.0
2025-04-09,1,3,206.0
2025-04-10,1,3,178.0
2025-04-11,1,3,183.0
2025-04-12,1,3,155.0
2025-04-13,1,3,169.0
2025-04-14,1,3,181.0
2025-04-15,1,3,177.0
2025-04-16,1,3,176.0
2025-04-17,1,3,187.0
2025-04-18,1,3,159.0
2025-04-19,1,3,148.0
2025-04-20,1,3,152.0
2025-04-21,1,3,164.0
2025-04-22,1,3,188.0
2025-04-23,1,3,187.0
2025-04-24,1,3,182.0
2025-04-25,1,3,167.0
2025-04-26,1,3,149.0
2025-04-27,1,3,164.0
2025-04-28,1,3,179.0
2025-04-29,1,3,184.0
2025-04-30,1,3,185.0
2025-05-01,1,3,166.0
2025-05-02,1,3,163.0
2025-05-03,1,3,145.0
2025-05-04,1,3,155.0
2025-05-05,1,3,151.0
2025-05-06,1,3,161.0
2025-05-07,1,3,177.0
2025-05-08,1,3,166.0
2025-05-09,1,3,160.0
2025-05-10,1,3,150.0
2025-05-11,1,3,154.0
2025-05-12,1,3,170.0
2025-05-13,1,3,170.0
2025-05-14,1,3,175.0
2025-05-15,1,3,183.0
2025-05-16,1,3,157.0
2025-05-17,1,3,147.0
2025-05-18,1,3,152.0
2025-05-19,1,3,160.0
2025-05-20,1,3,165.0
2025-05-21,1,3,165.0
2025-05-22,1,3,159.0
2025-05-23,1,3,162.0
2025-05-24,1,3,140.0
2025-05-25,1,3,147.0
2025-05-26,1,3,165.0
2025-05-27,1,3,166.0
2025-05-28,1,3,177.0
2025-05-29,1,3,149.0
2025-05-30,1,3,150.0
2025-05-31,1,3,144.0
2025-06-01,1,3,145.0
2025-06-02,1,3,140.0
2025-06-03,1,3,177.0
2025-06-04,1,3,160.0
2025-06-05,1,3,163.0
2025-06-06,1,3,148.0
2025-06-07,1,3,149.0
2025-06-08,1,3,163.0
2025-06-09,1,3,140.0
2025-06-10,1,3,156.0
2025-06-11,1,3,166.0
2025-06-12,1,3,146.0
2025-06-13,1,3,152.0
2025-06-14,1,3,144.0
2025-06-15,1,3,144.0
2025-06-16,1,3,151.0
2025-06-17,1,3,172.0
2025-06-18,1,3,150.0
2025-06-19,1,3,154.0
2025-06-20,1,3,134.0
2025-06-21,1,3,141.0
2025-06-22,1,3,117.0
2025-06-23,1,3,145.0
2025-06-24,1,3,158.0
2025-06-25,1,3,148.0
2025-06-26,1,3,143.0
2025-06-27,1,3,137.0
2025-06-28,1,3,138.0
2025-06-29,1,3,121.0
2025-06-30,1,3,133.0
2025-07-01,1,3,162.0
2025-07-02,1,3,151.0
2025-07-03,1,3,138.0
2025-07-04,1,3,140.0
2025-07-05,1,3,121.0
2025-07-06,1,3,137.0
2025-07-07,1,3,131.0
2025-07-08,1,3,146.0
2025-07-09,1,3,159.0
2025-07-10,1,3,140.0
2025-07-11,1,3,137.0
2025-07-12,1,3,121.0
2025-07-13,1,3,142.0
2025-07-14,1,3,149.0
2025-07-15,1,3,132.0
2025-07-16,1,3,151.0
2025-07-17,1,3,131.0
2025-07-18,1,3,128.0
2025-07-19,1,3,119.0
2025-07-20,1,3,110.0
2025-07-21,1,3,140.0
2025-07-22,1,3,143.0
2025-07-23,1,3,140.0
2025-07-24,1,3,131.0
2025-07-25,1,3,124.0
2025-07-26,1,3,118.0
2025-07-27,1,3,115.0
2025-07-28,1,3,100.0
2025-07-29,1,3,137.0
2025-07-30,1,3,126.0
2025-07-31,1,3,130.0
2025-08-01,1,3,106.0
2025-08-02,1,3,98.0
2025-08-03,1,3,125.0
2025-08-04,1,3,121.0
2025-08-05,1,3,130.0
2025-08-06,1,3,141.0
2025-08-07,1,3,125.0
2025-08-08,1,3,136.0
2025-08-09,1,3,105.0
2025-08-10,1,3,114.0
2025-08-11,1,3,130.0
2025-08-12,1,3,146.0
2025-08-13,1,3,126.0
2025-08-14,1,3,122.0
2025-08-15,1,3,125.0
2025-08-16,1,3,113.0
2025-08-17,1,3,118.0
2025-08-18,1,3,105.0
2025-08-19,1,3,143.0
2025-08-20,1,3,124.0
2025-08-21,1,3,125.0
2025-08-22,1,3,109.0
2025-08-23,1,3,95.0
2025-08-24,1,3,92.0
2025-08-25,1,3,99.0
2025-08-26,1,3,127.0
2025-08-27,1,3,114.0
2025-08-28,1,3,110.0
2025-08-29,1,3,107.0
2025-08-30,1,3,76.0
2025-08-31,1,3,111.0
2025-09-01,1,3,91.0
2025-09-02,1,3,124.0
2025-09-03,1,3,127.0
2025-09-04,1,3,124.0
2025-09-05,1,3,106.0
2025-09-06,1,3,118.0
2025-09-07,1,3,104.0
2025-09-08,1,3,122.0
2025-09-09,1,3,116.0
2025-09-10,1,3,126.0
2025-09-11,1,3,132.0
2025-09-12,1,3,103.0
2025-09-13,1,3,100.0
2025-09-14,1,3,110.0
2025-09-15,1,3,104.0
2025-09-16,1,3,101.0
2025-09-17,1,3,127.0
2025-09-18,1,3,126.0
2025-09-19,1,3,92.0
2025-09-20,1,3,103.0
2025-09-21,1,3,106.0
2025-09-22,1,3,89.0
2025-09-23,1,3,112.0
2025-09-24,1,3,120.0
2025-09-25,1,3,115.0
2025-09-26,1,3,97.0
2025-09-27,1,3,89.0
2025-09-28,1,3,115.0
2025-09-29,1,3,109.0
2025-09-30,1,3,114.0
2025-10-01,1,3,123.0
2025-10-02,1,3,121.0
2025-10-03,1,3,105.0
2025-10-04,1,3,95.0
2025-10-05,1,3,93.0
2025-10-06,1,3,104.0
2025-10-07,1,3,116.0
2025-10-08,1,3,127.0
2025-10-09,1,3,107.0
2025-10-10,1,3,108.0
2025-10-11,1,3,111.0
2025-10-12,1,3,103.0
2025-10-13,1,3,108.0
2025-10-14,1,3,110.0
2025-10-15,1,3,140.0
2025-10-16,1,3,106.0
2025-10-17,1,3,114.0
2025-10-18,1,3,104.0
2025-10-19,1,3,99.0
2025-10-20,1,3,110.0
2025-10-21,1,3,106.0
2025-10-22,1,3,129.0
2025-10-23,1,3,125.0
2025-10-24,1,3,97.0
2025-10-25,1,3,98.0
2025-10-26,1,3,103.0
2025-10-27,1,3,119.0
2025-10-28,1,3,125.0
2025-10-29,1,3,112.0
2025-10-30,1,3,116.0
2025-10-31,1,3,111.0
2025-11-01,1,3,110.0
2025-11-02,1,3,99.0
2025-11-03,1,3,137.0
2025-11-04,1,3,109.0
2025-11-05,1,3,125.0
2025-11-06,1,3,122.0
2025-11-07,1,3,109.0
2025-11-08,1,3,92.0
2025-11-09,1,3,111.0
2025-11-10,1,3,122.0
2025-11-11,1,3,130.0
2025-11-12,1,3,136.0
2025-11-13,1,3,121.0
2025-11-14,1,3,98.0
2025-11-15,1,3,100.0
2025-11-16,1,3,111.0
2025-11-17,1,3,122.0
2025-11-18,1,3,133.0
2025-11-19,1,3,140.0
2025-11-20,1,3,123.0
2025-11-21,1,3,117.0
2025-11-22,1,3,115.0
2025-11-23,1,3,112.0
2025-11-24,1,3,112.0
2025-11-25,1,3,126.0
2025-11-26,1,3,146.0
2025-11-27,1,3,145.0
2025-11-28,1,3,131.0
2025-11-29,1,3,115.0
2025-11-30,1,3,105.0
2025-12-01,1,3,127.0
2025-12-02,1,3,153.0
2025-12-03,1,3,148.0
2025-12-04,1,3,133.0
2025-12-05,1,3,129.0
2025-12-06,1,3,104.0
2025-12-07,1,3,113.0
2025-12-08,1,3,121.0
2025-12-09,1,3,147.0
2025-12-10,1,3,152.0
2025-12-11,1,3,137.0
2025-12-12,1,3,119.0
2025-12-13,1,3,120.0
2025-12-14,1,3,119.0
2025-12-15,1,3,127.0
2025-12-16,1,3,149.0
2025-12-17,1,3,142.0
2025-12-18,1,3,127.0
2025-12-19,1,3,118.0
2025-12-20,1,3,109.0
2025-12-21,1,3,129.0
2025-12-22,1,3,140.0
2025-12-23,1,3,151.0
2025-12-24,1,3,159.0
2025-12-25,1,3,157.0
2025-12-26,1,3,129.0
2025-12-27,1,3,132.0
2025-12-28,1,3,116.0
2025-12-29,1,3,155.0
2025-12-30,1,3,142.0
2024-01-01,1,4,63.0
2024-01-02,1,4,107.0
2024-01-03,1,4,92.0
2024-01-04,1,4,113.0
2024-01-05,1,4,70.0
2024-01-06,1,4,87.0
2024-01-07,1,4,86.0
2024-01-08,1,4,79.0
2024-01-09,1,4,103.0
2024-01-10,1,4,84.0
2024-01-11,1,4,82.0
2024-01-12,1,4,43.0
2024-01-13,1,4,83.0
2024-01-14,1,4,66.0
2024-01-15,1,4,79.0
2024-01-16,1,4,78.0
2024-01-17,1,4,87.0
2024-01-18,1,4,94.0
2024-01-19,1,4,84.0
2024-01-20,1,4,89.0
2024-01-21,1,4,97.0
2024-01-22,1,4,84.0
2024-01-23,1,4,87.0
2024-01-24,1,4,104.0
2024-01-25,1,4,103.0
2024-01-26,1,4,95.0
2024-01-27,1,4,73.0
2024-01-28,1,4,90.0
2024-01-29,1,4,91.0
2024-01-30,1,4,106.0
2024-01-31,1,4,90.0
2024-02-01,1,4,75.0
2024-02-02,1,4,97.0
2024-02-03,1,4,58.0
2024-02-04,1,4,80.0
2024-02-05,1,4,81.0
2024-02-06,1,4,86.0
2024-02-07,1,4,90.0
2024-02-08,1,4,109.0
2024-02-09,1,4,100.0
2024-02-10,1,4,86.0
2024-02-11,1,4,102.0
2024-02-12,1,4,83.0
2024-02-13,1,4,86.0
2024-02-14,1,4,110.0
2024-02-15,1,4,104.0
2024-02-16,1,4,88.0
2024-02-17,1,4,78.0
2024-02-18,1,4,108.0
2024-02-19,1,4,77.0
2024-02-20,1,4,94.0
2024-02-21,1,4,105.0
2024-02-22,1,4,119.0
2024-02-23,1,4,99.0
2024-02-24,1,4,97.0
2024-02-25,1,4,87.0
2024-02-26,1,4,104.0
2024-02-27,1,4,104.0
2024-02-28,1,4,86.0
2024-02-29,1,4,110.0
2024-03-01,1,4,107.0
2024-03-02,1,4,102.0
2024-03-03,1,4,95.0
2024-03-04,1,4,89.0
2024-03-05,1,4,78.0
2024-03-06,1,4,107.0
2024-03-07,1,4,114.0
2024-03-08,1,4,109.0
2024-03-09,1,4,104.0
2024-03-10,1,4,95.0
2024-03-11,1,4,113.0
2024-03-12,1,4,115.0
2024-03-13,1,4,101.0
2024-03-14,1,4,111.0
2024-03-15,1,4,93.0
2024-03-16,1,4,102.0
2024-03-17,1,4,83.0
2024-03-18,1,4,88.0
2024-03-19,1,4,117.0
2024-03-20,1,4,117.0
2024-03-21,1,4,111.0
2024-03-22,1,4,100.0
2024-03-23,1,4,70.0
2024-03-24,1,4,97.0
2024-03-25,1,4,107.0
2024-03-26,1,4,100.0
2024-03-27,1,4,100.0
2024-03-28,1,4,120.0
2024-03-29,1,4,99.0
2024-03-30,1,4,102.0
2024-03-31,1,4,106.0
2024-04-01,1,4,91.0
2024-04-02,1,4,109.0
2024-04-03,1,4,122.0
2024-04-04,1,4,125.0
2024-04-05,1,4,100.0
2024-04-06,1,4,94.0
2024-04-07,1,4,101.0
2024-04-08,1,4,105.0
2024-04-09,1,4,122.0
2024-04-10,1,4,96.0
2024-04-11,1,4,101.0
2024-04-12,1,4,87.0
2024-04-13,1,4,85.0
2024-04-14,1,4,102.0
2024-04-15,1,4,111.0
2024-04-16,1,4,99.0
2024-04-17,1,4,116.0
2024-04-18,1,4,116.0
2024-04-19,1,4,120.0
2024-04-20,1,4,97.0
2024-04-21,1,4,90.0
2024-04-22,1,4,90.0
2024-04-23,1,4,93.0
2024-04-24,1,4,120.0
2024-04-25,1,4,86.0
2024-04-26,1,4,112.0
2024-04-27,1,4,85.0
2024-04-28,1,4,88.0
2024-04-29,1,4,98.0
2024-04-30,1,4,97.0
2024-05-01,1,4,116.0
2024-05-02,1,4,122.0
2024-05-03,1,4,90.0
2024-05-04,1,4,89.0
2024-05-05,1,4,93.0
2024-05-06,1,4,105.0
2024-05-07,1,4,101.0
2024-05-08,1,4,119.0
2024-05-09,1,4,113.0
2024-05-10,1,4,83.0
2024-05-11,1,4,98.0
2024-05-12,1,4,110.0
2024-05-13,1,4,92.0
2024-05-14,1,4,98.0
2024-05-15,1,4,97.0
2024-05-16,1,4,94.0
2024-05-17,1,4,76.0
2024-05-18,1,4,76.0
2024-05-19,1,4,93.0
2024-05-20,1,4,113.0
2024-05-21,1,4,93.0
2024-05-22,1,4,94.0
2024-05-23,1,4,116.0
2024-05-24,1,4,80.0
2024-05-25,1,4,71.0
2024-05-26,1,4,81.0
2024-05-27,1,4,87.0
2024-05-28,1,4,79.0
2024-05-29,1,4,97.0
2024-05-30,1,4,106.0
2024-05-31,1,4,76.0
2024-06-01,1,4,88.0
2024-06-02,1,4,92.0
2024-06-03,1,4,91.0
2024-06-04,1,4,98.0
2024-06-05,1,4,99.0
2024-06-06,1,4,84.0
2024-06-07,1,4,105.0
2024-06-08,1,4,99.0
2024-06-09,1,4,99.0
2024-06-10,1,4,101.0
2024-06-11,1,4,76.0
2024-06-12,1,4,105.0
2024-06-13,1,4,98.0
2024-06-14,1,4,69.0
2024-06-15,1,4,80.0
2024-06-16,1,4,86.0
2024-06-17,1,4,106.0
2024-06-18,1,4,99.0
2024-06-19,1,4,82.0
2024-06-20,1,4,107.0
2024-06-21,1,4,84.0
2024-06-22,1,4,77.0
2024-06-23,1,4,77.0
2024-06-24,1,4,67.0
2024-06-25,1,4,88.0
2024-06-26,1,4,95.0
2024-06-27,1,4,82.0
2024-06-28,1,4,86.0
2024-06-29,1,4,68.0
2024-06-30,1,4,77.0
2024-07-01,1,4,86.0
2024-07-02,1,4,88.0
2024-07-03,1,4,69.0
2024-07-04,1,4,79.0
2024-07-05,1,4,97.0
2024-07-06,1,4,70.0
2024-07-07,1,4,76.0
2024-07-08,1,4,79.0
2024-07-09,1,4,101.0
2024-07-10,1,4,99.0
2024-07-11,1,4,90.0
2024-07-12,1,4,65.0
2024-07-13,1,4,77.0
2024-07-14,1,4,80.0
2024-07-15,1,4,70.0
2024-07-16,1,4,72.0
2024-07-17,1,4,101.0
2024-07-18,1,4,76.0
2024-07-19,1,4,92.0
2024-07-20,1,4,81.0
2024-07-21,1,4,76.0
2024-07-22,1,4,80.0
2024-07-23,1,4,64.0
2024-07-24,1,4,82.0
2024-07-25,1,4,92.0
2024-07-26,1,4,79.0
2024-07-27,1,4,70.0
2024-07-28,1,4,88.0
2024-07-29,1,4,71.0
2024-07-30,1,4,70.0
2024-07-31,1,4,79.0
2024-08-01,1,4,83.0
2024-08-02,1,4,50.0
2024-08-03,1,4,69.0
2024-08-04,1,4,76.0
2024-08-05,1,4,68.0
2024-08-06,1,4,87.0
2024-08-07,1,4,83.0
2024-08-08,1,4,96.0
2024-08-09,1,4,59.0
2024-08-10,1,4,73.0
2024-08-11,1,4,54.0
2024-08-12,1,4,51.0
2024-08-13,1,4,50.0
2024-08-14,1,4,80.0
2024-08-15,1,4,73.0
2024-08-16,1,4,60.0
2024-08-17,1,4,43.0
2024-08-18,1,4,55.0
2024-08-19,1,4,67.0
2024-08-20,1,4,115.34254457920484
2024-08-21,1,4,103.80829012128436
2024-08-22,1,4,103.80829012128436
2024-08-23,1,4,86.50690843440363
2024-08-24,1,4,115.34254457920484
2024-08-25,1,4,72.08909036200303
2024-08-26,1,4,83.62334481992352
2024-08-27,1,4,64.0
2024-08-28,1,4,77.0
2024-08-29,1,4,56.0
2024-08-30,1,4,64.0
2024-08-31,1,4,61.0
2024-09-01,1,4,53.0
2024-09-02,1,4,68.0
2024-09-03,1,4,57.0
2024-09-04,1,4,57.0
2024-09-05,1,4,67.0
2024-09-06,1,4,43.0
2024-09-07,1,4,35.0
2024-09-08,1,4,65.0
2024-09-09,1,4,75.0
2024-09-10,1,4,62.0
2024-09-11,1,4,61.0
2024-09-12,1,4,77.0
2024-09-13,1,4,48.0
2024-09-14,1,4,42.0
2024-09-15,1,4,66.0
2024-09-16,1,4,63.0
2024-09-17,1,4,79.0
2024-09-18,1,4,44.0
2024-09-19,1,4,49.0
2024-09-20,1,4,60.0
2024-09-21,1,4,62.0
2024-09-22,1,4,67.0
2024-09-23,1,4,64.0
2024-09-24,1,4,68.0
2024-09-25,1,4,63.0
2024-09-26,1,4,82.0
2024-09-27,1,4,48.0
2024-09-28,1,4,61.0
2024-09-29,1,4,47.0
2024-09-30,1,4,68.0
2024-10-01,1,4,55.0
2024-10-02,1,4,76.0
2024-10-03,1,4,66.0
2024-10-04,1,4,79.0
2024-10-05,1,4,54.0
2024-10-06,1,4,63.0
2024-10-07,1,4,54.0
2024-10-08,1,4,64.0
2024-10-09,1,4,69.0
2024-10-10,1,4,48.0
2024-10-11,1,4,45.0
2024-10-12,1,4,64.0
2024-10-13,1,4,57.0
2024-10-14,1,4,56.0
2024-10-15,1,4,59.0
2024-10-16,1,4,61.0
2024-10-17,1,4,67.0
2024-10-18,1,4,66.0
2024-10-19,1,4,35.0
2024-10-20,1,4,75.0
2024-10-21,1,4,79.0
2024-10-22,1,4,42.0
2024-10-23,1,4,81.0
2024-10-24,1,4,78.0
2024-10-25,1,4,62.0
2024-10-26,1,4,45.0
2024-10-27,1,4,72.0
2024-10-28,1,4,62.0
2024-10-29,1,4,75.0
2024-10-30,1,4,95.0
2024-10-31,1,4,71.0
2024-11-01,1,4,53.0
2024-11-02,1,4,57.0
2024-11-03,1,4,53.0
2024-11-04,1,4,71.0
2024-11-05,1,4,62.0
2024-11-06,1,4,67.0
2024-11-07,1,4,55.0
2024-11-08,1,4,63.0
2024-11-09,1,4,64.0
2024-11-10,1,4,34.0
2024-11-11,1,4,71.0
2024-11-12,1,4,72.0
2024-11-13,1,4,65.0
2024-11-14,1,4,93.0
2024-11-15,1,4,77.0
2024-11-16,1,4,52.0
2024-11-17,1,4,74.0
2024-11-18,1,4,83.0
2024-11-19,1,4,76.0
2024-11-20,1,4,80.0
2024-11-21,1,4,77.0
2024-11-22,1,4,45.0
2024-11-23,1,4,64.0
2024-11-24,1,4,65.0
2024-11-25,1,4,88.0
2024-11-26,1,4,80.0
2024-11-27,1,4,75.0
2024-11-28,1,4,74.0
2024-11-29,1,4,82.0
2024-11-30,1,4,66.0
2024-12-01,1,4,62.0
2024-12-02,1,4,71.0
2024-12-03,1,4,89.0
2024-12-04,1,4,86.0
2024-12-05,1,4,78.0
2024-12-06,1,4,75.0
2024-12-07,1,4,64.0
2024-12-08,1,4,70.0
2024-12-09,1,4,69.0
2024-12-10,1,4,78.0
2024-12-11,1,4,97.0
2024-12-12,1,4,68.0
2024-12-13,1,4,68.0
2024-12-14,1,4,59.0
2024-12-15,1,4,58.0
2024-12-16,1,4,77.0
2024-12-17,1,4,77.0
2024-12-18,1,4,105.0
2024-12-19,1,4,79.0
2024-12-20,1,4,92.0
2024-12-21,1,4,86.0
2024-12-22,1,4,75.0
2024-12-23,1,4,105.0
2024-12-24,1,4,89.0
2024-12-25,1,4,104.0
2024-12-26,1,4,101.0
2024-12-27,1,4,85.0
2024-12-28,1,4,86.0
2024-12-29,1,4,86.0
2024-12-30,1,4,71.0
2024-12-31,1,4,89.0
2025-01-01,1,4,102.0
2025-01-02,1,4,105.0
2025-01-03,1,4,75.0
2025-01-04,1,4,86.0
2025-01-05,1,4,84.0
2025-01-06,1,4,85.0
2025-01-07,1,4,95.0
2025-01-08,1,4,95.0
2025-01-09,1,4,54.42301287845105
2025-01-10,1,4,57.824451183354235
2025-01-11,1,4,52.15538734184892
2025-01-12,1,4,49.8877618052468
2025-01-13,1,4,62.35970225655849
2025-01-14,1,4,60.09207671995637
2025-01-15,1,4,94.0
2025-01-16,1,4,79.0
2025-01-17,1,4,77.0
2025-01-18,1,4,96.0
2025-01-19,1,4,80.0
2025-01-20,1,4,81.0
2025-01-21,1,4,88.0
2025-01-22,1,4,90.0
2025-01-23,1,4,105.0
2025-01-24,1,4,89.0
2025-01-25,1,4,73.0
2025-01-26,1,4,90.0
2025-01-27,1,4,97.0
2025-01-28,1,4,94.0
2025-01-29,1,4,113.0
2025-01-30,1,4,93.0
2025-01-31,1,4,106.0
2025-02-01,1,4,97.0
2025-02-02,1,4,102.0
2025-02-03,1,4,84.0
2025-02-04,1,4,102.0
2025-02-05,1,4,102.0
2025-02-06,1,4,84.0
2025-02-07,1,4,108.0
2025-02-08,1,4,84.0
2025-02-09,1,4,87.0
2025-02-10,1,4,88.0
2025-02-11,1,4,111.0
2025-02-12,1,4,88.0
2025-02-13,1,4,109.0
2025-02-14,1,4,109.0
2025-02-15,1,4,101.0
2025-02-16,1,4,104.0
2025-02-17,1,4,109.0
2025-02-18,1,4,95.0
2025-02-19,1,4,122.0
2025-02-20,1,4,99.0
2025-02-21,1,4,99.0
2025-02-22,1,4,93.0
2025-02-23,1,4,103.0
2025-02-24,1,4,96.0
2025-02-25,1,4,108.0
2025-02-26,1,4,95.0
2025-02-27,1,4,118.0
2025-02-28,1,4,108.0
2025-03-01,1,4,95.0
2025-03-02,1,4,94.0
2025-03-03,1,4,111.0
2025-03-04,1,4,101.0
2025-03-05,1,4,111.0
2025-03-06,1,4,120.0
2025-03-07,1,4,93.0
2025-03-08,1,4,103.0
2025-03-09,1,4,104.0
2025-03-10,1,4,104.0
2025-03-11,1,4,104.0
2025-03-12,1,4,124.0
2025-03-13,1,4,101.0
2025-03-14,1,4,83.0
2025-03-15,1,4,107.0
2025-03-16,1,4,88.0
2025-03-17,1,4,114.0
2025-03-18,1,4,125.0
2025-03-19,1,4,118.0
2025-03-20,1,4,120.0
2025-03-21,1,4,126.0
2025-03-22,1,4,112.0
2025-03-23,1,4,106.0
2025-03-24,1,4,125.0
2025-03-25,1,4,130.0
2025-03-26,1,4,132.0
2025-03-27,1,4,104.0
2025-03-28,1,4,89.0
2025-03-29,1,4,95.0
2025-03-30,1,4,110.0
2025-03-31,1,4,109.0
2025-04-01,1,4,109.0
2025-04-02,1,4,118.0
2025-04-03,1,4,93.0
2025-04-04,1,4,106.0
2025-04-05,1,4,114.0
2025-04-06,1,4,109.0
2025-04-07,1,4,114.0
2025-04-08,1,4,129.0
2025-04-09,1,4,111.0
2025-04-10,1,4,102.0
2025-04-11,1,4,117.0
2025-04-12,1,4,114.0
2025-04-13,1,4,108.0
2025-04-14,1,4,105.0
2025-04-15,1,4,111.0
2025-04-16,1,4,98.0
2025-04-17,1,4,121.0
2025-04-18,1,4,116.0
2025-04-19,1,4,86.0
2025-04-20,1,4,111.0
2025-04-21,1,4,110.0
2025-04-22,1,4,99.0
2025-04-23,1,4,98.0
2025-04-24,1,4,112.0
2025-04-25,1,4,99.0
2025-04-26,1,4,120.0
2025-04-27,1,4,111.0
2025-04-28,1,4,110.0
2025-04-29,1,4,115.0
2025-04-30,1,4,125.0
2025-05-01,1,4,116.0
2025-05-02,1,4,107.0
2025-05-03,1,4,88.0
2025-05-04,1,4,134.0
2025-05-05,1,4,92.0
2025-05-06,1,4,104.0
2025-05-07,1,4,90.0
2025-05-08,1,4,112.0
2025-05-09,1,4,102.0
2025-05-10,1,4,106.0
2025-05-11,1,4,79.0
2025-05-12,1,4,115.0
2025-05-13,1,4,98.0
2025-05-14,1,4,106.0
2025-05-15,1,4,114.0
2025-05-16,1,4,102.0
2025-05-17,1,4,99.0
2025-05-18,1,4,105.0
2025-05-19,1,4,105.0
2025-05-20,1,4,101.0
2025-05-21,1,4,104.0
2025-05-22,1,4,105.0
2025-05-23,1,4,87.0
2025-05-24,1,4,105.0
2025-05-25,1,4,98.0
2025-05-26,1,4,100.0
2025-05-27,1,4,116.0
2025-05-28,1,4,102.0
2025-05-29,1,4,98.0
2025-05-30,1,4,90.0
2025-05-31,1,4,96.0
2025-06-01,1,4,96.0
2025-06-02,1,4,89.0
2025-06-03,1,4,99.0
2025-06-04,1,4,94.0
2025-06-05,1,4,90.0
2025-06-06,1,4,74.0
2025-06-07,1,4,87.0
2025-06-08,1,4,72.0
2025-06-09,1,4,89.0
2025-06-10,1,4,92.0
2025-06-11,1,4,111.0
2025-06-12,1,4,85.0
2025-06-13,1,4,82.0
2025-06-14,1,4,83.0
2025-06-15,1,4,82.0
2025-06-16,1,4,107.0
2025-06-17,1,4,84.0
2025-06-18,1,4,93.0
2025-06-19,1,4,97.0
2025-06-20,1,4,98.0
2025-06-21,1,4,81.0
2025-06-22,1,4,65.0
2025-06-23,1,4,88.0
2025-06-24,1,4,109.0
2025-06-25,1,4,98.0
2025-06-26,1,4,94.0
2025-06-27,1,4,74.0
2025-06-28,1,4,70.0
2025-06-29,1,4,84.0
2025-06-30,1,4,72.0
2025-07-01,1,4,100.0
2025-07-02,1,4,83.0
2025-07-03,1,4,88.0
2025-07-04,1,4,63.0
2025-07-05,1,4,76.0
2025-07-06,1,4,68.0
2025-07-07,1,4,59.0
2025-07-08,1,4,95.0
2025-07-09,1,4,108.0
2025-07-10,1,4,99.0
2025-07-11,1,4,89.0
2025-07-12,1,4,73.0
2025-07-13,1,4,87.0
2025-07-14,1,4,96.0
2025-07-15,1,4,88.0
2025-07-16,1,4,74.0
2025-07-17,1,4,78.0
2025-07-18,1,4,98.0
2025-07-19,1,4,75.0
2025-07-20,1,4,39.0
2025-07-21,1,4,64.0
2025-07-22,1,4,79.0
2025-07-23,1,4,96.0
2025-07-24,1,4,79.0
2025-07-25,1,4,88.0
2025-07-26,1,4,67.0
2025-07-27,1,4,52.0
2025-07-28,1,4,72.0
2025-07-29,1,4,86.0
2025-07-30,1,4,86.0
2025-07-31,1,4,65.0
2025-08-01,1,4,70.0
2025-08-02,1,4,101.0
2025-08-03,1,4,58.0
2025-08-04,1,4,83.0
2025-08-05,1,4,57.0
2025-08-06,1,4,90.0
2025-08-07,1,4,67.0
2025-08-08,1,4,77.0
2025-08-09,1,4,55.0
2025-08-10,1,4,73.0
2025-08-11,1,4,64.0
2025-08-12,1,4,70.0
2025-08-13,1,4,84.0
2025-08-14,1,4,71.0
2025-08-15,1,4,75.0
2025-08-16,1,4,65.0
2025-08-17,1,4,69.0
2025-08-18,1,4,77.0
2025-08-19,1,4,72.0
2025-08-20,1,4,66.0
2025-08-21,1,4,68.0
2025-08-22,1,4,82.0
2025-08-23,1,4,67.0
2025-08-24,1,4,57.0
2025-08-25,1,4,75.0
2025-08-26,1,4,80.0
2025-08-27,1,4,81.0
2025-08-28,1,4,61.0
2025-08-29,1,4,60.0
2025-08-30,1,4,57.0
2025-08-31,1,4,61.0
2025-09-01,1,4,75.0
2025-09-02,1,4,77.0
2025-09-03,1,4,78.0
2025-09-04,1,4,86.0
2025-09-05,1,4,74.0
2025-09-06,1,4,61.0
2025-09-07,1,4,51.0
2025-09-08,1,4,60.0
2025-09-09,1,4,69.0
2025-09-10,1,4,83.0
2025-09-11,1,4,70.0
2025-09-12,1,4,58.0
2025-09-13,1,4,54.0
2025-09-14,1,4,62.0
2025-09-15,1,4,77.0
2025-09-16,1,4,89.0
2025-09-17,1,4,70.0
2025-09-18,1,4,69.0
2025-09-19,1,4,51.0
2025-09-20,1,4,83.0
2025-09-21,1,4,47.0
2025-09-22,1,4,80.0
2025-09-23,1,4,67.0
2025-09-24,1,4,66.0
2025-09-25,1,4,57.0
2025-09-26,1,4,91.0
2025-09-27,1,4,64.0
2025-09-28,1,4,63.0
2025-09-29,1,4,77.0
2025-09-30,1,4,64.0
2025-10-01,1,4,72.0
2025-10-02,1,4,70.0
2025-10-03,1,4,59.0
2025-10-04,1,4,75.0
2025-10-05,1,4,60.0
2025-10-06,1,4,50.0
2025-10-07,1,4,68.0
2025-10-08,1,4,75.0
2025-10-09,1,4,60.0
2025-10-10,1,4,56.0
2025-10-11,1,4,56.0
2025-10-12,1,4,77.0
2025-10-13,1,4,62.0
2025-10-14,1,4,88.0
2025-10-15,1,4,66.0
2025-10-16,1,4,74.0
2025-10-17,1,4,61.0
2025-10-18,1,4,71.0
2025-10-19,1,4,51.0
2025-10-20,1,4,76.0
2025-10-21,1,4,74.0
2025-10-22,1,4,67.0
2025-10-23,1,4,69.0
2025-10-24,1,4,83.0
2025-10-25,1,4,65.0
2025-10-26,1,4,57.0
2025-10-27,1,4,56.0
2025-10-28,1,4,79.0
2025-10-29,1,4,77.0
2025-10-30,1,4,80.0
2025-10-31,1,4,51.0
2025-11-01,1,4,52.0
2025-11-02,1,4,79.0
2025-11-03,1,4,74.0
2025-11-04,1,4,81.0
2025-11-05,1,4,66.0
2025-11-06,1,4,63.0
2025-11-07,1,4,80.0
2025-11-08,1,4,78.0
2025-11-09,1,4,56.0
2025-11-10,1,4,58.0
2025-11-11,1,4,76.0
2025-11-12,1,4,69.0
2025-11-13,1,4,66.0
2025-11-14,1,4,57.0
2025-11-15,1,4,63.0
2025-11-16,1,4,57.0
2025-11-17,1,4,62.0
2025-11-18,1,4,82.0
2025-11-19,1,4,79.0
2025-11-20,1,4,83.0
2025-11-21,1,4,55.0
2025-11-22,1,4,70.0
2025-11-23,1,4,94.0
2025-11-24,1,4,72.0
2025-11-25,1,4,90.0
2025-11-26,1,4,91.0
2025-11-27,1,4,89.0
2025-11-28,1,4,77.0
2025-11-29,1,4,79.0
2025-11-30,1,4,81.0
2025-12-01,1,4,85.0
2025-12-02,1,4,71.0
2025-12-03,1,4,66.0
2025-12-04,1,4,65.0
2025-12-05,1,4,74.0
2025-12-06,1,4,81.0
2025-12-07,1,4,64.0
2025-12-08,1,4,91.0
2025-12-09,1,4,80.0
2025-12-10,1,4,81.0
2025-12-11,1,4,75.0
2025-12-12,1,4,59.0
2025-12-13,1,4,80.0
2025-12-14,1,4,97.0
2025-12-15,1,4,83.0
2025-12-16,1,4,67.0
2025-12-17,1,4,98.0
2025-12-18,1,4,69.0
2025-12-19,1,4,69.0
2025-12-20,1,4,77.0
2025-12-21,1,4,82.0
2025-12-22,1,4,75.0
2025-12-23,1,4,87.0
2025-12-24,1,4,100.0
2025-12-25,1,4,99.0
2025-12-26,1,4,99.0
2025-12-27,1,4,103.0
2025-12-28,1,4,93.0
2025-12-29,1,4,86.0
2025-12-30,1,4,103.0
2024-01-01,1,5,113.0
2024-01-02,1,5,114.0
2024-01-03,1,5,123.0
2024-01-04,1,5,131.0
2024-01-05,1,5,101.0
2024-01-06,1,5,114.0
2024-01-07,1,5,112.0
2024-01-08,1,5,121.0
2024-01-09,1,5,122.0
2024-01-10,1,5,126.0
2024-01-11,1,5,125.0
2024-01-12,1,5,117.0
2024-01-13,1,5,106.0
2024-01-14,1,5,117.0
2024-01-15,1,5,115.0
2024-01-16,1,5,135.0
2024-01-17,1,5,120.0
2024-01-18,1,5,136.0
2024-01-19,1,5,128.0
2024-01-20,1,5,125.0
2024-01-21,1,5,110.0
2024-01-22,1,5,128.0
2024-01-23,1,5,144.0
2024-01-24,1,5,135.0
2024-01-25,1,5,129.0
2024-01-26,1,5,126.0
2024-01-27,1,5,127.0
2024-01-28,1,5,124.0
2024-01-29,1,5,144.0
2024-01-30,1,5,142.0
2024-01-31,1,5,141.0
2024-02-01,1,5,133.0
2024-02-02,1,5,139.0
2024-02-03,1,5,136.0
2024-02-04,1,5,130.0
2024-02-05,1,5,127.0
2024-02-06,1,5,150.0
2024-02-07,1,5,148.0
2024-02-08,1,5,149.0
2024-02-09,1,5,154.0
2024-02-10,1,5,138.0
2024-02-11,1,5,137.0
2024-02-12,1,5,139.0
2024-02-13,1,5,150.0
2024-02-14,1,5,155.0
2024-02-15,1,5,152.0
2024-02-16,1,5,157.0
2024-02-17,1,5,146.0
2024-02-18,1,5,144.0
2024-02-19,1,5,146.0
2024-02-20,1,5,158.0
2024-02-21,1,5,153.0
2024-02-22,1,5,157.0
2024-02-23,1,5,153.0
2024-02-24,1,5,146.0
2024-02-25,1,5,145.0
2024-02-26,1,5,141.0
2024-02-27,1,5,168.0
2024-02-28,1,5,165.0
2024-02-29,1,5,162.0
2024-03-01,1,5,144.0
2024-03-02,1,5,160.0
2024-03-03,1,5,149.0
2024-03-04,1,5,156.0
2024-03-05,1,5,157.0
2024-03-06,1,5,154.0
2024-03-07,1,5,170.0
2024-03-08,1,5,165.0
2024-03-09,1,5,153.0
2024-03-10,1,5,151.0
2024-03-11,1,5,158.0
2024-03-12,1,5,164.0
2024-03-13,1,5,160.0
2024-03-14,1,5,163.0
2024-03-15,1,5,160.0
2024-03-16,1,5,163.0
2024-03-17,1,5,158.0
2024-03-18,1,5,153.0
2024-03-19,1,5,171.0
2024-03-20,1,5,168.0
2024-03-21,1,5,176.0
2024-03-22,1,5,170.0
2024-03-23,1,5,167.0
2024-03-24,1,5,155.0
2024-03-25,1,5,177.0
2024-03-26,1,5,172.0
2024-03-27,1,5,182.0
2024-03-28,1,5,164.0
2024-03-29,1,5,160.0
2024-03-30,1,5,160.0
2024-03-31,1,5,161.0
2024-04-01,1,5,173.0
2024-04-02,1,5,169.0
2024-04-03,1,5,179.0
2024-04-04,1,5,173.0
2024-04-05,1,5,161.0
2024-04-06,1,5,163.0
2024-04-07,1,5,157.0
2024-04-08,1,5,180.0
2024-04-09,1,5,153.0
2024-04-10,1,5,176.0
2024-04-11,1,5,156.0
2024-04-12,1,5,160.0
2024-04-13,1,5,157.0
2024-04-14,1,5,169.0
2024-04-15,1,5,160.0
2024-04-16,1,5,178.0
2024-04-17,1,5,163.0
2024-04-18,1,5,175.0
2024-04-19,1,5,158.0
2024-04-20,1,5,157.0
2024-04-21,1,5,156.0
2024-04-22,1,5,171.0
2024-04-23,1,5,175.0
2024-04-24,1,5,172.0
2024-04-25,1,5,158.0
2024-04-26,1,5,154.0
2024-04-27,1,5,148.0
2024-04-28,1,5,141.0
2024-04-29,1,5,169.0
2024-04-30,1,5,164.0
2024-05-01,1,5,164.0
2024-05-02,1,5,172.0
2024-05-03,1,5,153.0
2024-05-04,1,5,147.0
2024-05-05,1,5,152.0
2024-05-06,1,5,151.0
2024-05-07,1,5,165.0
2024-05-08,1,5,161.0
2024-05-09,1,5,156.0
2024-05-10,1,5,149.0
2024-05-11,1,5,148.0
2024-05-12,1,5,150.0
2024-05-13,1,5,151.0
2024-05-14,1,5,157.0
2024-05-15,1,5,160.0
2024-05-16,1,5,155.0
2024-05-17,1,5,150.0
2024-05-18,1,5,141.0
2024-05-19,1,5,153.0
2024-05-20,1,5,151.0
2024-05-21,1,5,152.0
2024-05-22,1,5,158.0
2024-05-23,1,5,151.0
2024-05-24,1,5,134.0
2024-05-25,1,5,143.0
2024-05-26,1,5,135.0
2024-05-27,1,5,153.0
2024-05-28,1,5,150.0
2024-05-29,1,5,157.0
2024-05-30,1,5,143.0
2024-05-31,1,5,141.0
2024-06-01,1,5,144.0
2024-06-02,1,5,135.0
2024-06-03,1,5,138.0
2024-06-04,1,5,151.0
2024-06-05,1,5,151.0
2024-06-06,1,5,139.0
2024-06-07,1,5,123.0
2024-06-08,1,5,128.0
2024-06-09,1,5,136.0
2024-06-10,1,5,132.0
2024-06-11,1,5,141.0
2024-06-12,1,5,137.0
2024-06-13,1,5,125.0
2024-06-14,1,5,126.0
2024-06-15,1,5,131.0
2024-06-16,1,5,111.0
2024-06-17,1,5,133.0
2024-06-18,1,5,128.0
2024-06-19,1,5,140.0
2024-06-20,1,5,136.0
2024-06-21,1,5,124.0
2024-06-22,1,5,120.0
2024-06-23,1,5,116.0
2024-06-24,1,5,117.0
2024-06-25,1,5,141.0
2024-06-26,1,5,125.0
2024-06-27,1,5,136.0
2024-06-28,1,5,114.0
2024-06-29,1,5,118.0
2024-06-30,1,5,108.0
2024-07-01,1,5,123.0
2024-07-02,1,5,122.0
2024-07-03,1,5,123.0
2024-07-04,1,5,125.0
2024-07-05,1,5,111.0
2024-07-06,1,5,100.0
2024-07-07,1,5,115.0
2024-07-08,1,5,107.0
2024-07-09,1,5,122.0
2024-07-10,1,5,126.0
2024-07-11,1,5,113.0
2024-07-12,1,5,116.0
2024-07-13,1,5,107.0
2024-07-14,1,5,100.0
2024-07-15,1,5,118.0
2024-07-16,1,5,106.0
2024-07-17,1,5,111.0
2024-07-18,1,5,108.0
2024-07-19,1,5,107.0
2024-07-20,1,5,106.0
2024-07-21,1,5,106.0
2024-07-22,1,5,105.0
2024-07-23,1,5,106.0
2024-07-24,1,5,97.0
2024-07-25,1,5,96.0
2024-07-26,1,5,109.0
2024-07-27,1,5,81.0
2024-07-28,1,5,89.0
2024-07-29,1,5,106.0
2024-07-30,1,5,104.0
2024-07-31,1,5,110.0
2024-08-01,1,5,103.0
2024-08-02,1,5,102.0
2024-08-03,1,5,90.0
2024-08-04,1,5,93.0
2024-08-05,1,5,89.0
2024-08-06,1,5,102.0
2024-08-07,1,5,96.0
2024-08-08,1,5,92.0
2024-08-09,1,5,94.0
2024-08-10,1,5,90.0
2024-08-11,1,5,95.0
2024-08-12,1,5,100.0
2024-08-13,1,5,100.0
2024-08-14,1,5,83.0
2024-08-15,1,5,102.0
2024-08-16,1,5,90.0
2024-08-17,1,5,75.0
2024-08-18,1,5,85.0
2024-08-19,1,5,78.0
2024-08-20,1,5,94.0
2024-08-21,1,5,82.0
2024-08-22,1,5,81.0
2024-08-23,1,5,85.0
2024-08-24,1,5,83.0
2024-08-25,1,5,79.0
2024-08-26,1,5,80.0
2024-08-27,1,5,73.0
2024-08-28,1,5,86.0
2024-08-29,1,5,87.0
2024-08-30,1,5,75.0
2024-08-31,1,5,73.0
2024-09-01,1,5,73.0
2024-09-02,1,5,77.0
2024-09-03,1,5,84.0
2024-09-04,1,5,83.0
2024-09-05,1,5,90.0
2024-09-06,1,5,60.0
2024-09-07,1,5,67.0
2024-09-08,1,5,66.0
2024-09-09,1,5,78.0
2024-09-10,1,5,82.0
2024-09-11,1,5,93.0
2024-09-12,1,5,92.0
2024-09-13,1,5,68.0
2024-09-14,1,5,69.0
2024-09-15,1,5,71.0
2024-09-16,1,5,70.0
2024-09-17,1,5,84.0
2024-09-18,1,5,80.0
2024-09-19,1,5,71.0
2024-09-20,1,5,70.0
2024-09-21,1,5,61.0
2024-09-22,1,5,76.0
2024-09-23,1,5,87.0
2024-09-24,1,5,81.0
2024-09-25,1,5,82.0
2024-09-26,1,5,78.0
2024-09-27,1,5,79.0
2024-09-28,1,5,75.0
2024-09-29,1,5,68.0
2024-09-30,1,5,76.0
2024-10-01,1,5,84.0
2024-10-02,1,5,74.0
2024-10-03,1,5,85.0
2024-10-04,1,5,83.0
2024-10-05,1,5,76.0
2024-10-06,1,5,61.0
2024-10-07,1,5,62.0
2024-10-08,1,5,85.0
2024-10-09,1,5,77.0
2024-10-10,1,5,80.0
2024-10-11,1,5,82.0
2024-10-12,1,5,65.0
2024-10-13,1,5,68.0
2024-10-14,1,5,78.0
2024-10-15,1,5,73.0
2024-10-16,1,5,78.0
2024-10-17,1,5,80.0
2024-10-18,1,5,72.0
2024-10-19,1,5,75.0
2024-10-20,1,5,90.0
2024-10-21,1,5,79.0
2024-10-22,1,5,78.0
2024-10-23,1,5,95.0
2024-10-24,1,5,72.0
2024-10-25,1,5,68.0
2024-10-26,1,5,69.0
2024-10-27,1,5,73.0
2024-10-28,1,5,77.0
2024-10-29,1,5,86.0
2024-10-30,1,5,90.0
2024-10-31,1,5,92.0
2024-11-01,1,5,80.0
2024-11-02,1,5,73.0
2024-11-03,1,5,85.0
2024-11-04,1,5,79.0
2024-11-05,1,5,79.0
2024-11-06,1,5,100.0
2024-11-07,1,5,96.0
2024-11-08,1,5,78.0
2024-11-09,1,5,78.0
2024-11-10,1,5,76.0
2024-11-11,1,5,90.0
2024-11-12,1,5,105.0
2024-11-13,1,5,100.0
2024-11-14,1,5,99.0
2024-11-15,1,5,93.0
2024-11-16,1,5,84.0
2024-11-17,1,5,93.0
2024-11-18,1,5,97.0
2024-11-19,1,5,108.0
2024-11-20,1,5,97.0
2024-11-21,1,5,86.0
2024-11-22,1,5,99.0
2024-11-23,1,5,91.0
2024-11-24,1,5,89.0
2024-11-25,1,5,96.0
2024-11-26,1,5,120.0
2024-11-27,1,5,101.0
2024-11-28,1,5,97.0
2024-11-29,1,5,98.0
2024-11-30,1,5,102.0
2024-12-01,1,5,111.0
2024-12-02,1,5,107.0
2024-12-03,1,5,100.0
2024-12-04,1,5,124.0
2024-12-05,1,5,108.0
2024-12-06,1,5,97.0
2024-12-07,1,5,93.0
2024-12-08,1,5,108.0
2024-12-09,1,5,110.0
2024-12-10,1,5,117.0
2024-12-11,1,5,125.0
2024-12-12,1,5,108.0
2024-12-13,1,5,118.0
2024-12-14,1,5,102.0
2024-12-15,1,5,122.0
2024-12-16,1,5,118.0
2024-12-17,1,5,114.0
2024-12-18,1,5,109.0
2024-12-19,1,5,125.0
2024-12-20,1,5,112.0
2024-12-21,1,5,111.0
2024-12-22,1,5,119.0
2024-12-23,1,5,127.0
2024-12-24,1,5,134.0
2024-12-25,1,5,121.0
2024-12-26,1,5,135.0
2024-12-27,1,5,117.0
2024-12-28,1,5,103.0
2024-12-29,1,5,113.0
2024-12-30,1,5,128.0
2024-12-31,1,5,126.0
2025-01-01,1,5,134.0
2025-01-02,1,5,134.0
2025-01-03,1,5,126.0
2025-01-04,1,5,121.0
2025-01-05,1,5,118.0
2025-01-06,1,5,133.0
2025-01-07,1,5,126.0
2025-01-08,1,5,137.0
2025-01-09,1,5,132.0
2025-01-10,1,5,132.0
2025-01-11,1,5,129.0
2025-01-12,1,5,139.0
2025-01-13,1,5,149.0
2025-01-14,1,5,138.0
2025-01-15,1,5,160.0
2025-01-16,1,5,139.0
2025-01-17,1,5,141.0
2025-01-18,1,5,140.0
2025-01-19,1,5,155.0
2025-01-20,1,5,141.0
2025-01-21,1,5,139.0
2025-01-22,1,5,163.0
2025-01-23,1,5,145.0
2025-01-24,1,5,143.0
2025-01-25,1,5,135.0
2025-01-26,1,5,142.0
2025-01-27,1,5,145.0
2025-01-28,1,5,161.0
2025-01-29,1,5,159.0
2025-01-30,1,5,152.0
2025-01-31,1,5,157.0
2025-02-01,1,5,150.0
2025-02-02,1,5,138.0
2025-02-03,1,5,162.0
2025-02-04,1,5,163.0
2025-02-05,1,5,173.0
2025-02-06,1,5,162.0
2025-02-07,1,5,151.0
2025-02-08,1,5,152.0
2025-02-09,1,5,160.0
2025-02-10,1,5,156.0
2025-02-11,1,5,164.0
2025-02-12,1,5,168.0
2025-02-13,1,5,159.0
2025-02-14,1,5,156.0
2025-02-15,1,5,159.0
2025-02-16,1,5,168.0
2025-02-17,1,5,168.0
2025-02-18,1,5,171.0
2025-02-19,1,5,168.0
2025-02-20,1,5,178.0
2025-02-21,1,5,168.0
2025-02-22,1,5,157.0
2025-02-23,1,5,170.0
2025-02-24,1,5,173.0
2025-02-25,1,5,170.0
2025-02-26,1,5,177.0
2025-02-27,1,5,171.0
2025-02-28,1,5,186.0
2025-03-01,1,5,169.0
2025-03-02,1,5,169.0
2025-03-03,1,5,176.0
2025-03-04,1,5,188.0
2025-03-05,1,5,180.0
2025-03-06,1,5,174.0
2025-03-07,1,5,178.0
2025-03-08,1,5,168.0
2025-03-09,1,5,163.0
2025-03-10,1,5,168.0
2025-03-11,1,5,192.0
2025-03-12,1,5,184.0
2025-03-13,1,5,176.0
2025-03-14,1,5,173.0
2025-03-15,1,5,176.0
2025-03-16,1,5,171.0
2025-03-17,1,5,169.0
2025-03-18,1,5,186.0
2025-03-19,1,5,193.0
2025-03-20,1,5,189.0
2025-03-21,1,5,173.0
2025-03-22,1,5,181.0
2025-03-23,1,5,176.0
2025-03-24,1,5,188.0
2025-03-25,1,5,189.0
2025-03-26,1,5,177.0
2025-03-27,1,5,194.0
2025-03-28,1,5,178.0
2025-03-29,1,5,178.0
2025-03-30,1,5,166.0
2025-03-31,1,5,184.0
2025-04-01,1,5,193.0
2025-04-02,1,5,200.0
2025-04-03,1,5,193.0
2025-04-04,1,5,181.0
2025-04-05,1,5,164.0
2025-04-06,1,5,176.0
2025-04-07,1,5,177.0
2025-04-08,1,5,187.0
2025-04-09,1,5,179.0
2025-04-10,1,5,182.0
2025-04-11,1,5,174.0
2025-04-12,1,5,170.0
2025-04-13,1,5,171.0
2025-04-14,1,5,179.0
2025-04-15,1,5,187.0
2025-04-16,1,5,170.0
2025-04-17,1,5,167.0
2025-04-18,1,5,174.0
2025-04-19,1,5,252.786744582816
2025-04-20,1,5,258.69988480697543
2025-04-21,1,5,257.2215997509356
2025-04-22,1,5,272.0044503113342
2025-04-23,1,5,274.9610204234139
2025-04-24,1,5,260.1781698630153
2025-04-25,1,5,267.5695951432146
2025-04-26,1,5,172.0
2025-04-27,1,5,175.0
2025-04-28,1,5,177.0
2025-04-29,1,5,195.0
2025-04-30,1,5,186.0
2025-05-01,1,5,175.0
2025-05-02,1,5,178.0
2025-05-03,1,5,158.0
2025-05-04,1,5,170.0
2025-05-05,1,5,176.0
2025-05-06,1,5,180.0
2025-05-07,1,5,178.0
2025-05-08,1,5,169.0
2025-05-09,1,5,164.0
2025-05-10,1,5,166.0
2025-05-11,1,5,159.0
2025-05-12,1,5,182.0
2025-05-13,1,5,158.0
2025-05-14,1,5,174.0
2025-05-15,1,5,173.0
2025-05-16,1,5,169.0
2025-05-17,1,5,155.0
2025-05-18,1,5,170.0
2025-05-19,1,5,158.0
2025-05-20,1,5,168.0
2025-05-21,1,5,176.0
2025-05-22,1,5,175.0
2025-05-23,1,5,152.0
2025-05-24,1,5,174.0
2025-05-25,1,5,152.0
2025-05-26,1,5,154.0
2025-05-27,1,5,171.0
2025-05-28,1,5,166.0
2025-05-29,1,5,160.0
2025-05-30,1,5,161.0
2025-05-31,1,5,143.0
2025-06-01,1,5,142.0
2025-06-02,1,5,154.0
2025-06-03,1,5,170.0
2025-06-04,1,5,159.0
2025-06-05,1,5,169.0
2025-06-06,1,5,160.0
2025-06-07,1,5,150.0
2025-06-08,1,5,150.0
2025-06-09,1,5,155.0
2025-06-10,1,5,158.0
2025-06-11,1,5,156.0
2025-06-12,1,5,152.0
2025-06-13,1,5,140.0
2025-06-14,1,5,128.0
2025-06-15,1,5,150.0
2025-06-16,1,5,149.0
2025-06-17,1,5,152.0
2025-06-18,1,5,155.0
2025-06-19,1,5,143.0
2025-06-20,1,5,135.0
2025-06-21,1,5,135.0
2025-06-22,1,5,146.0
2025-06-23,1,5,134.0
2025-06-24,1,5,129.0
2025-06-25,1,5,144.0
2025-06-26,1,5,150.0
2025-06-27,1,5,125.0
2025-06-28,1,5,124.0
2025-06-29,1,5,134.0
2025-06-30,1,5,153.0
2025-07-01,1,5,132.0
2025-07-02,1,5,132.0
2025-07-03,1,5,139.0
2025-07-04,1,5,138.0
2025-07-05,1,5,122.0
2025-07-06,1,5,116.0
2025-07-07,1,5,134.0
2025-07-08,1,5,139.0
2025-07-09,1,5,147.0
2025-07-10,1,5,136.0
2025-07-11,1,5,130.0
2025-07-12,1,5,118.0
2025-07-13,1,5,137.0
2025-07-14,1,5,123.0
2025-07-15,1,5,126.0
2025-07-16,1,5,142.0
2025-07-17,1,5,116.0
2025-07-18,1,5,107.0
2025-07-19,1,5,115.0
2025-07-20,1,5,115.0
2025-07-21,1,5,118.0
2025-07-22,1,5,131.0
2025-07-23,1,5,119.0
2025-07-24,1,5,121.0
2025-07-25,1,5,111.0
2025-07-26,1,5,104.0
2025-07-27,1,5,110.0
2025-07-28,1,5,120.0
2025-07-29,1,5,133.0
2025-07-30,1,5,124.0
2025-07-31,1,5,99.0
2025-08-01,1,5,109.0
2025-08-02,1,5,105.0
2025-08-03,1,5,111.0
2025-08-04,1,5,111.0
2025-08-05,1,5,122.0
2025-08-06,1,5,118.0
2025-08-07,1,5,121.0
2025-08-08,1,5,101.0
2025-08-09,1,5,101.0
2025-08-10,1,5,106.0
2025-08-11,1,5,102.0
2025-08-12,1,5,105.0
2025-08-13,1,5,107.0
2025-08-14,1,5,102.0
2025-08-15,1,5,103.0
2025-08-16,1,5,84.0
2025-08-17,1,5,86.0
2025-08-18,1,5,113.0
2025-08-19,1,5,101.0
2025-08-20,1,5,44.58324402094852
2025-08-21,1,5,38.39112679581678
2025-08-22,1,5,40.04235805585191
2025-08-23,1,5,35.91427990576409
2025-08-24,1,5,34.26304864572896
2025-08-25,1,5,43.757628390930954
2025-08-26,1,5,45.408859650966086
2025-08-27,1,5,42.51920494590461
2025-08-28,1,5,106.0
2025-08-29,1,5,105.0
2025-08-30,1,5,94.0
2025-08-31,1,5,93.0
2025-09-01,1,5,96.0
2025-09-02,1,5,104.0
2025-09-03,1,5,98.0
2025-09-04,1,5,95.0
2025-09-05,1,5,93.0
2025-09-06,1,5,83.0
2025-09-07,1,5,85.0
2025-09-08,1,5,92.0
2025-09-09,1,5,105.0
2025-09-10,1,5,91.0
2025-09-11,1,5,100.0
2025-09-12,1,5,94.0
2025-09-13,1,5,90.0
2025-09-14,1,5,81.0
2025-09-15,1,5,80.0
2025-09-16,1,5,100.0
2025-09-17,1,5,98.0
2025-09-18,1,5,100.0
2025-09-19,1,5,83.0
2025-09-20,1,5,88.0
2025-09-21,1,5,92.0
2025-09-22,1,5,89.0
2025-09-23,1,5,98.0
2025-09-24,1,5,99.0
2025-09-25,1,5,87.0
2025-09-26,1,5,90.0
2025-09-27,1,5,94.0
2025-09-28,1,5,85.0
2025-09-29,1,5,80.0
2025-09-30,1,5,91.0
2025-10-01,1,5,85.0
2025-10-02,1,5,101.0
2025-10-03,1,5,92.0
2025-10-04,1,5,80.0
2025-10-05,1,5,76.0
2025-10-06,1,5,85.0
2025-10-07,1,5,91.0
2025-10-08,1,5,98.0
2025-10-09,1,5,94.0
2025-10-10,1,5,97.0
2025-10-11,1,5,80.0
2025-10-12,1,5,76.0
2025-10-13,1,5,84.0
2025-10-14,1,5,97.0
2025-10-15,1,5,94.0
2025-10-16,1,5,93.0
2025-10-17,1,5,86.0
2025-10-18,1,5,92.0
2025-10-19,1,5,84.0
2025-10-20,1,5,91.0
2025-10-21,1,5,104.0
2025-10-22,1,5,97.0
2025-10-23,1,5,100.0
2025-10-24,1,5,94.0
2025-10-25,1,5,89.0
2025-10-26,1,5,83.0
2025-10-27,1,5,104.0
2025-10-28,1,5,116.0
2025-10-29,1,5,103.0
2025-10-30,1,5,93.0
2025-10-31,1,5,95.0
2025-11-01,1,5,98.0
2025-11-02,1,5,89.0
2025-11-03,1,5,98.0
2025-11-04,1,5,107.0
2025-11-05,1,5,114.0
2025-11-06,1,5,109.0
2025-11-07,1,5,103.0
2025-11-08,1,5,92.0
2025-11-09,1,5,100.0
2025-11-10,1,5,98.0
2025-11-11,1,5,114.0
2025-11-12,1,5,118.0
2025-11-13,1,5,111.0
2025-11-14,1,5,100.0
2025-11-15,1,5,98.0
2025-11-16,1,5,113.0
2025-11-17,1,5,105.0
2025-11-18,1,5,120.0
2025-11-19,1,5,117.0
2025-11-20,1,5,110.0
2025-11-21,1,5,98.0
2025-11-22,1,5,105.0
2025-11-23,1,5,107.0
2025-11-24,1,5,124.0
2025-11-25,1,5,112.0
2025-11-26,1,5,135.0
2025-11-27,1,5,120.0
2025-11-28,1,5,115.0
2025-11-29,1,5,105.0
2025-11-30,1,5,113.0
2025-12-01,1,5,120.0
2025-12-02,1,5,129.0
2025-12-03,1,5,119.0
2025-12-04,1,5,132.0
2025-12-05,1,5,120.0
2025-12-06,1,5,119.0
2025-12-07,1,5,115.0
2025-12-08,1,5,117.0
2025-12-09,1,5,130.0
2025-12-10,1,5,132.0
2025-12-11,1,5,119.0
2025-12-12,1,5,128.0
2025-12-13,1,5,127.0
2025-12-14,1,5,118.0
2025-12-15,1,5,122.0
2025-12-16,1,5,133.0
2025-12-17,1,5,137.0
2025-12-18,1,5,133.0
2025-12-19,1,5,129.0
2025-12-20,1,5,128.0
2025-12-21,1,5,120.0
2025-12-22,1,5,127.0
2025-12-23,1,5,123.0
2025-12-24,1,5,149.0
2025-12-25,1,5,141.0
2025-12-26,1,5,142.0
2025-12-27,1,5,125.0
2025-12-28,1,5,135.0
2025-12-29,1,5,143.0
2025-12-30,1,5,144.0
2024-01-01,2,1,134.0
2024-01-02,2,1,154.0
2024-01-03,2,1,152.0
2024-01-04,2,1,129.0
2024-01-05,2,1,131.0
2024-01-06,2,1,126.0
2024-01-07,2,1,127.0
2024-01-08,2,1,142.0
2024-01-09,2,1,138.0
2024-01-10,2,1,147.0
2024-01-11,2,1,148.0
2024-01-12,2,1,140.0
2024-01-13,2,1,131.0
2024-01-14,2,1,131.0
2024-01-15,2,1,141.0
2024-01-16,2,1,156.0
2024-01-17,2,1,154.0
2024-01-18,2,1,142.0
2024-01-19,2,1,131.0
2024-01-20,2,1,124.0
2024-01-21,2,1,146.0
2024-01-22,2,1,151.0
2024-01-23,2,1,155.0
2024-01-24,2,1,155.0
2024-01-25,2,1,149.0
2024-01-26,2,1,151.0
2024-01-27,2,1,151.0
2024-01-28,2,1,136.0
2024-01-29,2,1,157.0
2024-01-30,2,1,159.0
2024-01-31,2,1,160.0
2024-02-01,2,1,166.0
2024-02-02,2,1,147.0
2024-02-03,2,1,143.0
2024-02-04,2,1,146.0
2024-02-05,2,1,142.0
2024-02-06,2,1,165.0
2024-02-07,2,1,162.0
2024-02-08,2,1,150.0
2024-02-09,2,1,147.0
2024-02-10,2,1,141.0
2024-02-11,2,1,154.0
2024-02-12,2,1,149.0
2024-02-13,2,1,161.0
2024-02-14,2,1,170.0
2024-02-15,2,1,154.0
2024-02-16,2,1,149.0
2024-02-17,2,1,137.0
2024-02-18,2,1,157.0
2024-02-19,2,1,158.0
2024-02-20,2,1,169.0
2024-02-21,2,1,178.0
2024-02-22,2,1,161.0
2024-02-23,2,1,154.0
2024-02-24,2,1,144.0
2024-02-25,2,1,146.0
2024-02-26,2,1,156.0
2024-02-27,2,1,168.0
2024-02-28,2,1,172.0
2024-02-29,2,1,170.0
2024-03-01,2,1,153.0
2024-03-02,2,1,155.0
2024-03-03,2,1,159.0
2024-03-04,2,1,162.0
2024-03-05,2,1,168.0
2024-03-06,2,1,177.0
2024-03-07,2,1,169.0
2024-03-08,2,1,163.0
2024-03-09,2,1,166.0
2024-03-10,2,1,158.0
2024-03-11,2,1,162.0
2024-03-12,2,1,170.0
2024-03-13,2,1,172.0
2024-03-14,2,1,162.0
2024-03-15,2,1,169.0
2024-03-16,2,1,142.0
2024-03-17,2,1,162.0
2024-03-18,2,1,162.0
2024-03-19,2,1,174.0
2024-03-20,2,1,173.0
2024-03-21,2,1,183.0
2024-03-22,2,1,164.0
2024-03-23,2,1,163.0
2024-03-24,2,1,169.0
2024-03-25,2,1,170.0
2024-03-26,2,1,170.0
2024-03-27,2,1,179.0
2024-03-28,2,1,169.0
2024-03-29,2,1,161.0
2024-03-30,2,1,158.0
2024-03-31,2,1,160.0
2024-04-01,2,1,173.0
2024-04-02,2,1,183.0
2024-04-03,2,1,180.0
2024-04-04,2,1,178.0
2024-04-05,2,1,161.0
2024-04-06,2,1,168.0
2024-04-07,2,1,157.0
2024-04-08,2,1,178.0
2024-04-09,2,1,169.0
2024-04-10,2,1,178.0
2024-04-11,2,1,173.0
2024-04-12,2,1,167.0
2024-04-13,2,1,165.0
2024-04-14,2,1,153.0
2024-04-15,2,1,162.0
2024-04-16,2,1,169.0
2024-04-17,2,1,190.0
2024-04-18,2,1,176.0
2024-04-19,2,1,157.0
2024-04-20,2,1,155.0
2024-04-21,2,1,168.0
2024-04-22,2,1,167.0
2024-04-23,2,1,175.0
2024-04-24,2,1,175.0
2024-04-25,2,1,167.0
2024-04-26,2,1,172.0
2024-04-27,2,1,169.0
2024-04-28,2,1,153.0
2024-04-29,2,1,178.0
2024-04-30,2,1,173.0
2024-05-01,2,1,182.0
2024-05-02,2,1,182.0
2024-05-03,2,1,161.0
2024-05-04,2,1,154.0
2024-05-05,2,1,163.0
2024-05-06,2,1,159.0
2024-05-07,2,1,183.0
2024-05-08,2,1,178.0
2024-05-09,2,1,167.0
2024-05-10,2,1,156.0
2024-05-11,2,1,145.0
2024-05-12,2,1,152.0
2024-05-13,2,1,163.0
2024-05-14,2,1,166.0
2024-05-15,2,1,175.0
2024-05-16,2,1,172.0
2024-05-17,2,1,157.0
2024-05-18,2,1,156.0
2024-05-19,2,1,148.0
2024-05-20,2,1,169.0
2024-05-21,2,1,172.0
2024-05-22,2,1,183.0
2024-05-23,2,1,183.0
2024-05-24,2,1,153.0
2024-05-25,2,1,147.0
2024-05-26,2,1,150.0
2024-05-27,2,1,164.0
2024-05-28,2,1,177.0
2024-05-29,2,1,166.0
2024-05-30,2,1,166.0
2024-05-31,2,1,152.0
2024-06-01,2,1,151.0
2024-06-02,2,1,159.0
2024-06-03,2,1,155.0
2024-06-04,2,1,154.0
2024-06-05,2,1,172.0
2024-06-06,2,1,155.0
2024-06-07,2,1,149.0
2024-06-08,2,1,149.0
2024-06-09,2,1,148.0
2024-06-10,2,1,153.0
2024-06-11,2,1,158.0
2024-06-12,2,1,144.0
2024-06-13,2,1,162.0
2024-06-14,2,1,146.0
2024-06-15,2,1,151.0
2024-06-16,2,1,145.0
2024-06-17,2,1,147.0
2024-06-18,2,1,166.0
2024-06-19,2,1,169.0
2024-06-20,2,1,153.0
2024-06-21,2,1,152.0
2024-06-22,2,1,134.0
2024-06-23,2,1,140.0
2024-06-24,2,1,151.0
2024-06-25,2,1,161.0
2024-06-26,2,1,162.0
2024-06-27,2,1,149.0
2024-06-28,2,1,148.0
2024-06-29,2,1,133.0
2024-06-30,2,1,132.0
2024-07-01,2,1,140.0
2024-07-02,2,1,166.0
2024-07-03,2,1,149.0
2024-07-04,2,1,156.0
2024-07-05,2,1,130.0
2024-07-06,2,1,134.0
2024-07-07,2,1,135.0
2024-07-08,2,1,152.0
2024-07-09,2,1,145.0
2024-07-10,2,1,145.0
2024-07-11,2,1,144.0
2024-07-12,2,1,145.0
2024-07-13,2,1,121.0
2024-07-14,2,1,112.0
2024-07-15,2,1,138.0
2024-07-16,2,1,152.0
2024-07-17,2,1,141.0
2024-07-18,2,1,147.0
2024-07-19,2,1,124.0
2024-07-20,2,1,123.0
2024-07-21,2,1,131.0
2024-07-22,2,1,126.0
2024-07-23,2,1,144.0
2024-07-24,2,1,153.0
2024-07-25,2,1,141.0
2024-07-26,2,1,123.0
2024-07-27,2,1,131.0
2024-07-28,2,1,127.0
2024-07-29,2,1,119.0
2024-07-30,2,1,146.0
2024-07-31,2,1,138.0
2024-08-01,2,1,136.0
2024-08-02,2,1,132.0
2024-08-03,2,1,115.0
2024-08-04,2,1,109.0
2024-08-05,2,1,139.0
2024-08-06,2,1,145.0
2024-08-07,2,1,138.0
2024-08-08,2,1,138.0
2024-08-09,2,1,120.0
2024-08-10,2,1,116.0
2024-08-11,2,1,116.0
2024-08-12,2,1,124.0
2024-08-13,2,1,137.0
2024-08-14,2,1,128.0
2024-08-15,2,1,128.0
2024-08-16,2,1,122.0
2024-08-17,2,1,126.0
2024-08-18,2,1,107.0
2024-08-19,2,1,127.0
2024-08-20,2,1,136.0
2024-08-21,2,1,121.0
2024-08-22,2,1,130.0
2024-08-23,2,1,124.0
2024-08-24,2,1,115.0
2024-08-25,2,1,113.0
2024-08-26,2,1,124.0
2024-08-27,2,1,131.0
2024-08-28,2,1,121.0
2024-08-29,2,1,127.0
2024-08-30,2,1,113.0
2024-08-31,2,1,105.0
2024-09-01,2,1,128.0
2024-09-02,2,1,129.0
2024-09-03,2,1,121.0
2024-09-04,2,1,133.0
2024-09-05,2,1,134.0
2024-09-06,2,1,34.31039715741924
2024-09-07,2,1,35.959935482295165
2024-09-08,2,1,36.619750812245535
2024-09-09,2,1,36.289843147270346
2024-09-10,2,1,42.887996446774046
2024-09-11,2,1,45.19735010160034
2024-09-12,2,1,44.207627106674785
2024-09-13,2,1,36.949658477220716
2024-09-14,2,1,40.90855045692294
2024-09-15,2,1,95.0
2024-09-16,2,1,121.0
2024-09-17,2,1,117.0
2024-09-18,2,1,130.0
2024-09-19,2,1,119.0
2024-09-20,2,1,116.0
2024-09-21,2,1,106.0
2024-09-22,2,1,103.0
2024-09-23,2,1,113.0
2024-09-24,2,1,140.0
2024-09-25,2,1,132.0
2024-09-26,2,1,111.0
2024-09-27,2,1,117.0
2024-09-28,2,1,106.0
2024-09-29,2,1,109.0
2024-09-30,2,1,123.0
2024-10-01,2,1,135.0
2024-10-02,2,1,123.0
2024-10-03,2,1,123.0
2024-10-04,2,1,110.0
2024-10-05,2,1,111.0
2024-10-06,2,1,108.0
2024-10-07,2,1,119.0
2024-10-08,2,1,126.0
2024-10-09,2,1,129.0
2024-10-10,2,1,135.0
2024-10-11,2,1,130.0
2024-10-12,2,1,111.0
2024-10-13,2,1,110.0
2024-10-14,2,1,109.0
2024-10-15,2,1,123.0
2024-10-16,2,1,130.0
2024-10-17,2,1,120.0
2024-10-18,2,1,111.0
2024-10-19,2,1,120.0
2024-10-20,2,1,112.0
2024-10-21,2,1,122.0
2024-10-22,2,1,125.0
2024-10-23,2,1,140.0
2024-10-24,2,1,125.0
2024-10-25,2,1,114.0
2024-10-26,2,1,101.0
2024-10-27,2,1,113.0
2024-10-28,2,1,119.0
2024-10-29,2,1,143.0
2024-10-30,2,1,147.0
2024-10-31,2,1,120.0
2024-11-01,2,1,112.0
2024-11-02,2,1,112.0
2024-11-03,2,1,110.0
2024-11-04,2,1,127.0
2024-11-05,2,1,132.0
2024-11-06,2,1,139.0
2024-11-07,2,1,138.0
2024-11-08,2,1,114.0
2024-11-09,2,1,123.0
2024-11-10,2,1,114.0
2024-11-11,2,1,142.0
2024-11-12,2,1,148.0
2024-11-13,2,1,139.0
2024-11-14,2,1,127.0
2024-11-15,2,1,117.0
2024-11-16,2,1,125.0
2024-11-17,2,1,121.0
2024-11-18,2,1,137.0
2024-11-19,2,1,155.0
2024-11-20,2,1,137.0
2024-11-21,2,1,129.0
2024-11-22,2,1,129.0
2024-11-23,2,1,130.0
2024-11-24,2,1,118.0
2024-11-25,2,1,134.0
2024-11-26,2,1,153.0
2024-11-27,2,1,135.0
2024-11-28,2,1,142.0
2024-11-29,2,1,127.0
2024-11-30,2,1,126.0
2024-12-01,2,1,133.0
2024-12-02,2,1,139.0
2024-12-03,2,1,140.0
2024-12-04,2,1,146.0
2024-12-05,2,1,154.0
2024-12-06,2,1,137.0
2024-12-07,2,1,135.0
2024-12-08,2,1,134.0
2024-12-09,2,1,147.0
2024-12-10,2,1,148.0
2024-12-11,2,1,148.0
2024-12-12,2,1,153.0
2024-12-13,2,1,146.0
2024-12-14,2,1,127.0
2024-12-15,2,1,132.0
2024-12-16,2,1,144.0
2024-12-17,2,1,166.0
2024-12-18,2,1,161.0
2024-12-19,2,1,143.0
2024-12-20,2,1,142.0
2024-12-21,2,1,136.0
2024-12-22,2,1,132.0
2024-12-23,2,1,149.0
2024-12-24,2,1,157.0
2024-12-25,2,1,159.0
2024-12-26,2,1,153.0
2024-12-27,2,1,157.0
2024-12-28,2,1,139.0
2024-12-29,2,1,144.0
2024-12-30,2,1,153.0
2024-12-31,2,1,159.0
2025-01-01,2,1,166.0
2025-01-02,2,1,161.0
2025-01-03,2,1,151.0
2025-01-04,2,1,140.0
2025-01-05,2,1,147.0
2025-01-06,2,1,163.0
2025-01-07,2,1,166.0
2025-01-08,2,1,171.0
2025-01-09,2,1,165.0
2025-01-10,2,1,158.0
2025-01-11,2,1,153.0
2025-01-12,2,1,151.0
2025-01-13,2,1,155.0
2025-01-14,2,1,163.0
2025-01-15,2,1,181.0
2025-01-16,2,1,174.0
2025-01-17,2,1,163.0
2025-01-18,2,1,159.0
2025-01-19,2,1,155.0
2025-01-20,2,1,161.0
2025-01-21,2,1,168.0
2025-01-22,2,1,170.0
2025-01-23,2,1,180.0
2025-01-24,2,1,160.0
2025-01-25,2,1,165.0
2025-01-26,2,1,159.0
2025-01-27,2,1,165.0
2025-01-28,2,1,171.0
2025-01-29,2,1,178.0
2025-01-30,2,1,186.0
2025-01-31,2,1,159.0
2025-02-01,2,1,175.0
2025-02-02,2,1,158.0
2025-02-03,2,1,178.0
2025-02-04,2,1,181.0
2025-02-05,2,1,183.0
2025-02-06,2,1,171.0
2025-02-07,2,1,169.0
2025-02-08,2,1,157.0
2025-02-09,2,1,156.0
2025-02-10,2,1,177.0
2025-02-11,2,1,181.0
2025-02-12,2,1,200.0
2025-02-13,2,1,189.0
2025-02-14,2,1,185.0
2025-02-15,2,1,163.0
2025-02-16,2,1,171.0
2025-02-17,2,1,162.0
2025-02-18,2,1,187.0
2025-02-19,2,1,192.0
2025-02-20,2,1,187.0
2025-02-21,2,1,176.0
2025-02-22,2,1,171.0
2025-02-23,2,1,155.0
2025-02-24,2,1,184.0
2025-02-25,2,1,195.0
2025-02-26,2,1,203.0
2025-02-27,2,1,191.0
2025-02-28,2,1,178.0
2025-03-01,2,1,181.0
2025-03-02,2,1,160.0
2025-03-03,2,1,181.0
2025-03-04,2,1,189.0
2025-03-05,2,1,196.0
2025-03-06,2,1,176.0
2025-03-07,2,1,190.0
2025-03-08,2,1,173.0
2025-03-09,2,1,180.0
2025-03-10,2,1,188.0
2025-03-11,2,1,204.0
2025-03-12,2,1,185.0
2025-03-13,2,1,193.0
2025-03-14,2,1,190.0
2025-03-15,2,1,176.0
2025-03-16,2,1,173.0
2025-03-17,2,1,184.0
2025-03-18,2,1,195.0
2025-03-19,2,1,195.0
2025-03-20,2,1,193.0
2025-03-21,2,1,194.0
2025-03-22,2,1,174.0
2025-03-23,2,1,177.0
2025-03-24,2,1,192.0
2025-03-25,2,1,197.0
2025-03-26,2,1,192.0
2025-03-27,2,1,194.0
2025-03-28,2,1,184.0
2025-03-29,2,1,186.0
2025-03-30,2,1,175.0
2025-03-31,2,1,197.0
2025-04-01,2,1,198.0
2025-04-02,2,1,194.0
2025-04-03,2,1,186.0
2025-04-04,2,1,199.0
2025-04-05,2,1,178.0
2025-04-06,2,1,188.0
2025-04-07,2,1,179.0
2025-04-08,2,1,217.0
2025-04-09,2,1,207.0
2025-04-10,2,1,193.0
2025-04-11,2,1,183.0
2025-04-12,2,1,184.0
2025-04-13,2,1,186.0
2025-04-14,2,1,191.0
2025-04-15,2,1,199.0
2025-04-16,2,1,205.0
2025-04-17,2,1,183.0
2025-04-18,2,1,182.0
2025-04-19,2,1,167.0
2025-04-20,2,1,185.0
2025-04-21,2,1,185.0
2025-04-22,2,1,187.0
2025-04-23,2,1,195.0
2025-04-24,2,1,195.0
2025-04-25,2,1,183.0
2025-04-26,2,1,170.0
2025-04-27,2,1,168.0
2025-04-28,2,1,189.0
2025-04-29,2,1,193.0
2025-04-30,2,1,197.0
2025-05-01,2,1,192.0
2025-05-02,2,1,186.0
2025-05-03,2,1,182.0
2025-05-04,2,1,179.0
2025-05-05,2,1,185.0
2025-05-06,2,1,196.0
2025-05-07,2,1,195.0
2025-05-08,2,1,180.0
2025-05-09,2,1,188.0
2025-05-10,2,1,181.0
2025-05-11,2,1,190.0
2025-05-12,2,1,201.0
2025-05-13,2,1,186.0
2025-05-14,2,1,193.0
2025-05-15,2,1,206.0
2025-05-16,2,1,179.0
2025-05-17,2,1,174.0
2025-05-18,2,1,164.0
2025-05-19,2,1,184.0
2025-05-20,2,1,204.0
2025-05-21,2,1,202.0
2025-05-22,2,1,183.0
2025-05-23,2,1,174.0
2025-05-24,2,1,162.0
2025-05-25,2,1,166.0
2025-05-26,2,1,167.0
2025-05-27,2,1,188.0
2025-05-28,2,1,201.0
2025-05-29,2,1,187.0
2025-05-30,2,1,183.0
2025-05-31,2,1,175.0
2025-06-01,2,1,165.0
2025-06-02,2,1,172.0
2025-06-03,2,1,181.0
2025-06-04,2,1,176.0
2025-06-05,2,1,181.0
2025-06-06,2,1,151.0
2025-06-07,2,1,169.0
2025-06-08,2,1,167.0
2025-06-09,2,1,178.0
2025-06-10,2,1,190.0
2025-06-11,2,1,186.0
2025-06-12,2,1,189.0
2025-06-13,2,1,172.0
2025-06-14,2,1,156.0
2025-06-15,2,1,162.0
2025-06-16,2,1,156.0
2025-06-17,2,1,174.0
2025-06-18,2,1,179.0
2025-06-19,2,1,179.0
2025-06-20,2,1,160.0
2025-06-21,2,1,150.0
2025-06-22,2,1,147.0
2025-06-23,2,1,164.0
2025-06-24,2,1,190.0
2025-06-25,2,1,180.0
2025-06-26,2,1,178.0
2025-06-27,2,1,155.0
2025-06-28,2,1,144.0
2025-06-29,2,1,148.0
2025-06-30,2,1,164.0
2025-07-01,2,1,160.0
2025-07-02,2,1,168.0
2025-07-03,2,1,164.0
2025-07-04,2,1,149.0
2025-07-05,2,1,137.0
2025-07-06,2,1,155.0
2025-07-07,2,1,162.0
2025-07-08,2,1,175.0
2025-07-09,2,1,164.0
2025-07-10,2,1,170.0
2025-07-11,2,1,165.0
2025-07-12,2,1,150.0
2025-07-13,2,1,146.0
2025-07-14,2,1,159.0
2025-07-15,2,1,162.0
2025-07-16,2,1,163.0
2025-07-17,2,1,166.0
2025-07-18,2,1,151.0
2025-07-19,2,1,153.0
2025-07-20,2,1,144.0
2025-07-21,2,1,153.0
2025-07-22,2,1,160.0
2025-07-23,2,1,158.0
2025-07-24,2,1,164.0
2025-07-25,2,1,163.0
2025-07-26,2,1,139.0
2025-07-27,2,1,139.0
2025-07-28,2,1,147.0
2025-07-29,2,1,156.0
2025-07-30,2,1,173.0
2025-07-31,2,1,151.0
2025-08-01,2,1,141.0
2025-08-02,2,1,130.0
2025-08-03,2,1,143.0
2025-08-04,2,1,149.0
2025-08-05,2,1,150.0
2025-08-06,2,1,153.0
2025-08-07,2,1,163.0
2025-08-08,2,1,143.0
2025-08-09,2,1,137.0
2025-08-10,2,1,139.0
2025-08-11,2,1,156.0
2025-08-12,2,1,148.0
2025-08-13,2,1,154.0
2025-08-14,2,1,149.0
2025-08-15,2,1,129.0
2025-08-16,2,1,128.0
2025-08-17,2,1,143.0
2025-08-18,2,1,149.0
2025-08-19,2,1,159.0
2025-08-20,2,1,151.0
2025-08-21,2,1,145.0
2025-08-22,2,1,126.0
2025-08-23,2,1,138.0
2025-08-24,2,1,141.0
2025-08-25,2,1,150.0
2025-08-26,2,1,162.0
2025-08-27,2,1,156.0
2025-08-28,2,1,157.0
2025-08-29,2,1,135.0
2025-08-30,2,1,118.0
2025-08-31,2,1,138.0
2025-09-01,2,1,128.0
2025-09-02,2,1,150.0
2025-09-03,2,1,158.0
2025-09-04,2,1,147.0
2025-09-05,2,1,150.0
2025-09-06,2,1,115.0
2025-09-07,2,1,130.0
2025-09-08,2,1,139.0
2025-09-09,2,1,139.0
2025-09-10,2,1,142.0
2025-09-11,2,1,138.0
2025-09-12,2,1,126.0
2025-09-13,2,1,127.0
2025-09-14,2,1,126.0
2025-09-15,2,1,141.0
2025-09-16,2,1,152.0
2025-09-17,2,1,153.0
2025-09-18,2,1,140.0
2025-09-19,2,1,135.0
2025-09-20,2,1,134.0
2025-09-21,2,1,132.0
2025-09-22,2,1,151.0
2025-09-23,2,1,154.0
2025-09-24,2,1,161.0
2025-09-25,2,1,126.0
2025-09-26,2,1,134.0
2025-09-27,2,1,125.0
2025-09-28,2,1,128.0
2025-09-29,2,1,133.0
2025-09-30,2,1,150.0
2025-10-01,2,1,137.0
2025-10-02,2,1,146.0
2025-10-03,2,1,128.0
2025-10-04,2,1,124.0
2025-10-05,2,1,133.0
2025-10-06,2,1,139.0
2025-10-07,2,1,155.0
2025-10-08,2,1,143.0
2025-10-09,2,1,143.0
2025-10-10,2,1,140.0
2025-10-11,2,1,131.0
2025-10-12,2,1,133.0
2025-10-13,2,1,147.0
2025-10-14,2,1,146.0
2025-10-15,2,1,147.0
2025-10-16,2,1,149.0
2025-10-17,2,1,134.0
2025-10-18,2,1,137.0
2025-10-19,2,1,134.0
2025-10-20,2,1,137.0
2025-10-21,2,1,152.0
2025-10-22,2,1,146.0
2025-10-23,2,1,153.0
2025-10-24,2,1,128.0
2025-10-25,2,1,139.0
2025-10-26,2,1,136.0
2025-10-27,2,1,142.0
2025-10-28,2,1,157.0
2025-10-29,2,1,158.0
2025-10-30,2,1,158.0
2025-10-31,2,1,148.0
2025-11-01,2,1,136.0
2025-11-02,2,1,130.0
2025-11-03,2,1,141.0
2025-11-04,2,1,154.0
2025-11-05,2,1,164.0
2025-11-06,2,1,148.0
2025-11-07,2,1,210.37916563311012
2025-11-08,2,1,224.0008382280597
2025-11-09,2,1,208.8656464558935
2025-11-10,2,1,216.4332423419766
2025-11-11,2,1,162.0
2025-11-12,2,1,159.0
2025-11-13,2,1,144.0
2025-11-14,2,1,151.0
2025-11-15,2,1,134.0
2025-11-16,2,1,142.0
2025-11-17,2,1,150.0
2025-11-18,2,1,161.0
2025-11-19,2,1,148.0
2025-11-20,2,1,154.0
2025-11-21,2,1,155.0
2025-11-22,2,1,150.0
2025-11-23,2,1,138.0
2025-11-24,2,1,160.0
2025-11-25,2,1,158.0
2025-11-26,2,1,163.0
2025-11-27,2,1,158.0
2025-11-28,2,1,152.0
2025-11-29,2,1,152.0
2025-11-30,2,1,150.0
2025-12-01,2,1,156.0
2025-12-02,2,1,173.0
2025-12-03,2,1,164.0
2025-12-04,2,1,163.0
2025-12-05,2,1,161.0
2025-12-06,2,1,153.0
2025-12-07,2,1,148.0
2025-12-08,2,1,151.0
2025-12-09,2,1,173.0
2025-12-10,2,1,162.0
2025-12-11,2,1,166.0
2025-12-12,2,1,166.0
2025-12-13,2,1,157.0
2025-12-14,2,1,142.0
2025-12-15,2,1,166.0
2025-12-16,2,1,172.0
2025-12-17,2,1,168.0
2025-12-18,2,1,174.0
2025-12-19,2,1,159.0
2025-12-20,2,1,154.0
2025-12-21,2,1,160.0
2025-12-22,2,1,165.0
2025-12-23,2,1,179.0
2025-12-24,2,1,177.0
2025-12-25,2,1,172.0
2025-12-26,2,1,173.0
2025-12-27,2,1,168.0
2025-12-28,2,1,152.0
2025-12-29,2,1,178.0
2025-12-30,2,1,192.0
2024-01-01,2,2,111.0
2024-01-02,2,2,137.0
2024-01-03,2,2,145.0
2024-01-04,2,2,122.0
2024-01-05,2,2,124.0
2024-01-06,2,2,106.0
2024-01-07,2,2,115.0
2024-01-08,2,2,124.0
2024-01-09,2,2,144.0
2024-01-10,2,2,150.0
2024-01-11,2,2,140.0
2024-01-12,2,2,123.0
2024-01-13,2,2,112.0
2024-01-14,2,2,118.0
2024-01-15,2,2,135.0
2024-01-16,2,2,149.0
2024-01-17,2,2,152.0
2024-01-18,2,2,134.0
2024-01-19,2,2,127.0
2024-01-20,2,2,115.0
2024-01-21,2,2,126.0
2024-01-22,2,2,132.0
2024-01-23,2,2,152.0
2024-01-24,2,2,152.0
2024-01-25,2,2,135.0
2024-01-26,2,2,137.0
2024-01-27,2,2,123.0
2024-01-28,2,2,134.0
2024-01-29,2,2,131.0
2024-01-30,2,2,152.0
2024-01-31,2,2,156.0
2024-02-01,2,2,151.0
2024-02-02,2,2,128.0
2024-02-03,2,2,130.0
2024-02-04,2,2,142.0
2024-02-05,2,2,147.0
2024-02-06,2,2,158.0
2024-02-07,2,2,154.0
2024-02-08,2,2,149.0
2024-02-09,2,2,139.0
2024-02-10,2,2,128.0
2024-02-11,2,2,140.0
2024-02-12,2,2,151.0
2024-02-13,2,2,176.0
2024-02-14,2,2,160.0
2024-02-15,2,2,157.0
2024-02-16,2,2,135.0
2024-02-17,2,2,122.0
2024-02-18,2,2,142.0
2024-02-19,2,2,154.0
2024-02-20,2,2,160.0
2024-02-21,2,2,169.0
2024-02-22,2,2,156.0
2024-02-23,2,2,143.0
2024-02-24,2,2,136.0
2024-02-25,2,2,136.0
2024-02-26,2,2,150.0
2024-02-27,2,2,164.0
2024-02-28,2,2,173.0
2024-02-29,2,2,147.0
2024-03-01,2,2,147.0
2024-03-02,2,2,134.0
2024-03-03,2,2,138.0
2024-03-04,2,2,154.0
2024-03-05,2,2,170.0
2024-03-06,2,2,172.0
2024-03-07,2,2,159.0
2024-03-08,2,2,155.0
2024-03-09,2,2,137.0
2024-03-10,2,2,142.0
2024-03-11,2,2,160.0
2024-03-12,2,2,174.0
2024-03-13,2,2,172.0
2024-03-14,2,2,150.0
2024-03-15,2,2,148.0
2024-03-16,2,2,145.0
2024-03-17,2,2,151.0
2024-03-18,2,2,160.0
2024-03-19,2,2,171.0
2024-03-20,2,2,189.0
2024-03-21,2,2,166.0
2024-03-22,2,2,157.0
2024-03-23,2,2,138.0
2024-03-24,2,2,143.0
2024-03-25,2,2,165.0
2024-03-26,2,2,180.0
2024-03-27,2,2,176.0
2024-03-28,2,2,159.0
2024-03-29,2,2,154.0
2024-03-30,2,2,147.0
2024-03-31,2,2,150.0
2024-04-01,2,2,159.0
2024-04-02,2,2,174.0
2024-04-03,2,2,174.0
2024-04-04,2,2,163.0
2024-04-05,2,2,159.0
2024-04-06,2,2,147.0
2024-04-07,2,2,148.0
2024-04-08,2,2,159.0
2024-04-09,2,2,174.0
2024-04-10,2,2,179.0
2024-04-11,2,2,178.0
2024-04-12,2,2,158.0
2024-04-13,2,2,142.0
2024-04-14,2,2,145.0
2024-04-15,2,2,157.0
2024-04-16,2,2,173.0
2024-04-17,2,2,173.0
2024-04-18,2,2,171.0
2024-04-19,2,2,139.0
2024-04-20,2,2,148.0
2024-04-21,2,2,149.0
2024-04-22,2,2,167.0
2024-04-23,2,2,178.0
2024-04-24,2,2,172.0
2024-04-25,2,2,171.0
2024-04-26,2,2,151.0
2024-04-27,2,2,133.0
2024-04-28,2,2,147.0
2024-04-29,2,2,155.0
2024-04-30,2,2,171.0
2024-05-01,2,2,183.0
2024-05-02,2,2,166.0
2024-05-03,2,2,145.0
2024-05-04,2,2,147.0
2024-05-05,2,2,146.0
2024-05-06,2,2,150.0
2024-05-07,2,2,160.0
2024-05-08,2,2,167.0
2024-05-09,2,2,167.0
2024-05-10,2,2,147.0
2024-05-11,2,2,139.0
2024-05-12,2,2,134.0
2024-05-13,2,2,159.0
2024-05-14,2,2,155.0
2024-05-15,2,2,166.0
2024-05-16,2,2,162.0
2024-05-17,2,2,139.0
2024-05-18,2,2,140.0
2024-05-19,2,2,134.0
2024-05-20,2,2,145.0
2024-05-21,2,2,171.0
2024-05-22,2,2,167.0
2024-05-23,2,2,160.0
2024-05-24,2,2,148.0
2024-05-25,2,2,119.0
2024-05-26,2,2,139.0
2024-05-27,2,2,144.0
2024-05-28,2,2,157.0
2024-05-29,2,2,166.0
2024-05-30,2,2,152.0
2024-05-31,2,2,142.0
2024-06-01,2,2,129.0
2024-06-02,2,2,133.0
2024-06-03,2,2,142.0
2024-06-04,2,2,151.0
2024-06-05,2,2,155.0
2024-06-06,2,2,150.0
2024-06-07,2,2,146.0
2024-06-08,2,2,134.0
2024-06-09,2,2,125.0
2024-06-10,2,2,141.0
2024-06-11,2,2,151.0
2024-06-12,2,2,156.0
2024-06-13,2,2,148.0
2024-06-14,2,2,134.0
2024-06-15,2,2,106.0
2024-06-16,2,2,127.0
2024-06-17,2,2,135.0
2024-06-18,2,2,145.0
2024-06-19,2,2,156.0
2024-06-20,2,2,150.0
2024-06-21,2,2,131.0
2024-06-22,2,2,115.0
2024-06-23,2,2,114.0
2024-06-24,2,2,116.0
2024-06-25,2,2,146.0
2024-06-26,2,2,151.0
2024-06-27,2,2,137.0
2024-06-28,2,2,128.0
2024-06-29,2,2,106.0
2024-06-30,2,2,115.0
2024-07-01,2,2,127.0
2024-07-02,2,2,140.0
2024-07-03,2,2,150.0
2024-07-04,2,2,133.0
2024-07-05,2,2,117.0
2024-07-06,2,2,104.0
2024-07-07,2,2,119.0
2024-07-08,2,2,116.0
2024-07-09,2,2,133.0
2024-07-10,2,2,148.0
2024-07-11,2,2,132.0
2024-07-12,2,2,115.0
2024-07-13,2,2,105.0
2024-07-14,2,2,103.0
2024-07-15,2,2,120.0
2024-07-16,2,2,130.0
2024-07-17,2,2,136.0
2024-07-18,2,2,117.0
2024-07-19,2,2,113.0
2024-07-20,2,2,107.0
2024-07-21,2,2,103.0
2024-07-22,2,2,120.0
2024-07-23,2,2,130.0
2024-07-24,2,2,128.0
2024-07-25,2,2,25.77688488227343
2024-07-26,2,2,22.665881534412843
2024-07-27,2,2,21.999237959871287
2024-07-28,2,2,22.221452484718473
2024-07-29,2,2,26.443528456814985
2024-07-30,2,2,28.66567370528683
2024-07-31,2,2,29.332317279828384
2024-08-01,2,2,119.0
2024-08-02,2,2,98.0
2024-08-03,2,2,96.0
2024-08-04,2,2,97.0
2024-08-05,2,2,102.0
2024-08-06,2,2,128.0
2024-08-07,2,2,130.0
2024-08-08,2,2,108.0
2024-08-09,2,2,96.0
2024-08-10,2,2,87.0
2024-08-11,2,2,96.0
2024-08-12,2,2,108.0
2024-08-13,2,2,118.0
2024-08-14,2,2,122.0
2024-08-15,2,2,104.0
2024-08-16,2,2,99.0
2024-08-17,2,2,87.0
2024-08-18,2,2,86.0
2024-08-19,2,2,94.0
2024-08-20,2,2,115.0
2024-08-21,2,2,120.0
2024-08-22,2,2,99.0
2024-08-23,2,2,94.0
2024-08-24,2,2,85.0
2024-08-25,2,2,84.0
2024-08-26,2,2,102.0
2024-08-27,2,2,112.0
2024-08-28,2,2,117.0
2024-08-29,2,2,109.0
2024-08-30,2,2,95.0
2024-08-31,2,2,88.0
2024-09-01,2,2,87.0
2024-09-02,2,2,95.0
2024-09-03,2,2,107.0
2024-09-04,2,2,107.0
2024-09-05,2,2,105.0
2024-09-06,2,2,97.0
2024-09-07,2,2,79.0
2024-09-08,2,2,86.0
2024-09-09,2,2,92.0
2024-09-10,2,2,110.0
2024-09-11,2,2,119.0
2024-09-12,2,2,107.0
2024-09-13,2,2,80.0
2024-09-14,2,2,83.0
2024-09-15,2,2,86.0
2024-09-16,2,2,96.0
2024-09-17,2,2,111.0
2024-09-18,2,2,106.0
2024-09-19,2,2,102.0
2024-09-20,2,2,94.0
2024-09-21,2,2,84.0
2024-09-22,2,2,85.0
2024-09-23,2,2,90.0
2024-09-24,2,2,101.0
2024-09-25,2,2,111.0
2024-09-26,2,2,102.0
2024-09-27,2,2,87.0
2024-09-28,2,2,74.0
2024-09-29,2,2,84.0
2024-09-30,2,2,95.0
2024-10-01,2,2,109.0
2024-10-02,2,2,114.0
2024-10-03,2,2,100.0
2024-10-04,2,2,85.0
2024-10-05,2,2,85.0
2024-10-06,2,2,78.0
2024-10-07,2,2,92.0
2024-10-08,2,2,115.0
2024-10-09,2,2,108.0
2024-10-10,2,2,102.0
2024-10-11,2,2,86.0
2024-10-12,2,2,70.0
2024-10-13,2,2,82.0
2024-10-14,2,2,90.0
2024-10-15,2,2,110.0
2024-10-16,2,2,118.0
2024-10-17,2,2,91.0
2024-10-18,2,2,87.0
2024-10-19,2,2,83.0
2024-10-20,2,2,72.0
2024-10-21,2,2,105.0
2024-10-22,2,2,112.0
2024-10-23,2,2,120.0
2024-10-24,2,2,102.0
2024-10-25,2,2,89.0
2024-10-26,2,2,82.0
2024-10-27,2,2,98.0
2024-10-28,2,2,106.0
2024-10-29,2,2,113.0
2024-10-30,2,2,117.0
2024-10-31,2,2,111.0
2024-11-01,2,2,107.0
2024-11-02,2,2,87.0
2024-11-03,2,2,89.0
2024-11-04,2,2,100.0
2024-11-05,2,2,116.0
2024-11-06,2,2,115.0
2024-11-07,2,2,113.0
2024-11-08,2,2,88.0
2024-11-09,2,2,86.0
2024-11-10,2,2,95.0
2024-11-11,2,2,107.0
2024-11-12,2,2,115.0
2024-11-13,2,2,120.0
2024-11-14,2,2,119.0
2024-11-15,2,2,93.0
2024-11-16,2,2,84.0
2024-11-17,2,2,89.0
2024-11-18,2,2,108.0
2024-11-19,2,2,114.0
2024-11-20,2,2,130.0
2024-11-21,2,2,111.0
2024-11-22,2,2,104.0
2024-11-23,2,2,91.0
2024-11-24,2,2,98.0
2024-11-25,2,2,103.0
2024-11-26,2,2,130.0
2024-11-27,2,2,123.0
2024-11-28,2,2,114.0
2024-11-29,2,2,120.0
2024-11-30,2,2,101.0
2024-12-01,2,2,107.0
2024-12-02,2,2,118.0
2024-12-03,2,2,126.0
2024-12-04,2,2,125.0
2024-12-05,2,2,123.0
2024-12-06,2,2,105.0
2024-12-07,2,2,97.0
2024-12-08,2,2,97.0
2024-12-09,2,2,120.0
2024-12-10,2,2,142.0
2024-12-11,2,2,140.0
2024-12-12,2,2,128.0
2024-12-13,2,2,115.0
2024-12-14,2,2,90.0
2024-12-15,2,2,108.0
2024-12-16,2,2,116.0
2024-12-17,2,2,138.0
2024-12-18,2,2,140.0
2024-12-19,2,2,128.0
2024-12-20,2,2,120.0
2024-12-21,2,2,112.0
2024-12-22,2,2,124.0
2024-12-23,2,2,132.0
2024-12-24,2,2,143.0
2024-12-25,2,2,141.0
2024-12-26,2,2,132.0
2024-12-27,2,2,127.0
2024-12-28,2,2,115.0
2024-12-29,2,2,121.0
2024-12-30,2,2,139.0
2024-12-31,2,2,138.0
2025-01-01,2,2,158.0
2025-01-02,2,2,148.0
2025-01-03,2,2,117.0
2025-01-04,2,2,134.0
2025-01-05,2,2,126.0
2025-01-06,2,2,135.0
2025-01-07,2,2,154.0
2025-01-08,2,2,150.0
2025-01-09,2,2,150.0
2025-01-10,2,2,129.0
2025-01-11,2,2,136.0
2025-01-12,2,2,129.0
2025-01-13,2,2,146.0
2025-01-14,2,2,152.0
2025-01-15,2,2,164.0
2025-01-16,2,2,151.0
2025-01-17,2,2,130.0
2025-01-18,2,2,128.0
2025-01-19,2,2,144.0
2025-01-20,2,2,152.0
2025-01-21,2,2,158.0
2025-01-22,2,2,154.0
2025-01-23,2,2,151.0
2025-01-24,2,2,134.0
2025-01-25,2,2,124.0
2025-01-26,2,2,142.0
2025-01-27,2,2,152.0
2025-01-28,2,2,175.0
2025-01-29,2,2,163.0
2025-01-30,2,2,160.0
2025-01-31,2,2,139.0
2025-02-01,2,2,135.0
2025-02-02,2,2,141.0
2025-02-03,2,2,153.0
2025-02-04,2,2,169.0
2025-02-05,2,2,178.0
2025-02-06,2,2,169.0
2025-02-07,2,2,146.0
2025-02-08,2,2,142.0
2025-02-09,2,2,150.0
2025-02-10,2,2,165.0
2025-02-11,2,2,169.0
2025-02-12,2,2,180.0
2025-02-13,2,2,169.0
2025-02-14,2,2,148.0
2025-02-15,2,2,150.0
2025-02-16,2,2,150.0
2025-02-17,2,2,153.0
2025-02-18,2,2,174.0
2025-02-19,2,2,180.0
2025-02-20,2,2,167.0
2025-02-21,2,2,164.0
2025-02-22,2,2,156.0
2025-02-23,2,2,150.0
2025-02-24,2,2,163.0
2025-02-25,2,2,178.0
2025-02-26,2,2,181.0
2025-02-27,2,2,170.0
2025-02-28,2,2,139.0
2025-03-01,2,2,161.0
2025-03-02,2,2,155.0
2025-03-03,2,2,167.0
2025-03-04,2,2,183.0
2025-03-05,2,2,184.0
2025-03-06,2,2,174.0
2025-03-07,2,2,157.0
2025-03-08,2,2,143.0
2025-03-09,2,2,150.0
2025-03-10,2,2,164.0
2025-03-11,2,2,187.0
2025-03-12,2,2,191.0
2025-03-13,2,2,173.0
2025-03-14,2,2,149.0
2025-03-15,2,2,155.0
2025-03-16,2,2,156.0
2025-03-17,2,2,169.0
2025-03-18,2,2,190.0
2025-03-19,2,2,189.0
2025-03-20,2,2,174.0
2025-03-21,2,2,159.0
2025-03-22,2,2,155.0
2025-03-23,2,2,155.0
2025-03-24,2,2,172.0
2025-03-25,2,2,191.0
2025-03-26,2,2,181.0
2025-03-27,2,2,181.0
2025-03-28,2,2,171.0
2025-03-29,2,2,157.0
2025-03-30,2,2,165.0
2025-03-31,2,2,172.0
2025-04-01,2,2,187.0
2025-04-02,2,2,192.0
2025-04-03,2,2,177.0
2025-04-04,2,2,177.0
2025-04-05,2,2,161.0
2025-04-06,2,2,168.0
2025-04-07,2,2,179.0
2025-04-08,2,2,188.0
2025-04-09,2,2,197.0
2025-04-10,2,2,181.0
2025-04-11,2,2,162.0
2025-04-12,2,2,157.0
2025-04-13,2,2,155.0
2025-04-14,2,2,161.0
2025-04-15,2,2,181.0
2025-04-16,2,2,189.0
2025-04-17,2,2,186.0
2025-04-18,2,2,161.0
2025-04-19,2,2,162.0
2025-04-20,2,2,153.0
2025-04-21,2,2,167.0
2025-04-22,2,2,75.4023015540207
2025-04-23,2,2,73.4488740526212
2025-04-24,2,2,69.5420190498222
2025-04-25,2,2,64.46310754618351
2025-04-26,2,2,57.8214540414252
2025-04-27,2,2,156.0
2025-04-28,2,2,171.0
2025-04-29,2,2,190.0
2025-04-30,2,2,177.0
2025-05-01,2,2,187.0
2025-05-02,2,2,162.0
2025-05-03,2,2,147.0
2025-05-04,2,2,149.0
2025-05-05,2,2,170.0
2025-05-06,2,2,174.0
2025-05-07,2,2,181.0
2025-05-08,2,2,173.0
2025-05-09,2,2,166.0
2025-05-10,2,2,156.0
2025-05-11,2,2,150.0
2025-05-12,2,2,165.0
2025-05-13,2,2,170.0
2025-05-14,2,2,170.0
2025-05-15,2,2,165.0
2025-05-16,2,2,164.0
2025-05-17,2,2,152.0
2025-05-18,2,2,153.0
2025-05-19,2,2,155.0
2025-05-20,2,2,172.0
2025-05-21,2,2,174.0
2025-05-22,2,2,168.0
2025-05-23,2,2,153.0
2025-05-24,2,2,139.0
2025-05-25,2,2,150.0
2025-05-26,2,2,161.0
2025-05-27,2,2,168.0
2025-05-28,2,2,177.0
2025-05-29,2,2,172.0
2025-05-30,2,2,159.0
2025-05-31,2,2,144.0
2025-06-01,2,2,147.0
2025-06-02,2,2,155.0
2025-06-03,2,2,175.0
2025-06-04,2,2,166.0
2025-06-05,2,2,167.0
2025-06-06,2,2,146.0
2025-06-07,2,2,146.0
2025-06-08,2,2,144.0
2025-06-09,2,2,152.0
2025-06-10,2,2,164.0
2025-06-11,2,2,171.0
2025-06-12,2,2,161.0
2025-06-13,2,2,141.0
2025-06-14,2,2,135.0
2025-06-15,2,2,142.0
2025-06-16,2,2,141.0
2025-06-17,2,2,165.0
2025-06-18,2,2,167.0
2025-06-19,2,2,161.0
2025-06-20,2,2,135.0
2025-06-21,2,2,130.0
2025-06-22,2,2,134.0
2025-06-23,2,2,149.0
2025-06-24,2,2,159.0
2025-06-25,2,2,153.0
2025-06-26,2,2,152.0
2025-06-27,2,2,146.0
2025-06-28,2,2,129.0
2025-06-29,2,2,137.0
2025-06-30,2,2,146.0
2025-07-01,2,2,160.0
2025-07-02,2,2,157.0
2025-07-03,2,2,149.0
2025-07-04,2,2,132.0
2025-07-05,2,2,122.0
2025-07-06,2,2,128.0
2025-07-07,2,2,133.0
2025-07-08,2,2,159.0
2025-07-09,2,2,146.0
2025-07-10,2,2,146.0
2025-07-11,2,2,134.0
2025-07-12,2,2,116.0
2025-07-13,2,2,114.0
2025-07-14,2,2,139.0
2025-07-15,2,2,146.0
2025-07-16,2,2,152.0
2025-07-17,2,2,137.0
2025-07-18,2,2,132.0
2025-07-19,2,2,102.0
2025-07-20,2,2,118.0
2025-07-21,2,2,136.0
2025-07-22,2,2,141.0
2025-07-23,2,2,145.0
2025-07-24,2,2,131.0
2025-07-25,2,2,119.0
2025-07-26,2,2,100.0
2025-07-27,2,2,108.0
2025-07-28,2,2,120.0
2025-07-29,2,2,140.0
2025-07-30,2,2,136.0
2025-07-31,2,2,127.0
2025-08-01,2,2,113.0
2025-08-02,2,2,102.0
2025-08-03,2,2,110.0
2025-08-04,2,2,123.0
2025-08-05,2,2,138.0
2025-08-06,2,2,139.0
2025-08-07,2,2,129.0
2025-08-08,2,2,110.0
2025-08-09,2,2,100.0
2025-08-10,2,2,100.0
2025-08-11,2,2,112.0
2025-08-12,2,2,131.0
2025-08-13,2,2,128.0
2025-08-14,2,2,131.0
2025-08-15,2,2,108.0
2025-08-16,2,2,108.0
2025-08-17,2,2,105.0
2025-08-18,2,2,110.0
2025-08-19,2,2,126.0
2025-08-20,2,2,120.0
2025-08-21,2,2,121.0
2025-08-22,2,2,102.0
2025-08-23,2,2,90.0
2025-08-24,2,2,108.0
2025-08-25,2,2,117.0
2025-08-26,2,2,130.0
2025-08-27,2,2,131.0
2025-08-28,2,2,111.0
2025-08-29,2,2,101.0
2025-08-30,2,2,92.0
2025-08-31,2,2,88.0
2025-09-01,2,2,107.0
2025-09-02,2,2,119.0
2025-09-03,2,2,126.0
2025-09-04,2,2,130.0
2025-09-05,2,2,101.0
2025-09-06,2,2,93.0
2025-09-07,2,2,94.0
2025-09-08,2,2,112.0
2025-09-09,2,2,115.0
2025-09-10,2,2,134.0
2025-09-11,2,2,114.0
2025-09-12,2,2,98.0
2025-09-13,2,2,96.0
2025-09-14,2,2,89.0
2025-09-15,2,2,111.0
2025-09-16,2,2,127.0
2025-09-17,2,2,121.0
2025-09-18,2,2,125.0
2025-09-19,2,2,103.0
2025-09-20,2,2,94.0
2025-09-21,2,2,101.0
2025-09-22,2,2,115.0
2025-09-23,2,2,120.0
2025-09-24,2,2,126.0
2025-09-25,2,2,121.0
2025-09-26,2,2,92.0
2025-09-27,2,2,80.0
2025-09-28,2,2,93.0
2025-09-29,2,2,96.0
2025-09-30,2,2,117.0
2025-10-01,2,2,124.0
2025-10-02,2,2,111.0
2025-10-03,2,2,98.0
2025-10-04,2,2,84.0
2025-10-05,2,2,98.0
2025-10-06,2,2,100.0
2025-10-07,2,2,107.0
2025-10-08,2,2,121.0
2025-10-09,2,2,119.0
2025-10-10,2,2,100.0
2025-10-11,2,2,84.0
2025-10-12,2,2,95.0
2025-10-13,2,2,109.0
2025-10-14,2,2,120.0
2025-10-15,2,2,122.0
2025-10-16,2,2,117.0
2025-10-17,2,2,91.0
2025-10-18,2,2,87.0
2025-10-19,2,2,88.0
2025-10-20,2,2,116.0
2025-10-21,2,2,125.0
2025-10-22,2,2,126.0
2025-10-23,2,2,108.0
2025-10-24,2,2,106.0
2025-10-25,2,2,101.0
2025-10-26,2,2,100.0
2025-10-27,2,2,110.0
2025-10-28,2,2,127.0
2025-10-29,2,2,128.0
2025-10-30,2,2,124.0
2025-10-31,2,2,110.0
2025-11-01,2,2,95.0
2025-11-02,2,2,96.0
2025-11-03,2,2,110.0
2025-11-04,2,2,129.0
2025-11-05,2,2,128.0
2025-11-06,2,2,117.0
2025-11-07,2,2,107.0
2025-11-08,2,2,105.0
2025-11-09,2,2,103.0
2025-11-10,2,2,114.0
2025-11-11,2,2,131.0
2025-11-12,2,2,133.0
2025-11-13,2,2,113.0
2025-11-14,2,2,114.0
2025-11-15,2,2,104.0
2025-11-16,2,2,106.0
2025-11-17,2,2,125.0
2025-11-18,2,2,139.0
2025-11-19,2,2,140.0
2025-11-20,2,2,123.0
2025-11-21,2,2,109.0
2025-11-22,2,2,112.0
2025-11-23,2,2,99.0
2025-11-24,2,2,122.0
2025-11-25,2,2,138.0
2025-11-26,2,2,130.0
2025-11-27,2,2,132.0
2025-11-28,2,2,123.0
2025-11-29,2,2,101.0
2025-11-30,2,2,122.0
2025-12-01,2,2,121.0
2025-12-02,2,2,143.0
2025-12-03,2,2,143.0
2025-12-04,2,2,136.0
2025-12-05,2,2,114.0
2025-12-06,2,2,120.0
2025-12-07,2,2,119.0
2025-12-08,2,2,139.0
2025-12-09,2,2,137.0
2025-12-10,2,2,147.0
2025-12-11,2,2,141.0
2025-12-12,2,2,126.0
2025-12-13,2,2,121.0
2025-12-14,2,2,120.0
2025-12-15,2,2,147.0
2025-12-16,2,2,149.0
2025-12-17,2,2,136.0
2025-12-18,2,2,144.0
2025-12-19,2,2,137.0
2025-12-20,2,2,117.0
2025-12-21,2,2,120.0
2025-12-22,2,2,135.0
2025-12-23,2,2,147.0
2025-12-24,2,2,154.0
2025-12-25,2,2,154.0
2025-12-26,2,2,143.0
2025-12-27,2,2,113.0
2025-12-28,2,2,128.0
2025-12-29,2,2,146.0
2025-12-30,2,2,159.0
2024-01-01,2,3,73.0
2024-01-02,2,3,85.0
2024-01-03,2,3,87.0
2024-01-04,2,3,75.0
2024-01-05,2,3,65.0
2024-01-06,2,3,53.0
2024-01-07,2,3,78.0
2024-01-08,2,3,76.0
2024-01-09,2,3,86.0
2024-01-10,2,3,84.0
2024-01-11,2,3,106.0
2024-01-12,2,3,66.0
2024-01-13,2,3,65.0
2024-01-14,2,3,74.0
2024-01-15,2,3,86.0
2024-01-16,2,3,100.0
2024-01-17,2,3,109.0
2024-01-18,2,3,94.0
2024-01-19,2,3,72.0
2024-01-20,2,3,72.0
2024-01-21,2,3,79.0
2024-01-22,2,3,103.0
2024-01-23,2,3,89.0
2024-01-24,2,3,111.0
2024-01-25,2,3,97.0
2024-01-26,2,3,91.0
2024-01-27,2,3,78.0
2024-01-28,2,3,76.0
2024-01-29,2,3,99.0
2024-01-30,2,3,109.0
2024-01-31,2,3,114.0
2024-02-01,2,3,101.0
2024-02-02,2,3,86.0
2024-02-03,2,3,73.0
2024-02-04,2,3,93.0
2024-02-05,2,3,101.0
2024-02-06,2,3,102.0
2024-02-07,2,3,108.0
2024-02-08,2,3,103.0
2024-02-09,2,3,85.0
2024-02-10,2,3,83.0
2024-02-11,2,3,84.0
2024-02-12,2,3,100.0
2024-02-13,2,3,108.0
2024-02-14,2,3,105.0
2024-02-15,2,3,125.0
2024-02-16,2,3,109.0
2024-02-17,2,3,88.0
2024-02-18,2,3,98.0
2024-02-19,2,3,110.0
2024-02-20,2,3,126.0
2024-02-21,2,3,115.0
2024-02-22,2,3,122.0
2024-02-23,2,3,100.0
2024-02-24,2,3,88.0
2024-02-25,2,3,105.0
2024-02-26,2,3,120.0
2024-02-27,2,3,140.0
2024-02-28,2,3,116.0
2024-02-29,2,3,123.0
2024-03-01,2,3,104.0
2024-03-02,2,3,106.0
2024-03-03,2,3,93.0
2024-03-04,2,3,105.0
2024-03-05,2,3,119.0
2024-03-06,2,3,128.0
2024-03-07,2,3,116.0
2024-03-08,2,3,115.0
2024-03-09,2,3,110.0
2024-03-10,2,3,110.0
2024-03-11,2,3,128.0
2024-03-12,2,3,130.0
2024-03-13,2,3,121.0
2024-03-14,2,3,133.0
2024-03-15,2,3,108.0
2024-03-16,2,3,112.0
2024-03-17,2,3,119.0
2024-03-18,2,3,122.0
2024-03-19,2,3,118.0
2024-03-20,2,3,125.0
2024-03-21,2,3,134.0
2024-03-22,2,3,112.0
2024-03-23,2,3,107.0
2024-03-24,2,3,115.0
2024-03-25,2,3,124.0
2024-03-26,2,3,132.0
2024-03-27,2,3,131.0
2024-03-28,2,3,123.0
2024-03-29,2,3,120.0
2024-03-30,2,3,111.0
2024-03-31,2,3,108.0
2024-04-01,2,3,128.0
2024-04-02,2,3,129.0
2024-04-03,2,3,127.0
2024-04-04,2,3,120.0
2024-04-05,2,3,107.0
2024-04-06,2,3,105.0
2024-04-07,2,3,119.0
2024-04-08,2,3,114.0
2024-04-09,2,3,131.0
2024-04-10,2,3,128.0
2024-04-11,2,3,54.43085120926184
2024-04-12,2,3,45.580306297186745
2024-04-13,2,3,46.46536078839425
2024-04-14,2,3,47.79294252520552
2024-04-15,2,3,123.0
2024-04-16,2,3,131.0
2024-04-17,2,3,123.0
2024-04-18,2,3,132.0
2024-04-19,2,3,114.0
2024-04-20,2,3,107.0
2024-04-21,2,3,107.0
2024-04-22,2,3,114.0
2024-04-23,2,3,129.0
2024-04-24,2,3,133.0
2024-04-25,2,3,110.0
2024-04-26,2,3,107.0
2024-04-27,2,3,101.0
2024-04-28,2,3,107.0
2024-04-29,2,3,124.0
2024-04-30,2,3,120.0
2024-05-01,2,3,124.0
2024-05-02,2,3,116.0
2024-05-03,2,3,102.0
2024-05-04,2,3,98.0
2024-05-05,2,3,108.0
2024-05-06,2,3,105.0
2024-05-07,2,3,125.0
2024-05-08,2,3,112.0
2024-05-09,2,3,113.0
2024-05-10,2,3,102.0
2024-05-11,2,3,109.0
2024-05-12,2,3,97.0
2024-05-13,2,3,93.0
2024-05-14,2,3,104.0
2024-05-15,2,3,121.0
2024-05-16,2,3,117.0
2024-05-17,2,3,104.0
2024-05-18,2,3,95.0
2024-05-19,2,3,104.0
2024-05-20,2,3,101.0
2024-05-21,2,3,121.0
2024-05-22,2,3,105.0
2024-05-23,2,3,102.0
2024-05-24,2,3,84.0
2024-05-25,2,3,87.0
2024-05-26,2,3,91.0
2024-05-27,2,3,102.0
2024-05-28,2,3,111.0
2024-05-29,2,3,105.0
2024-05-30,2,3,103.0
2024-05-31,2,3,82.0
2024-06-01,2,3,94.0
2024-06-02,2,3,84.0
2024-06-03,2,3,92.0
2024-06-04,2,3,117.0
2024-06-05,2,3,98.0
2024-06-06,2,3,91.0
2024-06-07,2,3,80.0
2024-06-08,2,3,79.0
2024-06-09,2,3,84.0
2024-06-10,2,3,96.0
2024-06-11,2,3,119.0
2024-06-12,2,3,86.0
2024-06-13,2,3,99.0
2024-06-14,2,3,78.0
2024-06-15,2,3,70.0
2024-06-16,2,3,72.0
2024-06-17,2,3,79.0
2024-06-18,2,3,107.0
2024-06-19,2,3,103.0
2024-06-20,2,3,89.0
2024-06-21,2,3,86.0
2024-06-22,2,3,58.0
2024-06-23,2,3,61.0
2024-06-24,2,3,64.0
2024-06-25,2,3,84.0
2024-06-26,2,3,92.0
2024-06-27,2,3,84.0
2024-06-28,2,3,72.0
2024-06-29,2,3,53.0
2024-06-30,2,3,71.0
2024-07-01,2,3,76.0
2024-07-02,2,3,89.0
2024-07-03,2,3,72.0
2024-07-04,2,3,80.0
2024-07-05,2,3,57.0
2024-07-06,2,3,55.0
2024-07-07,2,3,63.0
2024-07-08,2,3,69.0
2024-07-09,2,3,72.0
2024-07-10,2,3,80.0
2024-07-11,2,3,61.0
2024-07-12,2,3,68.0
2024-07-13,2,3,51.0
2024-07-14,2,3,62.0
2024-07-15,2,3,59.0
2024-07-16,2,3,69.0
2024-07-17,2,3,69.0
2024-07-18,2,3,73.0
2024-07-19,2,3,49.0
2024-07-20,2,3,51.0
2024-07-21,2,3,46.0
2024-07-22,2,3,44.0
2024-07-23,2,3,63.0
2024-07-24,2,3,61.0
2024-07-25,2,3,62.0
2024-07-26,2,3,41.0
2024-07-27,2,3,48.0
2024-07-28,2,3,43.0
2024-07-29,2,3,51.0
2024-07-30,2,3,67.0
2024-07-31,2,3,71.0
2024-08-01,2,3,56.0
2024-08-02,2,3,39.0
2024-08-03,2,3,24.0
2024-08-04,2,3,33.0
2024-08-05,2,3,43.0
2024-08-06,2,3,58.0
2024-08-07,2,3,57.0
2024-08-08,2,3,57.0
2024-08-09,2,3,35.0
2024-08-10,2,3,32.0
2024-08-11,2,3,42.0
2024-08-12,2,3,46.0
2024-08-13,2,3,53.0
2024-08-14,2,3,51.0
2024-08-15,2,3,43.0
2024-08-16,2,3,29.0
2024-08-17,2,3,24.0
2024-08-18,2,3,35.0
2024-08-19,2,3,38.0
2024-08-20,2,3,40.0
2024-08-21,2,3,64.0
2024-08-22,2,3,46.0
2024-08-23,2,3,22.0
2024-08-24,2,3,21.0
2024-08-25,2,3,27.0
2024-08-26,2,3,48.0
2024-08-27,2,3,38.0
2024-08-28,2,3,55.0
2024-08-29,2,3,50.0
2024-08-30,2,3,24.0
2024-08-31,2,3,19.0
2024-09-01,2,3,16.0
2024-09-02,2,3,32.0
2024-09-03,2,3,43.0
2024-09-04,2,3,50.0
2024-09-05,2,3,46.0
2024-09-06,2,3,21.0
2024-09-07,2,3,5.0
2024-09-08,2,3,21.0
2024-09-09,2,3,33.0
2024-09-10,2,3,43.0
2024-09-11,2,3,41.0
2024-09-12,2,3,37.0
2024-09-13,2,3,35.0
2024-09-14,2,3,20.0
2024-09-15,2,3,17.0
2024-09-16,2,3,26.0
2024-09-17,2,3,38.0
2024-09-18,2,3,53.0
2024-09-19,2,3,33.0
2024-09-20,2,3,23.0
2024-09-21,2,3,12.0
2024-09-22,2,3,26.0
2024-09-23,2,3,42.0
2024-09-24,2,3,42.0
2024-09-25,2,3,41.0
2024-09-26,2,3,34.0
2024-09-27,2,3,5.0
2024-09-28,2,3,21.0
2024-09-29,2,3,19.0
2024-09-30,2,3,31.0
2024-10-01,2,3,33.0
2024-10-02,2,3,38.0
2024-10-03,2,3,31.0
2024-10-04,2,3,30.0
2024-10-05,2,3,13.0
2024-10-06,2,3,33.0
2024-10-07,2,3,31.0
2024-10-08,2,3,30.0
2024-10-09,2,3,40.0
2024-10-10,2,3,30.0
2024-10-11,2,3,8.0
2024-10-12,2,3,28.0
2024-10-13,2,3,24.0
2024-10-14,2,3,33.0
2024-10-15,2,3,41.0
2024-10-16,2,3,33.0
2024-10-17,2,3,32.0
2024-10-18,2,3,31.0
2024-10-19,2,3,10.0
2024-10-20,2,3,3.0
2024-10-21,2,3,30.0
2024-10-22,2,3,41.0
2024-10-23,2,3,46.0
2024-10-24,2,3,43.0
2024-10-25,2,3,31.0
2024-10-26,2,3,22.0
2024-10-27,2,3,32.0
2024-10-28,2,3,23.0
2024-10-29,2,3,48.0
2024-10-30,2,3,52.0
2024-10-31,2,3,32.0
2024-11-01,2,3,19.0
2024-11-02,2,3,18.0
2024-11-03,2,3,21.0
2024-11-04,2,3,42.0
2024-11-05,2,3,43.0
2024-11-06,2,3,44.0
2024-11-07,2,3,39.0
2024-11-08,2,3,41.0
2024-11-09,2,3,27.0
2024-11-10,2,3,28.0
2024-11-11,2,3,39.0
2024-11-12,2,3,60.0
2024-11-13,2,3,49.0
2024-11-14,2,3,57.0
2024-11-15,2,3,38.0
2024-11-16,2,3,29.0
2024-11-17,2,3,51.0
2024-11-18,2,3,37.0
2024-11-19,2,3,53.0
2024-11-20,2,3,50.0
2024-11-21,2,3,59.0
2024-11-22,2,3,53.0
2024-11-23,2,3,47.0
2024-11-24,2,3,47.0
2024-11-25,2,3,48.0
2024-11-26,2,3,57.0
2024-11-27,2,3,51.0
2024-11-28,2,3,71.0
2024-11-29,2,3,50.0
2024-11-30,2,3,36.0
2024-12-01,2,3,53.0
2024-12-02,2,3,47.0
2024-12-03,2,3,68.0
2024-12-04,2,3,67.0
2024-12-05,2,3,67.0
2024-12-06,2,3,51.0
2024-12-07,2,3,35.0
2024-12-08,2,3,49.0
2024-12-09,2,3,67.0
2024-12-10,2,3,70.0
2024-12-11,2,3,79.0
2024-12-12,2,3,60.0
2024-12-13,2,3,57.0
2024-12-14,2,3,46.0
2024-12-15,2,3,59.0
2024-12-16,2,3,65.0
2024-12-17,2,3,81.0
2024-12-18,2,3,87.0
2024-12-19,2,3,78.0
2024-12-20,2,3,65.0
2024-12-21,2,3,49.0
2024-12-22,2,3,60.0
2024-12-23,2,3,67.0
2024-12-24,2,3,79.0
2024-12-25,2,3,82.0
2024-12-26,2,3,72.0
2024-12-27,2,3,54.0
2024-12-28,2,3,57.0
2024-12-29,2,3,67.0
2024-12-30,2,3,67.0
2024-12-31,2,3,88.0
2025-01-01,2,3,105.0
2025-01-02,2,3,92.0
2025-01-03,2,3,86.0
2025-01-04,2,3,71.0
2025-01-05,2,3,80.0
2025-01-06,2,3,77.0
2025-01-07,2,3,89.0
2025-01-08,2,3,77.0
2025-01-09,2,3,99.0
2025-01-10,2,3,91.0
2025-01-11,2,3,70.0
2025-01-12,2,3,75.0
2025-01-13,2,3,83.0
2025-01-14,2,3,102.0
2025-01-15,2,3,111.0
2025-01-16,2,3,84.0
2025-01-17,2,3,89.0
2025-01-18,2,3,78.0
2025-01-19,2,3,84.0
2025-01-20,2,3,97.0
2025-01-21,2,3,104.0
2025-01-22,2,3,108.0
2025-01-23,2,3,100.0
2025-01-24,2,3,98.0
2025-01-25,2,3,88.0
2025-01-26,2,3,90.0
2025-01-27,2,3,90.0
2025-01-28,2,3,108.0
2025-01-29,2,3,120.0
2025-01-30,2,3,108.0
2025-01-31,2,3,101.0
2025-02-01,2,3,103.0
2025-02-02,2,3,101.0
2025-02-03,2,3,105.0
2025-02-04,2,3,112.0
2025-02-05,2,3,100.0
2025-02-06,2,3,111.0
2025-02-07,2,3,99.0
2025-02-08,2,3,98.0
2025-02-09,2,3,97.0
2025-02-10,2,3,107.0
2025-02-11,2,3,107.0
2025-02-12,2,3,116.0
2025-02-13,2,3,120.0
2025-02-14,2,3,118.0
2025-02-15,2,3,99.0
2025-02-16,2,3,105.0
2025-02-17,2,3,120.0
2025-02-18,2,3,118.0
2025-02-19,2,3,130.0
2025-02-20,2,3,116.0
2025-02-21,2,3,116.0
2025-02-22,2,3,105.0
2025-02-23,2,3,109.0
2025-02-24,2,3,112.0
2025-02-25,2,3,133.0
2025-02-26,2,3,146.0
2025-02-27,2,3,117.0
2025-02-28,2,3,111.0
2025-03-01,2,3,109.0
2025-03-02,2,3,115.0
2025-03-03,2,3,116.0
2025-03-04,2,3,111.0
2025-03-05,2,3,144.0
2025-03-06,2,3,133.0
2025-03-07,2,3,104.0
2025-03-08,2,3,105.0
2025-03-09,2,3,124.0
2025-03-10,2,3,133.0
2025-03-11,2,3,140.0
2025-03-12,2,3,135.0
2025-03-13,2,3,130.0
2025-03-14,2,3,118.0
2025-03-15,2,3,120.0
2025-03-16,2,3,108.0
2025-03-17,2,3,119.0
2025-03-18,2,3,143.0
2025-03-19,2,3,138.0
2025-03-20,2,3,141.0
2025-03-21,2,3,59.995682640784395
2025-03-22,2,3,58.95227946442293
2025-03-23,2,3,56.86547311169999
2025-03-24,2,3,65.73440011077247
2025-03-25,2,3,65.73440011077247
2025-03-26,2,3,70.95141599257981
2025-03-27,2,3,63.64759375804953
2025-03-28,2,3,126.0
2025-03-29,2,3,119.0
2025-03-30,2,3,104.0
2025-03-31,2,3,136.0
2025-04-01,2,3,155.0
2025-04-02,2,3,140.0
2025-04-03,2,3,128.0
2025-04-04,2,3,142.0
2025-04-05,2,3,105.0
2025-04-06,2,3,117.0
2025-04-07,2,3,128.0
2025-04-08,2,3,147.0
2025-04-09,2,3,142.0
2025-04-10,2,3,129.0
2025-04-11,2,3,114.0
2025-04-12,2,3,111.0
2025-04-13,2,3,109.0
2025-04-14,2,3,126.0
2025-04-15,2,3,132.0
2025-04-16,2,3,128.0
2025-04-17,2,3,140.0
2025-04-18,2,3,116.0
2025-04-19,2,3,103.0
2025-04-20,2,3,113.0
2025-04-21,2,3,125.0
2025-04-22,2,3,122.0
2025-04-23,2,3,139.0
2025-04-24,2,3,122.0
2025-04-25,2,3,130.0
2025-04-26,2,3,114.0
2025-04-27,2,3,110.0
2025-04-28,2,3,117.0
2025-04-29,2,3,132.0
2025-04-30,2,3,139.0
2025-05-01,2,3,127.0
2025-05-02,2,3,114.0
2025-05-03,2,3,108.0
2025-05-04,2,3,106.0
2025-05-05,2,3,117.0
2025-05-06,2,3,115.0
2025-05-07,2,3,139.0
2025-05-08,2,3,126.0
2025-05-09,2,3,107.0
2025-05-10,2,3,118.0
2025-05-11,2,3,107.0
2025-05-12,2,3,109.0
2025-05-13,2,3,132.0
2025-05-14,2,3,131.0
2025-05-15,2,3,123.0
2025-05-16,2,3,106.0
2025-05-17,2,3,104.0
2025-05-18,2,3,101.0
2025-05-19,2,3,117.0
2025-05-20,2,3,109.0
2025-05-21,2,3,121.0
2025-05-22,2,3,129.0
2025-05-23,2,3,99.0
2025-05-24,2,3,93.0
2025-05-25,2,3,96.0
2025-05-26,2,3,100.0
2025-05-27,2,3,102.0
2025-05-28,2,3,118.0
2025-05-29,2,3,113.0
2025-05-30,2,3,100.0
2025-05-31,2,3,91.0
2025-06-01,2,3,94.0
2025-06-02,2,3,111.0
2025-06-03,2,3,112.0
2025-06-04,2,3,111.0
2025-06-05,2,3,105.0
2025-06-06,2,3,99.0
2025-06-07,2,3,97.0
2025-06-08,2,3,85.0
2025-06-09,2,3,99.0
2025-06-10,2,3,110.0
2025-06-11,2,3,103.0
2025-06-12,2,3,102.0
2025-06-13,2,3,79.0
2025-06-14,2,3,69.0
2025-06-15,2,3,86.0
2025-06-16,2,3,90.0
2025-06-17,2,3,104.0
2025-06-18,2,3,104.0
2025-06-19,2,3,90.0
2025-06-20,2,3,84.0
2025-06-21,2,3,68.0
2025-06-22,2,3,88.0
2025-06-23,2,3,78.0
2025-06-24,2,3,96.0
2025-06-25,2,3,91.0
2025-06-26,2,3,95.0
2025-06-27,2,3,77.0
2025-06-28,2,3,67.0
2025-06-29,2,3,79.0
2025-06-30,2,3,82.0
2025-07-01,2,3,95.0
2025-07-02,2,3,86.0
2025-07-03,2,3,75.0
2025-07-04,2,3,74.0
2025-07-05,2,3,63.0
2025-07-06,2,3,72.0
2025-07-07,2,3,76.0
2025-07-08,2,3,87.0
2025-07-09,2,3,76.0
2025-07-10,2,3,93.0
2025-07-11,2,3,66.0
2025-07-12,2,3,65.0
2025-07-13,2,3,56.0
2025-07-14,2,3,73.0
2025-07-15,2,3,71.0
2025-07-16,2,3,85.0
2025-07-17,2,3,72.0
2025-07-18,2,3,62.0
2025-07-19,2,3,59.0
2025-07-20,2,3,47.0
2025-07-21,2,3,61.0
2025-07-22,2,3,78.0
2025-07-23,2,3,92.0
2025-07-24,2,3,68.0
2025-07-25,2,3,61.0
2025-07-26,2,3,48.0
2025-07-27,2,3,65.0
2025-07-28,2,3,48.0
2025-07-29,2,3,71.0
2025-07-30,2,3,60.0
2025-07-31,2,3,46.0
2025-08-01,2,3,54.0
2025-08-02,2,3,45.0
2025-08-03,2,3,44.0
2025-08-04,2,3,55.0
2025-08-05,2,3,87.0
2025-08-06,2,3,65.0
2025-08-07,2,3,63.0
2025-08-08,2,3,43.0
2025-08-09,2,3,42.0
2025-08-10,2,3,40.0
2025-08-11,2,3,48.0
2025-08-12,2,3,74.0
2025-08-13,2,3,71.0
2025-08-14,2,3,56.0
2025-08-15,2,3,26.0
2025-08-16,2,3,33.0
2025-08-17,2,3,57.0
2025-08-18,2,3,45.0
2025-08-19,2,3,65.0
2025-08-20,2,3,69.0
2025-08-21,2,3,53.0
2025-08-22,2,3,33.0
2025-08-23,2,3,14.0
2025-08-24,2,3,39.0
2025-08-25,2,3,38.0
2025-08-26,2,3,54.0
2025-08-27,2,3,46.0
2025-08-28,2,3,46.0
2025-08-29,2,3,36.0
2025-08-30,2,3,30.0
2025-08-31,2,3,23.0
2025-09-01,2,3,49.0
2025-09-02,2,3,46.0
2025-09-03,2,3,40.0
2025-09-04,2,3,44.0
2025-09-05,2,3,34.0
2025-09-06,2,3,27.0
2025-09-07,2,3,38.0
2025-09-08,2,3,36.0
2025-09-09,2,3,47.0
2025-09-10,2,3,42.0
2025-09-11,2,3,49.0
2025-09-12,2,3,33.0
2025-09-13,2,3,21.0
2025-09-14,2,3,13.0
2025-09-15,2,3,47.0
2025-09-16,2,3,38.0
2025-09-17,2,3,44.0
2025-09-18,2,3,44.0
2025-09-19,2,3,21.0
2025-09-20,2,3,12.0
2025-09-21,2,3,10.0
2025-09-22,2,3,40.0
2025-09-23,2,3,41.0
2025-09-24,2,3,69.0
2025-09-25,2,3,34.0
2025-09-26,2,3,23.0
2025-09-27,2,3,18.0
2025-09-28,2,3,26.0
2025-09-29,2,3,32.0
2025-09-30,2,3,49.0
2025-10-01,2,3,41.0
2025-10-02,2,3,31.0
2025-10-03,2,3,16.0
2025-10-04,2,3,6.0
2025-10-05,2,3,21.0
2025-10-06,2,3,33.0
2025-10-07,2,3,41.0
2025-10-08,2,3,57.0
2025-10-09,2,3,50.0
2025-10-10,2,3,28.0
2025-10-11,2,3,10.0
2025-10-12,2,3,22.0
2025-10-13,2,3,32.0
2025-10-14,2,3,42.0
2025-10-15,2,3,44.0
2025-10-16,2,3,38.0
2025-10-17,2,3,29.0
2025-10-18,2,3,20.0
2025-10-19,2,3,29.0
2025-10-20,2,3,40.0
2025-10-21,2,3,42.0
2025-10-22,2,3,60.0
2025-10-23,2,3,37.0
2025-10-24,2,3,22.0
2025-10-25,2,3,29.0
2025-10-26,2,3,24.0
2025-10-27,2,3,42.0
2025-10-28,2,3,34.0
2025-10-29,2,3,64.0
2025-10-30,2,3,52.0
2025-10-31,2,3,25.0
2025-11-01,2,3,19.0
2025-11-02,2,3,44.0
2025-11-03,2,3,38.0
2025-11-04,2,3,48.0
2025-11-05,2,3,41.0
2025-11-06,2,3,48.0
2025-11-07,2,3,38.0
2025-11-08,2,3,38.0
2025-11-09,2,3,26.0
2025-11-10,2,3,36.0
2025-11-11,2,3,61.0
2025-11-12,2,3,68.0
2025-11-13,2,3,43.0
2025-11-14,2,3,51.0
2025-11-15,2,3,37.0
2025-11-16,2,3,48.0
2025-11-17,2,3,50.0
2025-11-18,2,3,44.0
2025-11-19,2,3,64.0
2025-11-20,2,3,66.0
2025-11-21,2,3,41.0
2025-11-22,2,3,38.0
2025-11-23,2,3,43.0
2025-11-24,2,3,35.0
2025-11-25,2,3,78.0
2025-11-26,2,3,63.0
2025-11-27,2,3,67.0
2025-11-28,2,3,52.0
2025-11-29,2,3,55.0
2025-11-30,2,3,52.0
2025-12-01,2,3,59.0
2025-12-02,2,3,65.0
2025-12-03,2,3,80.0
2025-12-04,2,3,55.0
2025-12-05,2,3,62.0
2025-12-06,2,3,43.0
2025-12-07,2,3,64.0
2025-12-08,2,3,67.0
2025-12-09,2,3,81.0
2025-12-10,2,3,80.0
2025-12-11,2,3,61.0
2025-12-12,2,3,57.0
2025-12-13,2,3,62.0
2025-12-14,2,3,61.0
2025-12-15,2,3,80.0
2025-12-16,2,3,85.0
2025-12-17,2,3,79.0
2025-12-18,2,3,74.0
2025-12-19,2,3,69.0
2025-12-20,2,3,46.0
2025-12-21,2,3,78.0
2025-12-22,2,3,80.0
2025-12-23,2,3,97.0
2025-12-24,2,3,80.0
2025-12-25,2,3,94.0
2025-12-26,2,3,91.0
2025-12-27,2,3,59.0
2025-12-28,2,3,77.0
2025-12-29,2,3,83.0
2025-12-30,2,3,83.0
2024-01-01,2,4,82.0
2024-01-02,2,4,86.0
2024-01-03,2,4,94.0
2024-01-04,2,4,87.0
2024-01-05,2,4,85.0
2024-01-06,2,4,62.0
2024-01-07,2,4,85.0
2024-01-08,2,4,80.0
2024-01-09,2,4,87.0
2024-01-10,2,4,97.0
2024-01-11,2,4,112.0
2024-01-12,2,4,86.0
2024-01-13,2,4,78.0
2024-01-14,2,4,83.0
2024-01-15,2,4,85.0
2024-01-16,2,4,103.0
2024-01-17,2,4,105.0
2024-01-18,2,4,109.0
2024-01-19,2,4,86.0
2024-01-20,2,4,78.0
2024-01-21,2,4,76.0
2024-01-22,2,4,96.0
2024-01-23,2,4,109.0
2024-01-24,2,4,103.0
2024-01-25,2,4,106.0
2024-01-26,2,4,94.0
2024-01-27,2,4,92.0
2024-01-28,2,4,97.0
2024-01-29,2,4,101.0
2024-01-30,2,4,106.0
2024-01-31,2,4,111.0
2024-02-01,2,4,120.0
2024-02-02,2,4,99.0
2024-02-03,2,4,102.0
2024-02-04,2,4,97.0
2024-02-05,2,4,111.0
2024-02-06,2,4,123.0
2024-02-07,2,4,113.0
2024-02-08,2,4,116.0
2024-02-09,2,4,95.0
2024-02-10,2,4,94.0
2024-02-11,2,4,103.0
2024-02-12,2,4,104.0
2024-02-13,2,4,126.0
2024-02-14,2,4,116.0
2024-02-15,2,4,126.0
2024-02-16,2,4,103.0
2024-02-17,2,4,94.0
2024-02-18,2,4,95.0
2024-02-19,2,4,111.0
2024-02-20,2,4,115.0
2024-02-21,2,4,126.0
2024-02-22,2,4,130.0
2024-02-23,2,4,110.0
2024-02-24,2,4,97.0
2024-02-25,2,4,109.0
2024-02-26,2,4,120.0
2024-02-27,2,4,142.0
2024-02-28,2,4,138.0
2024-02-29,2,4,128.0
2024-03-01,2,4,120.0
2024-03-02,2,4,107.0
2024-03-03,2,4,110.0
2024-03-04,2,4,132.0
2024-03-05,2,4,123.0
2024-03-06,2,4,142.0
2024-03-07,2,4,129.0
2024-03-08,2,4,116.0
2024-03-09,2,4,107.0
2024-03-10,2,4,114.0
2024-03-11,2,4,124.0
2024-03-12,2,4,133.0
2024-03-13,2,4,134.0
2024-03-14,2,4,120.0
2024-03-15,2,4,115.0
2024-03-16,2,4,109.0
2024-03-17,2,4,116.0
2024-03-18,2,4,139.0
2024-03-19,2,4,134.0
2024-03-20,2,4,134.0
2024-03-21,2,4,129.0
2024-03-22,2,4,122.0
2024-03-23,2,4,118.0
2024-03-24,2,4,121.0
2024-03-25,2,4,133.0
2024-03-26,2,4,145.0
2024-03-27,2,4,140.0
2024-03-28,2,4,147.0
2024-03-29,2,4,120.0
2024-03-30,2,4,115.0
2024-03-31,2,4,125.0
2024-04-01,2,4,132.0
2024-04-02,2,4,125.0
2024-04-03,2,4,142.0
2024-04-04,2,4,140.0
2024-04-05,2,4,114.0
2024-04-06,2,4,119.0
2024-04-07,2,4,63.833148471496415
2024-04-08,2,4,71.81229203043347
2024-04-09,2,4,71.28034912650433
2024-04-10,2,4,78.1956068775831
2024-04-11,2,4,71.81229203043347
2024-04-12,2,4,70.21646331864605
2024-04-13,2,4,69.68452041471691
2024-04-14,2,4,126.0
2024-04-15,2,4,130.0
2024-04-16,2,4,152.0
2024-04-17,2,4,144.0
2024-04-18,2,4,127.0
2024-04-19,2,4,120.0
2024-04-20,2,4,117.0
2024-04-21,2,4,120.0
2024-04-22,2,4,118.0
2024-04-23,2,4,129.0
2024-04-24,2,4,136.0
2024-04-25,2,4,134.0
2024-04-26,2,4,122.0
2024-04-27,2,4,111.0
2024-04-28,2,4,107.0
2024-04-29,2,4,134.0
2024-04-30,2,4,127.0
2024-05-01,2,4,144.0
2024-05-02,2,4,132.0
2024-05-03,2,4,123.0
2024-05-04,2,4,105.0
2024-05-05,2,4,109.0
2024-05-06,2,4,120.0
2024-05-07,2,4,128.0
2024-05-08,2,4,134.0
2024-05-09,2,4,134.0
2024-05-10,2,4,104.0
2024-05-11,2,4,100.0
2024-05-12,2,4,101.0
2024-05-13,2,4,116.0
2024-05-14,2,4,126.0
2024-05-15,2,4,134.0
2024-05-16,2,4,121.0
2024-05-17,2,4,110.0
2024-05-18,2,4,103.0
2024-05-19,2,4,104.0
2024-05-20,2,4,117.0
2024-05-21,2,4,122.0
2024-05-22,2,4,135.0
2024-05-23,2,4,132.0
2024-05-24,2,4,108.0
2024-05-25,2,4,97.0
2024-05-26,2,4,102.0
2024-05-27,2,4,101.0
2024-05-28,2,4,119.0
2024-05-29,2,4,115.0
2024-05-30,2,4,115.0
2024-05-31,2,4,95.0
2024-06-01,2,4,89.0
2024-06-02,2,4,81.0
2024-06-03,2,4,96.0
2024-06-04,2,4,115.0
2024-06-05,2,4,110.0
2024-06-06,2,4,113.0
2024-06-07,2,4,88.0
2024-06-08,2,4,88.0
2024-06-09,2,4,83.0
2024-06-10,2,4,100.0
2024-06-11,2,4,98.0
2024-06-12,2,4,107.0
2024-06-13,2,4,96.0
2024-06-14,2,4,94.0
2024-06-15,2,4,83.0
2024-06-16,2,4,74.0
2024-06-17,2,4,91.0
2024-06-18,2,4,97.0
2024-06-19,2,4,110.0
2024-06-20,2,4,103.0
2024-06-21,2,4,74.0
2024-06-22,2,4,79.0
2024-06-23,2,4,71.0
2024-06-24,2,4,85.0
2024-06-25,2,4,96.0
2024-06-26,2,4,109.0
2024-06-27,2,4,83.0
2024-06-28,2,4,82.0
2024-06-29,2,4,61.0
2024-06-30,2,4,63.0
2024-07-01,2,4,80.0
2024-07-02,2,4,90.0
2024-07-03,2,4,75.0
2024-07-04,2,4,91.0
2024-07-05,2,4,58.0
2024-07-06,2,4,62.0
2024-07-07,2,4,73.0
2024-07-08,2,4,88.0
2024-07-09,2,4,82.0
2024-07-10,2,4,77.0
2024-07-11,2,4,86.0
2024-07-12,2,4,70.0
2024-07-13,2,4,54.0
2024-07-14,2,4,55.0
2024-07-15,2,4,64.0
2024-07-16,2,4,77.0
2024-07-17,2,4,82.0
2024-07-18,2,4,69.0
2024-07-19,2,4,57.0
2024-07-20,2,4,55.0
2024-07-21,2,4,44.0
2024-07-22,2,4,61.0
2024-07-23,2,4,63.0
2024-07-24,2,4,76.0
2024-07-25,2,4,55.0
2024-07-26,2,4,59.0
2024-07-27,2,4,38.0
2024-07-28,2,4,37.0
2024-07-29,2,4,55.0
2024-07-30,2,4,78.0
2024-07-31,2,4,74.0
2024-08-01,2,4,50.0
2024-08-02,2,4,40.0
2024-08-03,2,4,38.0
2024-08-04,2,4,56.0
2024-08-05,2,4,47.0
2024-08-06,2,4,57.0
2024-08-07,2,4,74.0
2024-08-08,2,4,58.0
2024-08-09,2,4,50.0
2024-08-10,2,4,31.0
2024-08-11,2,4,37.0
2024-08-12,2,4,56.0
2024-08-13,2,4,57.0
2024-08-14,2,4,67.0
2024-08-15,2,4,55.0
2024-08-16,2,4,33.0
2024-08-17,2,4,31.0
2024-08-18,2,4,40.0
2024-08-19,2,4,48.0
2024-08-20,2,4,54.0
2024-08-21,2,4,45.0
2024-08-22,2,4,37.0
2024-08-23,2,4,26.0
2024-08-24,2,4,24.0
2024-08-25,2,4,27.0
2024-08-26,2,4,31.0
2024-08-27,2,4,57.0
2024-08-28,2,4,45.0
2024-08-29,2,4,36.0
2024-08-30,2,4,33.0
2024-08-31,2,4,30.0
2024-09-01,2,4,39.0
2024-09-02,2,4,41.0
2024-09-03,2,4,57.0
2024-09-04,2,4,42.0
2024-09-05,2,4,55.0
2024-09-06,2,4,18.0
2024-09-07,2,4,19.0
2024-09-08,2,4,28.0
2024-09-09,2,4,25.0
2024-09-10,2,4,40.0
2024-09-11,2,4,41.0
2024-09-12,2,4,38.0
2024-09-13,2,4,36.0
2024-09-14,2,4,20.0
2024-09-15,2,4,19.0
2024-09-16,2,4,15.0
2024-09-17,2,4,46.0
2024-09-18,2,4,51.0
2024-09-19,2,4,28.0
2024-09-20,2,4,26.0
2024-09-21,2,4,20.0
2024-09-22,2,4,27.0
2024-09-23,2,4,27.0
2024-09-24,2,4,37.0
2024-09-25,2,4,42.0
2024-09-26,2,4,46.0
2024-09-27,2,4,32.0
2024-09-28,2,4,18.0
2024-09-29,2,4,27.0
2024-09-30,2,4,17.0
2024-10-01,2,4,47.0
2024-10-02,2,4,38.0
2024-10-03,2,4,49.0
2024-10-04,2,4,19.0
2024-10-05,2,4,13.0
2024-10-06,2,4,24.0
2024-10-07,2,4,36.0
2024-10-08,2,4,40.0
2024-10-09,2,4,48.0
2024-10-10,2,4,41.0
2024-10-11,2,4,29.0
2024-10-12,2,4,17.0
2024-10-13,2,4,25.0
2024-10-14,2,4,42.0
2024-10-15,2,4,37.0
2024-10-16,2,4,42.0
2024-10-17,2,4,40.0
2024-10-18,2,4,21.0
2024-10-19,2,4,10.0
2024-10-20,2,4,30.0
2024-10-21,2,4,21.0
2024-10-22,2,4,44.0
2024-10-23,2,4,54.0
2024-10-24,2,4,43.0
2024-10-25,2,4,28.0
2024-10-26,2,4,16.0
2024-10-27,2,4,28.0
2024-10-28,2,4,31.0
2024-10-29,2,4,50.0
2024-10-30,2,4,53.0
2024-10-31,2,4,46.0
2024-11-01,2,4,29.0
2024-11-02,2,4,39.0
2024-11-03,2,4,31.0
2024-11-04,2,4,39.0
2024-11-05,2,4,53.0
2024-11-06,2,4,50.0
2024-11-07,2,4,46.0
2024-11-08,2,4,51.0
2024-11-09,2,4,25.0
2024-11-10,2,4,32.0
2024-11-11,2,4,41.0
2024-11-12,2,4,49.0
2024-11-13,2,4,61.0
2024-11-14,2,4,52.0
2024-11-15,2,4,46.0
2024-11-16,2,4,39.0
2024-11-17,2,4,42.0
2024-11-18,2,4,43.0
2024-11-19,2,4,64.0
2024-11-20,2,4,67.0
2024-11-21,2,4,50.0
2024-11-22,2,4,43.0
2024-11-23,2,4,29.0
2024-11-24,2,4,46.0
2024-11-25,2,4,57.0
2024-11-26,2,4,74.0
2024-11-27,2,4,67.0
2024-11-28,2,4,64.0
2024-11-29,2,4,56.0
2024-11-30,2,4,39.0
2024-12-01,2,4,41.0
2024-12-02,2,4,54.0
2024-12-03,2,4,68.0
2024-12-04,2,4,68.0
2024-12-05,2,4,62.0
2024-12-06,2,4,61.0
2024-12-07,2,4,48.0
2024-12-08,2,4,54.0
2024-12-09,2,4,60.0
2024-12-10,2,4,72.0
2024-12-11,2,4,81.0
2024-12-12,2,4,73.0
2024-12-13,2,4,66.0
2024-12-14,2,4,62.0
2024-12-15,2,4,54.0
2024-12-16,2,4,75.0
2024-12-17,2,4,75.0
2024-12-18,2,4,98.0
2024-12-19,2,4,73.0
2024-12-20,2,4,71.0
2024-12-21,2,4,54.0
2024-12-22,2,4,63.0
2024-12-23,2,4,85.0
2024-12-24,2,4,82.0
2024-12-25,2,4,104.0
2024-12-26,2,4,84.0
2024-12-27,2,4,79.0
2024-12-28,2,4,69.0
2024-12-29,2,4,73.0
2024-12-30,2,4,73.0
2024-12-31,2,4,90.0
2025-01-01,2,4,104.0
2025-01-02,2,4,88.0
2025-01-03,2,4,80.0
2025-01-04,2,4,63.0
2025-01-05,2,4,73.0
2025-01-06,2,4,95.0
2025-01-07,2,4,91.0
2025-01-08,2,4,107.0
2025-01-09,2,4,97.0
2025-01-10,2,4,84.0
2025-01-11,2,4,77.0
2025-01-12,2,4,79.0
2025-01-13,2,4,91.0
2025-01-14,2,4,111.0
2025-01-15,2,4,106.0
2025-01-16,2,4,113.0
2025-01-17,2,4,93.0
2025-01-18,2,4,81.0
2025-01-19,2,4,94.0
2025-01-20,2,4,103.0
2025-01-21,2,4,101.0
2025-01-22,2,4,108.0
2025-01-23,2,4,107.0
2025-01-24,2,4,87.0
2025-01-25,2,4,103.0
2025-01-26,2,4,99.0
2025-01-27,2,4,105.0
2025-01-28,2,4,115.0
2025-01-29,2,4,116.0
2025-01-30,2,4,101.0
2025-01-31,2,4,91.0
2025-02-01,2,4,107.0
2025-02-02,2,4,109.0
2025-02-03,2,4,107.0
2025-02-04,2,4,128.0
2025-02-05,2,4,128.0
2025-02-06,2,4,122.0
2025-02-07,2,4,98.0
2025-02-08,2,4,89.0
2025-02-09,2,4,111.0
2025-02-10,2,4,103.0
2025-02-11,2,4,126.0
2025-02-12,2,4,128.0
2025-02-13,2,4,120.0
2025-02-14,2,4,114.0
2025-02-15,2,4,101.0
2025-02-16,2,4,111.0
2025-02-17,2,4,121.0
2025-02-18,2,4,144.0
2025-02-19,2,4,126.0
2025-02-20,2,4,128.0
2025-02-21,2,4,119.0
2025-02-22,2,4,107.0
2025-02-23,2,4,104.0
2025-02-24,2,4,131.0
2025-02-25,2,4,137.0
2025-02-26,2,4,130.0
2025-02-27,2,4,134.0
2025-02-28,2,4,130.0
2025-03-01,2,4,112.0
2025-03-02,2,4,116.0
2025-03-03,2,4,137.0
2025-03-04,2,4,132.0
2025-03-05,2,4,152.0
2025-03-06,2,4,140.0
2025-03-07,2,4,117.0
2025-03-08,2,4,111.0
2025-03-09,2,4,115.0
2025-03-10,2,4,118.0
2025-03-11,2,4,142.0
2025-03-12,2,4,138.0
2025-03-13,2,4,138.0
2025-03-14,2,4,117.0
2025-03-15,2,4,123.0
2025-03-16,2,4,125.0
2025-03-17,2,4,127.0
2025-03-18,2,4,145.0
2025-03-19,2,4,146.0
2025-03-20,2,4,147.0
2025-03-21,2,4,120.0
2025-03-22,2,4,118.0
2025-03-23,2,4,118.0
2025-03-24,2,4,133.0
2025-03-25,2,4,147.0
2025-03-26,2,4,143.0
2025-03-27,2,4,137.0
2025-03-28,2,4,133.0
2025-03-29,2,4,128.0
2025-03-30,2,4,126.0
2025-03-31,2,4,133.0
2025-04-01,2,4,143.0
2025-04-02,2,4,150.0
2025-04-03,2,4,141.0
2025-04-04,2,4,117.0
2025-04-05,2,4,123.0
2025-04-06,2,4,117.0
2025-04-07,2,4,125.0
2025-04-08,2,4,134.0
2025-04-09,2,4,145.0
2025-04-10,2,4,133.0
2025-04-11,2,4,112.0
2025-04-12,2,4,117.0
2025-04-13,2,4,119.0
2025-04-14,2,4,131.0
2025-04-15,2,4,139.0
2025-04-16,2,4,157.0
2025-04-17,2,4,141.0
2025-04-18,2,4,123.0
2025-04-19,2,4,117.0
2025-04-20,2,4,129.0
2025-04-21,2,4,137.0
2025-04-22,2,4,133.0
2025-04-23,2,4,138.0
2025-04-24,2,4,131.0
2025-04-25,2,4,121.0
2025-04-26,2,4,112.0
2025-04-27,2,4,118.0
2025-04-28,2,4,133.0
2025-04-29,2,4,145.0
2025-04-30,2,4,139.0
2025-05-01,2,4,123.0
2025-05-02,2,4,115.0
2025-05-03,2,4,110.0
2025-05-04,2,4,108.0
2025-05-05,2,4,133.0
2025-05-06,2,4,129.0
2025-05-07,2,4,142.0
2025-05-08,2,4,120.0
2025-05-09,2,4,122.0
2025-05-10,2,4,109.0
2025-05-11,2,4,121.0
2025-05-12,2,4,115.0
2025-05-13,2,4,129.0
2025-05-14,2,4,132.0
2025-05-15,2,4,126.0
2025-05-16,2,4,112.0
2025-05-17,2,4,104.0
2025-05-18,2,4,106.0
2025-05-19,2,4,105.0
2025-05-20,2,4,135.0
2025-05-21,2,4,71.77703766601375
2025-05-22,2,4,60.137518044498016
2025-05-23,2,4,49.952938375671735
2025-05-24,2,4,46.07309850183316
2025-05-25,2,4,51.89285831259103
2025-05-26,2,4,56.25767817065943
2025-05-27,2,4,59.16755807603837
2025-05-28,2,4,63.53237793410677
2025-05-29,2,4,105.0
2025-05-30,2,4,110.0
2025-05-31,2,4,98.0
2025-06-01,2,4,93.0
2025-06-02,2,4,100.0
2025-06-03,2,4,120.0
2025-06-04,2,4,130.0
2025-06-05,2,4,111.0
2025-06-06,2,4,95.0
2025-06-07,2,4,93.0
2025-06-08,2,4,105.0
2025-06-09,2,4,106.0
2025-06-10,2,4,117.0
2025-06-11,2,4,123.0
2025-06-12,2,4,110.0
2025-06-13,2,4,90.0
2025-06-14,2,4,75.0
2025-06-15,2,4,82.0
2025-06-16,2,4,91.0
2025-06-17,2,4,112.0
2025-06-18,2,4,115.0
2025-06-19,2,4,103.0
2025-06-20,2,4,81.0
2025-06-21,2,4,91.0
2025-06-22,2,4,80.0
2025-06-23,2,4,96.0
2025-06-24,2,4,103.0
2025-06-25,2,4,105.0
2025-06-26,2,4,99.0
2025-06-27,2,4,79.0
2025-06-28,2,4,83.0
2025-06-29,2,4,67.0
2025-06-30,2,4,80.0
2025-07-01,2,4,104.0
2025-07-02,2,4,102.0
2025-07-03,2,4,106.0
2025-07-04,2,4,77.0
2025-07-05,2,4,79.0
2025-07-06,2,4,59.0
2025-07-07,2,4,72.0
2025-07-08,2,4,96.0
2025-07-09,2,4,82.0
2025-07-10,2,4,83.0
2025-07-11,2,4,78.0
2025-07-12,2,4,66.0
2025-07-13,2,4,65.0
2025-07-14,2,4,72.0
2025-07-15,2,4,86.0
2025-07-16,2,4,90.0
2025-07-17,2,4,74.0
2025-07-18,2,4,68.0
2025-07-19,2,4,64.0
2025-07-20,2,4,58.0
2025-07-21,2,4,69.0
2025-07-22,2,4,82.0
2025-07-23,2,4,84.0
2025-07-24,2,4,78.0
2025-07-25,2,4,54.0
2025-07-26,2,4,48.0
2025-07-27,2,4,50.0
2025-07-28,2,4,58.0
2025-07-29,2,4,63.0
2025-07-30,2,4,56.0
2025-07-31,2,4,75.0
2025-08-01,2,4,45.0
2025-08-02,2,4,56.0
2025-08-03,2,4,53.0
2025-08-04,2,4,56.0
2025-08-05,2,4,72.0
2025-08-06,2,4,73.0
2025-08-07,2,4,56.0
2025-08-08,2,4,50.0
2025-08-09,2,4,36.0
2025-08-10,2,4,48.0
2025-08-11,2,4,49.0
2025-08-12,2,4,63.0
2025-08-13,2,4,65.0
2025-08-14,2,4,59.0
2025-08-15,2,4,56.0
2025-08-16,2,4,36.0
2025-08-17,2,4,47.0
2025-08-18,2,4,53.0
2025-08-19,2,4,69.0
2025-08-20,2,4,60.0
2025-08-21,2,4,58.0
2025-08-22,2,4,41.0
2025-08-23,2,4,15.0
2025-08-24,2,4,29.0
2025-08-25,2,4,49.0
2025-08-26,2,4,59.0
2025-08-27,2,4,50.0
2025-08-28,2,4,52.0
2025-08-29,2,4,41.0
2025-08-30,2,4,30.0
2025-08-31,2,4,37.0
2025-09-01,2,4,46.0
2025-09-02,2,4,53.0
2025-09-03,2,4,52.0
2025-09-04,2,4,54.0
2025-09-05,2,4,38.0
2025-09-06,2,4,19.0
2025-09-07,2,4,31.0
2025-09-08,2,4,33.0
2025-09-09,2,4,45.0
2025-09-10,2,4,49.0
2025-09-11,2,4,46.0
2025-09-12,2,4,35.0
2025-09-13,2,4,23.0
2025-09-14,2,4,25.0
2025-09-15,2,4,35.0
2025-09-16,2,4,55.0
2025-09-17,2,4,34.0
2025-09-18,2,4,42.0
2025-09-19,2,4,41.0
2025-09-20,2,4,27.0
2025-09-21,2,4,34.0
2025-09-22,2,4,25.0
2025-09-23,2,4,40.0
2025-09-24,2,4,54.0
2025-09-25,2,4,53.0
2025-09-26,2,4,24.0
2025-09-27,2,4,21.0
2025-09-28,2,4,28.0
2025-09-29,2,4,28.0
2025-09-30,2,4,51.0
2025-10-01,2,4,34.0
2025-10-02,2,4,46.0
2025-10-03,2,4,25.0
2025-10-04,2,4,21.0
2025-10-05,2,4,30.0
2025-10-06,2,4,40.0
2025-10-07,2,4,48.0
2025-10-08,2,4,57.0
2025-10-09,2,4,33.0
2025-10-10,2,4,33.0
2025-10-11,2,4,19.0
2025-10-12,2,4,33.0
2025-10-13,2,4,42.0
2025-10-14,2,4,54.0
2025-10-15,2,4,62.0
2025-10-16,2,4,52.0
2025-10-17,2,4,32.0
2025-10-18,2,4,26.0
2025-10-19,2,4,32.0
2025-10-20,2,4,41.0
2025-10-21,2,4,55.0
2025-10-22,2,4,40.0
2025-10-23,2,4,58.0
2025-10-24,2,4,35.0
2025-10-25,2,4,18.0
2025-10-26,2,4,25.0
2025-10-27,2,4,29.0
2025-10-28,2,4,47.0
2025-10-29,2,4,56.0
2025-10-30,2,4,59.0
2025-10-31,2,4,40.0
2025-11-01,2,4,32.0
2025-11-02,2,4,27.0
2025-11-03,2,4,40.0
2025-11-04,2,4,52.0
2025-11-05,2,4,55.0
2025-11-06,2,4,50.0
2025-11-07,2,4,39.0
2025-11-08,2,4,32.0
2025-11-09,2,4,33.0
2025-11-10,2,4,50.0
2025-11-11,2,4,58.0
2025-11-12,2,4,54.0
2025-11-13,2,4,57.0
2025-11-14,2,4,44.0
2025-11-15,2,4,28.0
2025-11-16,2,4,38.0
2025-11-17,2,4,57.0
2025-11-18,2,4,57.0
2025-11-19,2,4,60.0
2025-11-20,2,4,59.0
2025-11-21,2,4,53.0
2025-11-22,2,4,54.0
2025-11-23,2,4,50.0
2025-11-24,2,4,64.0
2025-11-25,2,4,71.0
2025-11-26,2,4,68.0
2025-11-27,2,4,70.0
2025-11-28,2,4,54.0
2025-11-29,2,4,50.0
2025-11-30,2,4,45.0
2025-12-01,2,4,66.0
2025-12-02,2,4,74.0
2025-12-03,2,4,79.0
2025-12-04,2,4,71.0
2025-12-05,2,4,58.0
2025-12-06,2,4,56.0
2025-12-07,2,4,54.0
2025-12-08,2,4,58.0
2025-12-09,2,4,68.0
2025-12-10,2,4,85.0
2025-12-11,2,4,74.0
2025-12-12,2,4,55.0
2025-12-13,2,4,59.0
2025-12-14,2,4,62.0
2025-12-15,2,4,71.0
2025-12-16,2,4,87.0
2025-12-17,2,4,97.0
2025-12-18,2,4,90.0
2025-12-19,2,4,72.0
2025-12-20,2,4,64.0
2025-12-21,2,4,69.0
2025-12-22,2,4,82.0
2025-12-23,2,4,90.0
2025-12-24,2,4,96.0
2025-12-25,2,4,79.0
2025-12-26,2,4,78.0
2025-12-27,2,4,74.0
2025-12-28,2,4,71.0
2025-12-29,2,4,85.0
2025-12-30,2,4,91.0
2024-01-01,2,5,94.0
2024-01-02,2,5,88.0
2024-01-03,2,5,96.0
2024-01-04,2,5,100.0
2024-01-05,2,5,92.0
2024-01-06,2,5,69.0
2024-01-07,2,5,95.0
2024-01-08,2,5,105.0
2024-01-09,2,5,86.0
2024-01-10,2,5,92.0
2024-01-11,2,5,111.0
2024-01-12,2,5,88.0
2024-01-13,2,5,58.0
2024-01-14,2,5,70.0
2024-01-15,2,5,92.0
2024-01-16,2,5,89.0
2024-01-17,2,5,100.0
2024-01-18,2,5,101.0
2024-01-19,2,5,110.0
2024-01-20,2,5,84.0
2024-01-21,2,5,103.0
2024-01-22,2,5,115.0
2024-01-23,2,5,123.0
2024-01-24,2,5,112.0
2024-01-25,2,5,80.0
2024-01-26,2,5,101.0
2024-01-27,2,5,103.0
2024-01-28,2,5,92.0
2024-01-29,2,5,122.0
2024-01-30,2,5,119.0
2024-01-31,2,5,118.0
2024-02-01,2,5,119.0
2024-02-02,2,5,102.0
2024-02-03,2,5,64.0
2024-02-04,2,5,90.0
2024-02-05,2,5,118.0
2024-02-06,2,5,102.0
2024-02-07,2,5,111.0
2024-02-08,2,5,97.0
2024-02-09,2,5,122.0
2024-02-10,2,5,116.0
2024-02-11,2,5,88.0
2024-02-12,2,5,108.0
2024-02-13,2,5,106.0
2024-02-14,2,5,124.0
2024-02-15,2,5,118.0
2024-02-16,2,5,113.0
2024-02-17,2,5,103.0
2024-02-18,2,5,136.0
2024-02-19,2,5,97.0
2024-02-20,2,5,97.0
2024-02-21,2,5,114.0
2024-02-22,2,5,96.0
2024-02-23,2,5,88.0
2024-02-24,2,5,89.0
2024-02-25,2,5,92.0
2024-02-26,2,5,100.0
2024-02-27,2,5,125.0
2024-02-28,2,5,115.0
2024-02-29,2,5,114.0
2024-03-01,2,5,119.0
2024-03-02,2,5,94.0
2024-03-03,2,5,102.0
2024-03-04,2,5,117.0
2024-03-05,2,5,98.0
2024-03-06,2,5,95.0
2024-03-07,2,5,122.0
2024-03-08,2,5,115.0
2024-03-09,2,5,129.0
2024-03-10,2,5,109.0
2024-03-11,2,5,124.0
2024-03-12,2,5,120.0
2024-03-13,2,5,128.0
2024-03-14,2,5,139.0
2024-03-15,2,5,86.0
2024-03-16,2,5,111.0
2024-03-17,2,5,133.0
2024-03-18,2,5,119.0
2024-03-19,2,5,143.0
2024-03-20,2,5,118.0
2024-03-21,2,5,120.0
2024-03-22,2,5,112.0
2024-03-23,2,5,81.0
2024-03-24,2,5,95.0
2024-03-25,2,5,103.0
2024-03-26,2,5,134.0
2024-03-27,2,5,136.0
2024-03-28,2,5,125.0
2024-03-29,2,5,122.0
2024-03-30,2,5,105.0
2024-03-31,2,5,123.0
2024-04-01,2,5,117.0
2024-04-02,2,5,125.0
2024-04-03,2,5,123.0
2024-04-04,2,5,129.0
2024-04-05,2,5,108.0
2024-04-06,2,5,119.0
2024-04-07,2,5,96.0
2024-04-08,2,5,104.0
2024-04-09,2,5,133.0
2024-04-10,2,5,125.0
2024-04-11,2,5,116.0
2024-04-12,2,5,123.0
2024-04-13,2,5,100.0
2024-04-14,2,5,107.0
2024-04-15,2,5,133.0
2024-04-16,2,5,142.0
2024-04-17,2,5,145.0
2024-04-18,2,5,117.0
2024-04-19,2,5,127.0
2024-04-20,2,5,96.0
2024-04-21,2,5,98.0
2024-04-22,2,5,88.0
2024-04-23,2,5,143.0
2024-04-24,2,5,115.0
2024-04-25,2,5,118.0
2024-04-26,2,5,101.0
2024-04-27,2,5,177.64560096952238
2024-04-28,2,5,160.50435877070882
2024-04-29,2,5,155.82947453466875
2024-04-30,2,5,199.461727404376
2024-05-01,2,5,166.73753775209556
2024-05-02,2,5,169.85412724278893
2024-05-03,2,5,132.45505335446845
2024-05-04,2,5,137.12993759050852
2024-05-05,2,5,169.85412724278893
2024-05-06,2,5,91.0
2024-05-07,2,5,104.0
2024-05-08,2,5,123.0
2024-05-09,2,5,111.0
2024-05-10,2,5,132.0
2024-05-11,2,5,125.0
2024-05-12,2,5,95.0
2024-05-13,2,5,119.0
2024-05-14,2,5,129.0
2024-05-15,2,5,114.0
2024-05-16,2,5,98.0
2024-05-17,2,5,107.0
2024-05-18,2,5,100.0
2024-05-19,2,5,98.0
2024-05-20,2,5,116.0
2024-05-21,2,5,109.0
2024-05-22,2,5,106.0
2024-05-23,2,5,115.0
2024-05-24,2,5,110.0
2024-05-25,2,5,86.0
2024-05-26,2,5,112.0
2024-05-27,2,5,88.0
2024-05-28,2,5,109.0
2024-05-29,2,5,114.0
2024-05-30,2,5,104.0
2024-05-31,2,5,96.0
2024-06-01,2,5,120.0
2024-06-02,2,5,89.0
2024-06-03,2,5,135.0
2024-06-04,2,5,119.0
2024-06-05,2,5,116.0
2024-06-06,2,5,115.0
2024-06-07,2,5,131.0
2024-06-08,2,5,83.0
2024-06-09,2,5,83.0
2024-06-10,2,5,95.0
2024-06-11,2,5,111.0
2024-06-12,2,5,92.0
2024-06-13,2,5,107.0
2024-06-14,2,5,118.0
2024-06-15,2,5,94.0
2024-06-16,2,5,91.0
2024-06-17,2,5,94.0
2024-06-18,2,5,119.0
2024-06-19,2,5,100.0
2024-06-20,2,5,126.0
2024-06-21,2,5,118.0
2024-06-22,2,5,93.0
2024-06-23,2,5,91.0
2024-06-24,2,5,111.0
2024-06-25,2,5,119.0
2024-06-26,2,5,98.0
2024-06-27,2,5,95.0
2024-06-28,2,5,77.0
2024-06-29,2,5,92.0
2024-06-30,2,5,97.0
2024-07-01,2,5,80.0
2024-07-02,2,5,98.0
2024-07-03,2,5,89.0
2024-07-04,2,5,88.0
2024-07-05,2,5,97.0
2024-07-06,2,5,76.0
2024-07-07,2,5,82.0
2024-07-08,2,5,74.0
2024-07-09,2,5,103.0
2024-07-10,2,5,101.0
2024-07-11,2,5,88.0
2024-07-12,2,5,85.0
2024-07-13,2,5,84.0
2024-07-14,2,5,74.0
2024-07-15,2,5,73.0
2024-07-16,2,5,119.0
2024-07-17,2,5,92.0
2024-07-18,2,5,92.0
2024-07-19,2,5,97.0
2024-07-20,2,5,121.0
2024-07-21,2,5,66.0
2024-07-22,2,5,93.0
2024-07-23,2,5,87.0
2024-07-24,2,5,90.0
2024-07-25,2,5,83.0
2024-07-26,2,5,69.0
2024-07-27,2,5,76.0
2024-07-28,2,5,61.0
2024-07-29,2,5,97.0
2024-07-30,2,5,93.0
2024-07-31,2,5,99.0
2024-08-01,2,5,83.0
2024-08-02,2,5,76.0
2024-08-03,2,5,78.0
2024-08-04,2,5,62.0
2024-08-05,2,5,79.0
2024-08-06,2,5,80.0
2024-08-07,2,5,81.0
2024-08-08,2,5,62.0
2024-08-09,2,5,94.0
2024-08-10,2,5,64.0
2024-08-11,2,5,88.0
2024-08-12,2,5,94.0
2024-08-13,2,5,73.0
2024-08-14,2,5,77.0
2024-08-15,2,5,115.0
2024-08-16,2,5,96.0
2024-08-17,2,5,70.0
2024-08-18,2,5,75.0
2024-08-19,2,5,72.0
2024-08-20,2,5,92.0
2024-08-21,2,5,80.0
2024-08-22,2,5,59.0
2024-08-23,2,5,58.0
2024-08-24,2,5,69.0
2024-08-25,2,5,57.0
2024-08-26,2,5,77.0
2024-08-27,2,5,72.0
2024-08-28,2,5,77.0
2024-08-29,2,5,91.0
2024-08-30,2,5,76.0
2024-08-31,2,5,67.0
2024-09-01,2,5,79.0
2024-09-02,2,5,82.0
2024-09-03,2,5,101.0
2024-09-04,2,5,80.0
2024-09-05,2,5,75.0
2024-09-06,2,5,56.0
2024-09-07,2,5,61.0
2024-09-08,2,5,79.0
2024-09-09,2,5,91.0
2024-09-10,2,5,94.0
2024-09-11,2,5,63.0
2024-09-12,2,5,92.0
2024-09-13,2,5,49.0
2024-09-14,2,5,76.0
2024-09-15,2,5,63.0
2024-09-16,2,5,83.0
2024-09-17,2,5,66.0
2024-09-18,2,5,98.0
2024-09-19,2,5,61.0
2024-09-20,2,5,62.0
2024-09-21,2,5,53.0
2024-09-22,2,5,46.0
2024-09-23,2,5,76.0
2024-09-24,2,5,103.0
2024-09-25,2,5,115.0
2024-09-26,2,5,80.0
2024-09-27,2,5,83.0
2024-09-28,2,5,68.0
2024-09-29,2,5,73.0
2024-09-30,2,5,70.0
2024-10-01,2,5,84.0
2024-10-02,2,5,90.0
2024-10-03,2,5,72.0
2024-10-04,2,5,70.0
2024-10-05,2,5,65.0
2024-10-06,2,5,77.0
2024-10-07,2,5,62.0
2024-10-08,2,5,82.0
2024-10-09,2,5,107.0
2024-10-10,2,5,93.0
2024-10-11,2,5,87.0
2024-10-12,2,5,66.0
2024-10-13,2,5,72.0
2024-10-14,2,5,88.0
2024-10-15,2,5,102.0
2024-10-16,2,5,62.0
2024-10-17,2,5,65.0
2024-10-18,2,5,88.0
2024-10-19,2,5,64.0
2024-10-20,2,5,61.0
2024-10-21,2,5,62.0
2024-10-22,2,5,78.0
2024-10-23,2,5,70.0
2024-10-24,2,5,106.0
2024-10-25,2,5,73.0
2024-10-26,2,5,68.0
2024-10-27,2,5,77.0
2024-10-28,2,5,90.0
2024-10-29,2,5,97.0
2024-10-30,2,5,101.0
2024-10-31,2,5,76.0
2024-11-01,2,5,72.0
2024-11-02,2,5,79.0
2024-11-03,2,5,66.0
2024-11-04,2,5,80.0
2024-11-05,2,5,93.0
2024-11-06,2,5,99.0
2024-11-07,2,5,64.0
2024-11-08,2,5,85.0
2024-11-09,2,5,69.0
2024-11-10,2,5,83.0
2024-11-11,2,5,91.0
2024-11-12,2,5,109.0
2024-11-13,2,5,108.0
2024-11-14,2,5,103.0
2024-11-15,2,5,96.0
2024-11-16,2,5,78.0
2024-11-17,2,5,77.0
2024-11-18,2,5,95.0
2024-11-19,2,5,101.0
2024-11-20,2,5,91.0
2024-11-21,2,5,95.0
2024-11-22,2,5,81.0
2024-11-23,2,5,67.0
2024-11-24,2,5,94.0
2024-11-25,2,5,88.0
2024-11-26,2,5,119.0
2024-11-27,2,5,78.0
2024-11-28,2,5,86.0
2024-11-29,2,5,85.0
2024-11-30,2,5,93.0
2024-12-01,2,5,87.0
2024-12-02,2,5,94.0
2024-12-03,2,5,85.0
2024-12-04,2,5,86.0
2024-12-05,2,5,99.0
2024-12-06,2,5,71.0
2024-12-07,2,5,76.0
2024-12-08,2,5,91.0
2024-12-09,2,5,81.0
2024-12-10,2,5,120.0
2024-12-11,2,5,118.0
2024-12-12,2,5,80.0
2024-12-13,2,5,79.0
2024-12-14,2,5,59.0
2024-12-15,2,5,79.0
2024-12-16,2,5,105.0
2024-12-17,2,5,99.0
2024-12-18,2,5,112.0
2024-12-19,2,5,84.0
2024-12-20,2,5,103.0
2024-12-21,2,5,82.0
2024-12-22,2,5,91.0
2024-12-23,2,5,98.0
2024-12-24,2,5,92.0
2024-12-25,2,5,96.0
2024-12-26,2,5,116.0
2024-12-27,2,5,102.0
2024-12-28,2,5,105.0
2024-12-29,2,5,98.0
2024-12-30,2,5,104.0
2024-12-31,2,5,90.0
2025-01-01,2,5,110.0
2025-01-02,2,5,108.0
2025-01-03,2,5,123.0
2025-01-04,2,5,104.0
2025-01-05,2,5,116.0
2025-01-06,2,5,113.0
2025-01-07,2,5,105.0
2025-01-08,2,5,117.0
2025-01-09,2,5,114.0
2025-01-10,2,5,92.0
2025-01-11,2,5,94.0
2025-01-12,2,5,99.0
2025-01-13,2,5,128.0
2025-01-14,2,5,92.0
2025-01-15,2,5,134.0
2025-01-16,2,5,103.0
2025-01-17,2,5,90.0
2025-01-18,2,5,116.0
2025-01-19,2,5,113.0
2025-01-20,2,5,127.0
2025-01-21,2,5,130.0
2025-01-22,2,5,147.0
2025-01-23,2,5,124.0
2025-01-24,2,5,108.0
2025-01-25,2,5,109.0
2025-01-26,2,5,122.0
2025-01-27,2,5,106.0
2025-01-28,2,5,115.0
2025-01-29,2,5,122.0
2025-01-30,2,5,96.0
2025-01-31,2,5,114.0
2025-02-01,2,5,86.0
2025-02-02,2,5,111.0
2025-02-03,2,5,128.0
2025-02-04,2,5,120.0
2025-02-05,2,5,148.0
2025-02-06,2,5,106.0
2025-02-07,2,5,129.0
2025-02-08,2,5,119.0
2025-02-09,2,5,93.0
2025-02-10,2,5,153.0
2025-02-11,2,5,128.0
2025-02-12,2,5,120.0
2025-02-13,2,5,109.0
2025-02-14,2,5,115.0
2025-02-15,2,5,112.0
2025-02-16,2,5,116.0
2025-02-17,2,5,120.0
2025-02-18,2,5,138.0
2025-02-19,2,5,129.0
2025-02-20,2,5,105.0
2025-02-21,2,5,118.0
2025-02-22,2,5,87.0
2025-02-23,2,5,122.0
2025-02-24,2,5,114.0
2025-02-25,2,5,135.0
2025-02-26,2,5,151.0
2025-02-27,2,5,119.0
2025-02-28,2,5,135.0
2025-03-01,2,5,112.0
2025-03-02,2,5,140.0
2025-03-03,2,5,123.0
2025-03-04,2,5,125.0
2025-03-05,2,5,145.0
2025-03-06,2,5,127.0
2025-03-07,2,5,114.0
2025-03-08,2,5,113.0
2025-03-09,2,5,120.0
2025-03-10,2,5,145.0
2025-03-11,2,5,114.0
2025-03-12,2,5,139.0
2025-03-13,2,5,141.0
2025-03-14,2,5,128.0
2025-03-15,2,5,136.0
2025-03-16,2,5,121.0
2025-03-17,2,5,128.0
2025-03-18,2,5,145.0
2025-03-19,2,5,141.0
2025-03-20,2,5,130.0
2025-03-21,2,5,132.0
2025-03-22,2,5,113.0
2025-03-23,2,5,116.0
2025-03-24,2,5,125.0
2025-03-25,2,5,154.0
2025-03-26,2,5,102.0
2025-03-27,2,5,140.0
2025-03-28,2,5,127.0
2025-03-29,2,5,102.0
2025-03-30,2,5,127.0
2025-03-31,2,5,137.0
2025-04-01,2,5,146.0
2025-04-02,2,5,110.0
2025-04-03,2,5,152.0
2025-04-04,2,5,119.0
2025-04-05,2,5,130.0
2025-04-06,2,5,133.0
2025-04-07,2,5,121.0
2025-04-08,2,5,147.0
2025-04-09,2,5,136.0
2025-04-10,2,5,111.0
2025-04-11,2,5,141.0
2025-04-12,2,5,113.0
2025-04-13,2,5,114.0
2025-04-14,2,5,127.0
2025-04-15,2,5,142.0
2025-04-16,2,5,140.0
2025-04-17,2,5,142.0
2025-04-18,2,5,111.0
2025-04-19,2,5,113.0
2025-04-20,2,5,122.0
2025-04-21,2,5,153.0
2025-04-22,2,5,137.0
2025-04-23,2,5,153.0
2025-04-24,2,5,135.0
2025-04-25,2,5,120.0
2025-04-26,2,5,118.0
2025-04-27,2,5,120.0
2025-04-28,2,5,137.0
2025-04-29,2,5,153.0
2025-04-30,2,5,143.0
2025-05-01,2,5,148.0
2025-05-02,2,5,114.0
2025-05-03,2,5,115.0
2025-05-04,2,5,113.0
2025-05-05,2,5,132.0
2025-05-06,2,5,132.0
2025-05-07,2,5,146.0
2025-05-08,2,5,121.0
2025-05-09,2,5,124.0
2025-05-10,2,5,126.0
2025-05-11,2,5,95.0
2025-05-12,2,5,152.0
2025-05-13,2,5,131.0
2025-05-14,2,5,112.0
2025-05-15,2,5,132.0
2025-05-16,2,5,122.0
2025-05-17,2,5,116.0
2025-05-18,2,5,130.0
2025-05-19,2,5,134.0
2025-05-20,2,5,136.0
2025-05-21,2,5,140.0
2025-05-22,2,5,127.0
2025-05-23,2,5,141.0
2025-05-24,2,5,97.0
2025-05-25,2,5,118.0
2025-05-26,2,5,124.0
2025-05-27,2,5,140.0
2025-05-28,2,5,122.0
2025-05-29,2,5,106.0
2025-05-30,2,5,120.0
2025-05-31,2,5,116.0
2025-06-01,2,5,131.0
2025-06-02,2,5,106.0
2025-06-03,2,5,142.0
2025-06-04,2,5,158.0
2025-06-05,2,5,120.0
2025-06-06,2,5,100.0
2025-06-07,2,5,105.0
2025-06-08,2,5,112.0
2025-06-09,2,5,125.0
2025-06-10,2,5,119.0
2025-06-11,2,5,146.0
2025-06-12,2,5,109.0
2025-06-13,2,5,93.0
2025-06-14,2,5,121.0
2025-06-15,2,5,82.0
2025-06-16,2,5,114.0
2025-06-17,2,5,160.0
2025-06-18,2,5,125.0
2025-06-19,2,5,106.0
2025-06-20,2,5,110.0
2025-06-21,2,5,104.0
2025-06-22,2,5,108.0
2025-06-23,2,5,121.0
2025-06-24,2,5,108.0
2025-06-25,2,5,142.0
2025-06-26,2,5,119.0
2025-06-27,2,5,116.0
2025-06-28,2,5,95.0
2025-06-29,2,5,119.0
2025-06-30,2,5,108.0
2025-07-01,2,5,121.0
2025-07-02,2,5,108.0
2025-07-03,2,5,102.0
2025-07-04,2,5,113.0
2025-07-05,2,5,94.0
2025-07-06,2,5,91.0
2025-07-07,2,5,100.0
2025-07-08,2,5,123.0
2025-07-09,2,5,109.0
2025-07-10,2,5,110.0
2025-07-11,2,5,103.0
2025-07-12,2,5,74.0
2025-07-13,2,5,81.0
2025-07-14,2,5,109.0
2025-07-15,2,5,104.0
2025-07-16,2,5,127.0
2025-07-17,2,5,120.0
2025-07-18,2,5,108.0
2025-07-19,2,5,116.0
2025-07-20,2,5,95.0
2025-07-21,2,5,110.0
2025-07-22,2,5,103.0
2025-07-23,2,5,140.0
2025-07-24,2,5,129.0
2025-07-25,2,5,97.0
2025-07-26,2,5,96.0
2025-07-27,2,5,109.0
2025-07-28,2,5,99.0
2025-07-29,2,5,100.0
2025-07-30,2,5,119.0
2025-07-31,2,5,104.0
2025-08-01,2,5,97.0
2025-08-02,2,5,79.0
2025-08-03,2,5,70.0
2025-08-04,2,5,101.0
2025-08-05,2,5,116.0
2025-08-06,2,5,104.0
2025-08-07,2,5,118.0
2025-08-08,2,5,84.0
2025-08-09,2,5,75.0
2025-08-10,2,5,88.0
2025-08-11,2,5,95.0
2025-08-12,2,5,112.0
2025-08-13,2,5,96.0
2025-08-14,2,5,115.0
2025-08-15,2,5,114.0
2025-08-16,2,5,85.0
2025-08-17,2,5,101.0
2025-08-18,2,5,81.0
2025-08-19,2,5,114.0
2025-08-20,2,5,115.0
2025-08-21,2,5,108.0
2025-08-22,2,5,89.0
2025-08-23,2,5,49.0
2025-08-24,2,5,77.0
2025-08-25,2,5,85.0
2025-08-26,2,5,88.0
2025-08-27,2,5,103.0
2025-08-28,2,5,91.0
2025-08-29,2,5,78.0
2025-08-30,2,5,69.0
2025-08-31,2,5,75.0
2025-09-01,2,5,104.0
2025-09-02,2,5,91.0
2025-09-03,2,5,94.0
2025-09-04,2,5,89.0
2025-09-05,2,5,90.0
2025-09-06,2,5,86.0
2025-09-07,2,5,47.0
2025-09-08,2,5,102.0
2025-09-09,2,5,114.0
2025-09-10,2,5,87.0
2025-09-11,2,5,82.0
2025-09-12,2,5,80.0
2025-09-13,2,5,71.0
2025-09-14,2,5,84.0
2025-09-15,2,5,66.0
2025-09-16,2,5,84.0
2025-09-17,2,5,117.0
2025-09-18,2,5,82.0
2025-09-19,2,5,100.0
2025-09-20,2,5,84.0
2025-09-21,2,5,60.0
2025-09-22,2,5,96.0
2025-09-23,2,5,95.0
2025-09-24,2,5,130.61025828416786
2025-09-25,2,5,134.82349242236683
2025-09-26,2,5,126.3970241459689
2025-09-27,2,5,123.58820138716959
2025-09-28,2,5,133.41908104296718
2025-09-29,2,5,94.0
2025-09-30,2,5,80.0
2025-10-01,2,5,93.0
2025-10-02,2,5,128.0
2025-10-03,2,5,93.0
2025-10-04,2,5,108.0
2025-10-05,2,5,98.0
2025-10-06,2,5,92.0
2025-10-07,2,5,100.0
2025-10-08,2,5,98.0
2025-10-09,2,5,73.0
2025-10-10,2,5,86.0
2025-10-11,2,5,95.0
2025-10-12,2,5,75.0
2025-10-13,2,5,95.0
2025-10-14,2,5,108.0
2025-10-15,2,5,89.0
2025-10-16,2,5,89.0
2025-10-17,2,5,74.0
2025-10-18,2,5,72.0
2025-10-19,2,5,68.0
2025-10-20,2,5,80.0
2025-10-21,2,5,116.0
2025-10-22,2,5,90.0
2025-10-23,2,5,97.0
2025-10-24,2,5,82.0
2025-10-25,2,5,97.0
2025-10-26,2,5,100.0
2025-10-27,2,5,103.0
2025-10-28,2,5,104.0
2025-10-29,2,5,100.0
2025-10-30,2,5,83.0
2025-10-31,2,5,112.0
2025-11-01,2,5,75.0
2025-11-02,2,5,94.0
2025-11-03,2,5,107.0
2025-11-04,2,5,96.0
2025-11-05,2,5,116.0
2025-11-06,2,5,108.0
2025-11-07,2,5,112.0
2025-11-08,2,5,81.0
2025-11-09,2,5,73.0
2025-11-10,2,5,90.0
2025-11-11,2,5,107.0
2025-11-12,2,5,107.0
2025-11-13,2,5,97.0
2025-11-14,2,5,71.0
2025-11-15,2,5,94.0
2025-11-16,2,5,114.0
2025-11-17,2,5,104.0
2025-11-18,2,5,114.0
2025-11-19,2,5,116.0
2025-11-20,2,5,109.0
2025-11-21,2,5,107.0
2025-11-22,2,5,96.0
2025-11-23,2,5,90.0
2025-11-24,2,5,92.0
2025-11-25,2,5,106.0
2025-11-26,2,5,115.0
2025-11-27,2,5,103.0
2025-11-28,2,5,102.0
2025-11-29,2,5,99.0
2025-11-30,2,5,106.0
2025-12-01,2,5,119.0
2025-12-02,2,5,113.0
2025-12-03,2,5,99.0
2025-12-04,2,5,105.0
2025-12-05,2,5,102.0
2025-12-06,2,5,75.0
2025-12-07,2,5,115.0
2025-12-08,2,5,109.0
2025-12-09,2,5,119.0
2025-12-10,2,5,133.0
2025-12-11,2,5,105.0
2025-12-12,2,5,111.0
2025-12-13,2,5,98.0
2025-12-14,2,5,100.0
2025-12-15,2,5,101.0
2025-12-16,2,5,138.0
2025-12-17,2,5,116.0
2025-12-18,2,5,124.0
2025-12-19,2,5,86.0
2025-12-20,2,5,117.0
2025-12-21,2,5,118.0
2025-12-22,2,5,114.0
2025-12-23,2,5,119.0
2025-12-24,2,5,128.0
2025-12-25,2,5,146.0
2025-12-26,2,5,90.0
2025-12-27,2,5,115.0
2025-12-28,2,5,98.0
2025-12-29,2,5,116.0
2025-12-30,2,5,122.0
2024-01-01,3,1,84.0
2024-01-02,3,1,95.0
2024-01-03,3,1,94.0
2024-01-04,3,1,93.0
2024-01-05,3,1,86.0
2024-01-06,3,1,82.0
2024-01-07,3,1,87.0
2024-01-08,3,1,95.0
2024-01-09,3,1,94.0
2024-01-10,3,1,101.0
2024-01-11,3,1,98.0
2024-01-12,3,1,83.0
2024-01-13,3,1,92.0
2024-01-14,3,1,100.0
2024-01-15,3,1,94.0
2024-01-16,3,1,99.0
2024-01-17,3,1,100.0
2024-01-18,3,1,102.0
2024-01-19,3,1,96.0
2024-01-20,3,1,82.0
2024-01-21,3,1,87.0
2024-01-22,3,1,100.0
2024-01-23,3,1,102.0
2024-01-24,3,1,98.0
2024-01-25,3,1,109.0
2024-01-26,3,1,92.0
2024-01-27,3,1,93.0
2024-01-28,3,1,94.0
2024-01-29,3,1,94.0
2024-01-30,3,1,107.0
2024-01-31,3,1,109.0
2024-02-01,3,1,102.0
2024-02-02,3,1,97.0
2024-02-03,3,1,99.0
2024-02-04,3,1,87.0
2024-02-05,3,1,98.0
2024-02-06,3,1,109.0
2024-02-07,3,1,107.0
2024-02-08,3,1,104.0
2024-02-09,3,1,106.0
2024-02-10,3,1,95.0
2024-02-11,3,1,111.0
2024-02-12,3,1,96.0
2024-02-13,3,1,99.0
2024-02-14,3,1,117.0
2024-02-15,3,1,104.0
2024-02-16,3,1,99.0
2024-02-17,3,1,106.0
2024-02-18,3,1,100.0
2024-02-19,3,1,112.0
2024-02-20,3,1,110.0
2024-02-21,3,1,116.0
2024-02-22,3,1,109.0
2024-02-23,3,1,101.0
2024-02-24,3,1,112.0
2024-02-25,3,1,110.0
2024-02-26,3,1,106.0
2024-02-27,3,1,114.0
2024-02-28,3,1,124.0
2024-02-29,3,1,108.0
2024-03-01,3,1,103.0
2024-03-02,3,1,107.0
2024-03-03,3,1,118.0
2024-03-04,3,1,112.0
2024-03-05,3,1,122.0
2024-03-06,3,1,112.0
2024-03-07,3,1,117.0
2024-03-08,3,1,107.0
2024-03-09,3,1,116.0
2024-03-10,3,1,116.0
2024-03-11,3,1,125.0
2024-03-12,3,1,114.0
2024-03-13,3,1,119.0
2024-03-14,3,1,118.0
2024-03-15,3,1,107.0
2024-03-16,3,1,108.0
2024-03-17,3,1,113.0
2024-03-18,3,1,111.0
2024-03-19,3,1,115.0
2024-03-20,3,1,116.0
2024-03-21,3,1,109.0
2024-03-22,3,1,116.0
2024-03-23,3,1,104.0
2024-03-24,3,1,105.0
2024-03-25,3,1,117.0
2024-03-26,3,1,119.0
2024-03-27,3,1,118.0
2024-03-28,3,1,122.0
2024-03-29,3,1,109.0
2024-03-30,3,1,96.0
2024-03-31,3,1,117.0
2024-04-01,3,1,110.0
2024-04-02,3,1,116.0
2024-04-03,3,1,117.0
2024-04-04,3,1,118.0
2024-04-05,3,1,110.0
2024-04-06,3,1,113.0
2024-04-07,3,1,118.0
2024-04-08,3,1,111.0
2024-04-09,3,1,114.0
2024-04-10,3,1,118.0
2024-04-11,3,1,119.0
2024-04-12,3,1,111.0
2024-04-13,3,1,105.0
2024-04-14,3,1,102.0
2024-04-15,3,1,102.0
2024-04-16,3,1,113.0
2024-04-17,3,1,127.0
2024-04-18,3,1,119.0
2024-04-19,3,1,110.0
2024-04-20,3,1,111.0
2024-04-21,3,1,101.0
2024-04-22,3,1,113.0
2024-04-23,3,1,108.0
2024-04-24,3,1,121.0
2024-04-25,3,1,117.0
2024-04-26,3,1,111.0
2024-04-27,3,1,112.0
2024-04-28,3,1,111.0
2024-04-29,3,1,105.0
2024-04-30,3,1,123.0
2024-05-01,3,1,117.0
2024-05-02,3,1,104.0
2024-05-03,3,1,108.0
2024-05-04,3,1,108.0
2024-05-05,3,1,100.0
2024-05-06,3,1,118.0
2024-05-07,3,1,110.0
2024-05-08,3,1,114.0
2024-05-09,3,1,109.0
2024-05-10,3,1,97.0
2024-05-11,3,1,98.0
2024-05-12,3,1,100.0
2024-05-13,3,1,108.0
2024-05-14,3,1,97.0
2024-05-15,3,1,118.0
2024-05-16,3,1,114.0
2024-05-17,3,1,111.0
2024-05-18,3,1,93.0
2024-05-19,3,1,100.0
2024-05-20,3,1,112.0
2024-05-21,3,1,117.0
2024-05-22,3,1,120.0
2024-05-23,3,1,109.0
2024-05-24,3,1,102.0
2024-05-25,3,1,90.0
2024-05-26,3,1,105.0
2024-05-27,3,1,102.0
2024-05-28,3,1,109.0
2024-05-29,3,1,110.0
2024-05-30,3,1,93.0
2024-05-31,3,1,96.0
2024-06-01,3,1,99.0
2024-06-02,3,1,97.0
2024-06-03,3,1,104.0
2024-06-04,3,1,111.0
2024-06-05,3,1,103.0
2024-06-06,3,1,101.0
2024-06-07,3,1,97.0
2024-06-08,3,1,98.0
2024-06-09,3,1,93.0
2024-06-10,3,1,89.0
2024-06-11,3,1,103.0
2024-06-12,3,1,108.0
2024-06-13,3,1,108.0
2024-06-14,3,1,96.0
2024-06-15,3,1,83.0
2024-06-16,3,1,89.0
2024-06-17,3,1,99.0
2024-06-18,3,1,105.0
2024-06-19,3,1,104.0
2024-06-20,3,1,96.0
2024-06-21,3,1,96.0
2024-06-22,3,1,84.0
2024-06-23,3,1,90.0
2024-06-24,3,1,97.0
2024-06-25,3,1,101.0
2024-06-26,3,1,102.0
2024-06-27,3,1,98.0
2024-06-28,3,1,83.0
2024-06-29,3,1,85.0
2024-06-30,3,1,81.0
2024-07-01,3,1,89.0
2024-07-02,3,1,89.0
2024-07-03,3,1,98.0
2024-07-04,3,1,81.0
2024-07-05,3,1,89.0
2024-07-06,3,1,82.0
2024-07-07,3,1,93.0
2024-07-08,3,1,86.0
2024-07-09,3,1,91.0
2024-07-10,3,1,96.0
2024-07-11,3,1,88.0
2024-07-12,3,1,84.0
2024-07-13,3,1,84.0
2024-07-14,3,1,78.0
2024-07-15,3,1,91.0
2024-07-16,3,1,80.0
2024-07-17,3,1,98.0
2024-07-18,3,1,76.0
2024-07-19,3,1,87.0
2024-07-20,3,1,66.0
2024-07-21,3,1,88.0
2024-07-22,3,1,82.0
2024-07-23,3,1,81.0
2024-07-24,3,1,97.0
2024-07-25,3,1,77.0
2024-07-26,3,1,76.0
2024-07-27,3,1,87.0
2024-07-28,3,1,76.0
2024-07-29,3,1,68.0
2024-07-30,3,1,82.0
2024-07-31,3,1,82.0
2024-08-01,3,1,81.0
2024-08-02,3,1,74.0
2024-08-03,3,1,74.0
2024-08-04,3,1,63.0
2024-08-05,3,1,73.0
2024-08-06,3,1,83.0
2024-08-07,3,1,78.0
2024-08-08,3,1,84.0
2024-08-09,3,1,68.0
2024-08-10,3,1,69.0
2024-08-11,3,1,69.0
2024-08-12,3,1,68.0
2024-08-13,3,1,79.0
2024-08-14,3,1,72.0
2024-08-15,3,1,73.0
2024-08-16,3,1,70.0
2024-08-17,3,1,58.0
2024-08-18,3,1,70.0
2024-08-19,3,1,73.0
2024-08-20,3,1,79.0
2024-08-21,3,1,78.0
2024-08-22,3,1,68.0
2024-08-23,3,1,68.0
2024-08-24,3,1,68.0
2024-08-25,3,1,59.0
2024-08-26,3,1,64.0
2024-08-27,3,1,73.0
2024-08-28,3,1,74.0
2024-08-29,3,1,72.0
2024-08-30,3,1,65.0
2024-08-31,3,1,63.0
2024-09-01,3,1,70.0
2024-09-02,3,1,71.0
2024-09-03,3,1,74.0
2024-09-04,3,1,68.0
2024-09-05,3,1,67.0
2024-09-06,3,1,69.0
2024-09-07,3,1,59.0
2024-09-08,3,1,57.0
2024-09-09,3,1,78.0
2024-09-10,3,1,80.0
2024-09-11,3,1,73.0
2024-09-12,3,1,64.0
2024-09-13,3,1,68.0
2024-09-14,3,1,58.0
2024-09-15,3,1,66.0
2024-09-16,3,1,64.0
2024-09-17,3,1,80.0
2024-09-18,3,1,70.0
2024-09-19,3,1,82.0
2024-09-20,3,1,64.0
2024-09-21,3,1,67.0
2024-09-22,3,1,58.0
2024-09-23,3,1,59.0
2024-09-24,3,1,58.0
2024-09-25,3,1,79.0
2024-09-26,3,1,69.0
2024-09-27,3,1,56.0
2024-09-28,3,1,66.0
2024-09-29,3,1,67.0
2024-09-30,3,1,73.0
2024-10-01,3,1,64.0
2024-10-02,3,1,79.0
2024-10-03,3,1,71.0
2024-10-04,3,1,71.0
2024-10-05,3,1,62.0
2024-10-06,3,1,62.0
2024-10-07,3,1,73.0
2024-10-08,3,1,76.0
2024-10-09,3,1,78.0
2024-10-10,3,1,66.0
2024-10-11,3,1,62.0
2024-10-12,3,1,51.0
2024-10-13,3,1,58.0
2024-10-14,3,1,71.0
2024-10-15,3,1,75.0
2024-10-16,3,1,68.0
2024-10-17,3,1,77.0
2024-10-18,3,1,80.0
2024-10-19,3,1,56.0
2024-10-20,3,1,61.0
2024-10-21,3,1,64.0
2024-10-22,3,1,72.0
2024-10-23,3,1,76.0
2024-10-24,3,1,67.0
2024-10-25,3,1,64.0
2024-10-26,3,1,62.0
2024-10-27,3,1,66.0
2024-10-28,3,1,77.0
2024-10-29,3,1,74.0
2024-10-30,3,1,72.0
2024-10-31,3,1,76.0
2024-11-01,3,1,69.0
2024-11-02,3,1,63.0
2024-11-03,3,1,68.0
2024-11-04,3,1,68.0
2024-11-05,3,1,73.0
2024-11-06,3,1,67.0
2024-11-07,3,1,72.0
2024-11-08,3,1,59.0
2024-11-09,3,1,62.0
2024-11-10,3,1,70.0
2024-11-11,3,1,64.0
2024-11-12,3,1,77.0
2024-11-13,3,1,79.0
2024-11-14,3,1,75.0
2024-11-15,3,1,68.0
2024-11-16,3,1,69.0
2024-11-17,3,1,72.0
2024-11-18,3,1,74.0
2024-11-19,3,1,78.0
2024-11-20,3,1,86.0
2024-11-21,3,1,71.0
2024-11-22,3,1,77.0
2024-11-23,3,1,72.0
2024-11-24,3,1,73.0
2024-11-25,3,1,77.0
2024-11-26,3,1,72.0
2024-11-27,3,1,91.0
2024-11-28,3,1,85.0
2024-11-29,3,1,70.0
2024-11-30,3,1,77.0
2024-12-01,3,1,75.0
2024-12-02,3,1,76.0
2024-12-03,3,1,91.0
2024-12-04,3,1,84.0
2024-12-05,3,1,91.0
2024-12-06,3,1,81.0
2024-12-07,3,1,80.0
2024-12-08,3,1,80.0
2024-12-09,3,1,85.0
2024-12-10,3,1,89.0
2024-12-11,3,1,86.0
2024-12-12,3,1,87.0
2024-12-13,3,1,86.0
2024-12-14,3,1,82.0
2024-12-15,3,1,83.0
2024-12-16,3,1,74.0
2024-12-17,3,1,90.0
2024-12-18,3,1,91.0
2024-12-19,3,1,84.0
2024-12-20,3,1,89.0
2024-12-21,3,1,70.0
2024-12-22,3,1,88.0
2024-12-23,3,1,96.0
2024-12-24,3,1,93.0
2024-12-25,3,1,95.0
2024-12-26,3,1,98.0
2024-12-27,3,1,83.0
2024-12-28,3,1,88.0
2024-12-29,3,1,81.0
2024-12-30,3,1,85.0
2024-12-31,3,1,99.0
2025-01-01,3,1,99.0
2025-01-02,3,1,86.0
2025-01-03,3,1,98.0
2025-01-04,3,1,85.0
2025-01-05,3,1,92.0
2025-01-06,3,1,103.0
2025-01-07,3,1,102.0
2025-01-08,3,1,109.0
2025-01-09,3,1,94.0
2025-01-10,3,1,101.0
2025-01-11,3,1,86.0
2025-01-12,3,1,89.0
2025-01-13,3,1,90.0
2025-01-14,3,1,105.0
2025-01-15,3,1,108.0
2025-01-16,3,1,106.0
2025-01-17,3,1,89.0
2025-01-18,3,1,96.0
2025-01-19,3,1,98.0
2025-01-20,3,1,104.0
2025-01-21,3,1,102.0
2025-01-22,3,1,94.0
2025-01-23,3,1,109.0
2025-01-24,3,1,99.0
2025-01-25,3,1,98.0
2025-01-26,3,1,98.0
2025-01-27,3,1,105.0
2025-01-28,3,1,113.0
2025-01-29,3,1,101.0
2025-01-30,3,1,114.0
2025-01-31,3,1,102.0
2025-02-01,3,1,108.0
2025-02-02,3,1,99.0
2025-02-03,3,1,103.0
2025-02-04,3,1,111.0
2025-02-05,3,1,116.0
2025-02-06,3,1,109.0
2025-02-07,3,1,108.0
2025-02-08,3,1,100.0
2025-02-09,3,1,104.0
2025-02-10,3,1,121.0
2025-02-11,3,1,116.0
2025-02-12,3,1,118.0
2025-02-13,3,1,105.0
2025-02-14,3,1,115.0
2025-02-15,3,1,110.0
2025-02-16,3,1,102.0
2025-02-17,3,1,117.0
2025-02-18,3,1,118.0
2025-02-19,3,1,118.0
2025-02-20,3,1,122.0
2025-02-21,3,1,107.0
2025-02-22,3,1,103.0
2025-02-23,3,1,109.0
2025-02-24,3,1,116.0
2025-02-25,3,1,124.0
2025-02-26,3,1,119.0
2025-02-27,3,1,112.0
2025-02-28,3,1,125.0
2025-03-01,3,1,102.0
2025-03-02,3,1,110.0
2025-03-03,3,1,119.0
2025-03-04,3,1,126.0
2025-03-05,3,1,119.0
2025-03-06,3,1,108.0
2025-03-07,3,1,110.0
2025-03-08,3,1,114.0
2025-03-09,3,1,115.0
2025-03-10,3,1,120.0
2025-03-11,3,1,125.0
2025-03-12,3,1,130.0
2025-03-13,3,1,115.0
2025-03-14,3,1,108.0
2025-03-15,3,1,113.0
2025-03-16,3,1,107.0
2025-03-17,3,1,111.0
2025-03-18,3,1,129.0
2025-03-19,3,1,125.0
2025-03-20,3,1,121.0
2025-03-21,3,1,43.66580907901067
2025-03-22,3,1,42.14699832843639
2025-03-23,3,1,45.564322517228526
2025-03-24,3,1,110.0
2025-03-25,3,1,115.0
2025-03-26,3,1,119.0
2025-03-27,3,1,123.0
2025-03-28,3,1,125.0
2025-03-29,3,1,117.0
2025-03-30,3,1,117.0
2025-03-31,3,1,118.0
2025-04-01,3,1,116.0
2025-04-02,3,1,128.0
2025-04-03,3,1,132.0
2025-04-04,3,1,114.0
2025-04-05,3,1,109.0
2025-04-06,3,1,112.0
2025-04-07,3,1,122.0
2025-04-08,3,1,124.0
2025-04-09,3,1,129.0
2025-04-10,3,1,121.0
2025-04-11,3,1,114.0
2025-04-12,3,1,113.0
2025-04-13,3,1,110.0
2025-04-14,3,1,127.0
2025-04-15,3,1,127.0
2025-04-16,3,1,118.0
2025-04-17,3,1,116.0
2025-04-18,3,1,184.74400137624093
2025-04-19,3,1,175.35023859439818
2025-04-20,3,1,178.48149285501242
2025-04-21,3,1,181.6127471156267
2025-04-22,3,1,195.7033912883908
2025-04-23,3,1,191.00650989746944
2025-04-24,3,1,192.57213702777656
2025-04-25,3,1,184.74400137624093
2025-04-26,3,1,186.30962850654805
2025-04-27,3,1,108.0
2025-04-28,3,1,116.0
2025-04-29,3,1,114.0
2025-04-30,3,1,132.0
2025-05-01,3,1,108.0
2025-05-02,3,1,122.0
2025-05-03,3,1,109.0
2025-05-04,3,1,112.0
2025-05-05,3,1,114.0
2025-05-06,3,1,120.0
2025-05-07,3,1,124.0
2025-05-08,3,1,108.0
2025-05-09,3,1,107.0
2025-05-10,3,1,103.0
2025-05-11,3,1,111.0
2025-05-12,3,1,113.0
2025-05-13,3,1,121.0
2025-05-14,3,1,120.0
2025-05-15,3,1,121.0
2025-05-16,3,1,105.0
2025-05-17,3,1,106.0
2025-05-18,3,1,112.0
2025-05-19,3,1,116.0
2025-05-20,3,1,108.0
2025-05-21,3,1,111.0
2025-05-22,3,1,112.0
2025-05-23,3,1,106.0
2025-05-24,3,1,103.0
2025-05-25,3,1,108.0
2025-05-26,3,1,110.0
2025-05-27,3,1,115.0
2025-05-28,3,1,118.0
2025-05-29,3,1,116.0
2025-05-30,3,1,88.0
2025-05-31,3,1,98.0
2025-06-01,3,1,97.0
2025-06-02,3,1,109.0
2025-06-03,3,1,108.0
2025-06-04,3,1,112.0
2025-06-05,3,1,112.0
2025-06-06,3,1,99.0
2025-06-07,3,1,100.0
2025-06-08,3,1,107.0
2025-06-09,3,1,108.0
2025-06-10,3,1,100.0
2025-06-11,3,1,107.0
2025-06-12,3,1,107.0
2025-06-13,3,1,102.0
2025-06-14,3,1,94.0
2025-06-15,3,1,93.0
2025-06-16,3,1,101.0
2025-06-17,3,1,99.0
2025-06-18,3,1,112.0
2025-06-19,3,1,112.0
2025-06-20,3,1,98.0
2025-06-21,3,1,91.0
2025-06-22,3,1,98.0
2025-06-23,3,1,102.0
2025-06-24,3,1,101.0
2025-06-25,3,1,103.0
2025-06-26,3,1,96.0
2025-06-27,3,1,94.0
2025-06-28,3,1,91.0
2025-06-29,3,1,86.0
2025-06-30,3,1,89.0
2025-07-01,3,1,92.0
2025-07-02,3,1,102.0
2025-07-03,3,1,96.0
2025-07-04,3,1,90.0
2025-07-05,3,1,89.0
2025-07-06,3,1,82.0
2025-07-07,3,1,86.0
2025-07-08,3,1,98.0
2025-07-09,3,1,88.0
2025-07-10,3,1,92.0
2025-07-11,3,1,100.0
2025-07-12,3,1,76.0
2025-07-13,3,1,82.0
2025-07-14,3,1,77.0
2025-07-15,3,1,92.0
2025-07-16,3,1,105.0
2025-07-17,3,1,93.0
2025-07-18,3,1,81.0
2025-07-19,3,1,92.0
2025-07-20,3,1,72.0
2025-07-21,3,1,88.0
2025-07-22,3,1,91.0
2025-07-23,3,1,90.0
2025-07-24,3,1,92.0
2025-07-25,3,1,75.0
2025-07-26,3,1,79.0
2025-07-27,3,1,79.0
2025-07-28,3,1,78.0
2025-07-29,3,1,98.0
2025-07-30,3,1,88.0
2025-07-31,3,1,84.0
2025-08-01,3,1,73.0
2025-08-02,3,1,74.0
2025-08-03,3,1,88.0
2025-08-04,3,1,79.0
2025-08-05,3,1,88.0
2025-08-06,3,1,91.0
2025-08-07,3,1,81.0
2025-08-08,3,1,74.0
2025-08-09,3,1,75.0
2025-08-10,3,1,72.0
2025-08-11,3,1,76.0
2025-08-12,3,1,88.0
2025-08-13,3,1,83.0
2025-08-14,3,1,87.0
2025-08-15,3,1,74.0
2025-08-16,3,1,63.0
2025-08-17,3,1,53.0
2025-08-18,3,1,66.0
2025-08-19,3,1,72.0
2025-08-20,3,1,83.0
2025-08-21,3,1,73.0
2025-08-22,3,1,62.0
2025-08-23,3,1,68.0
2025-08-24,3,1,64.0
2025-08-25,3,1,77.0
2025-08-26,3,1,81.0
2025-08-27,3,1,83.0
2025-08-28,3,1,62.0
2025-08-29,3,1,71.0
2025-08-30,3,1,66.0
2025-08-31,3,1,61.0
2025-09-01,3,1,61.0
2025-09-02,3,1,77.0
2025-09-03,3,1,84.0
2025-09-04,3,1,61.0
2025-09-05,3,1,65.0
2025-09-06,3,1,66.0
2025-09-07,3,1,72.0
2025-09-08,3,1,70.0
2025-09-09,3,1,87.0
2025-09-10,3,1,68.0
2025-09-11,3,1,63.0
2025-09-12,3,1,73.0
2025-09-13,3,1,52.0
2025-09-14,3,1,68.0
2025-09-15,3,1,69.0
2025-09-16,3,1,70.0
2025-09-17,3,1,74.0
2025-09-18,3,1,66.0
2025-09-19,3,1,66.0
2025-09-20,3,1,64.0
2025-09-21,3,1,63.0
2025-09-22,3,1,67.0
2025-09-23,3,1,76.0
2025-09-24,3,1,85.0
2025-09-25,3,1,71.0
2025-09-26,3,1,71.0
2025-09-27,3,1,58.0
2025-09-28,3,1,57.0
2025-09-29,3,1,72.0
2025-09-30,3,1,73.0
2025-10-01,3,1,82.0
2025-10-02,3,1,80.0
2025-10-03,3,1,71.0
2025-10-04,3,1,68.0
2025-10-05,3,1,46.0
2025-10-06,3,1,72.0
2025-10-07,3,1,80.0
2025-10-08,3,1,69.0
2025-10-09,3,1,73.0
2025-10-10,3,1,62.0
2025-10-11,3,1,69.0
2025-10-12,3,1,60.0
2025-10-13,3,1,66.0
2025-10-14,3,1,73.0
2025-10-15,3,1,89.0
2025-10-16,3,1,79.0
2025-10-17,3,1,77.0
2025-10-18,3,1,55.0
2025-10-19,3,1,59.0
2025-10-20,3,1,78.0
2025-10-21,3,1,67.0
2025-10-22,3,1,74.0
2025-10-23,3,1,86.0
2025-10-24,3,1,64.0
2025-10-25,3,1,56.0
2025-10-26,3,1,68.0
2025-10-27,3,1,63.0
2025-10-28,3,1,84.0
2025-10-29,3,1,74.0
2025-10-30,3,1,70.0
2025-10-31,3,1,71.0
2025-11-01,3,1,65.0
2025-11-02,3,1,70.0
2025-11-03,3,1,77.0
2025-11-04,3,1,78.0
2025-11-05,3,1,75.0
2025-11-06,3,1,82.0
2025-11-07,3,1,69.0
2025-11-08,3,1,64.0
2025-11-09,3,1,71.0
2025-11-10,3,1,66.0
2025-11-11,3,1,83.0
2025-11-12,3,1,84.0
2025-11-13,3,1,86.0
2025-11-14,3,1,72.0
2025-11-15,3,1,78.0
2025-11-16,3,1,76.0
2025-11-17,3,1,78.0
2025-11-18,3,1,93.0
2025-11-19,3,1,86.0
2025-11-20,3,1,79.0
2025-11-21,3,1,77.0
2025-11-22,3,1,71.0
2025-11-23,3,1,77.0
2025-11-24,3,1,88.0
2025-11-25,3,1,86.0
2025-11-26,3,1,88.0
2025-11-27,3,1,89.0
2025-11-28,3,1,86.0
2025-11-29,3,1,74.0
2025-11-30,3,1,79.0
2025-12-01,3,1,87.0
2025-12-02,3,1,90.0
2025-12-03,3,1,80.0
2025-12-04,3,1,92.0
2025-12-05,3,1,85.0
2025-12-06,3,1,82.0
2025-12-07,3,1,74.0
2025-12-08,3,1,87.0
2025-12-09,3,1,96.0
2025-12-10,3,1,88.0
2025-12-11,3,1,87.0
2025-12-12,3,1,90.0
2025-12-13,3,1,78.0
2025-12-14,3,1,82.0
2025-12-15,3,1,83.0
2025-12-16,3,1,104.0
2025-12-17,3,1,99.0
2025-12-18,3,1,92.0
2025-12-19,3,1,86.0
2025-12-20,3,1,78.0
2025-12-21,3,1,86.0
2025-12-22,3,1,96.0
2025-12-23,3,1,93.0
2025-12-24,3,1,100.0
2025-12-25,3,1,94.0
2025-12-26,3,1,98.0
2025-12-27,3,1,85.0
2025-12-28,3,1,94.0
2025-12-29,3,1,103.0
2025-12-30,3,1,99.0
2024-01-01,3,2,82.0
2024-01-02,3,2,86.0
2024-01-03,3,2,104.0
2024-01-04,3,2,91.0
2024-01-05,3,2,101.0
2024-01-06,3,2,74.0
2024-01-07,3,2,78.0
2024-01-08,3,2,85.0
2024-01-09,3,2,97.0
2024-01-10,3,2,109.0
2024-01-11,3,2,101.0
2024-01-12,3,2,79.0
2024-01-13,3,2,89.0
2024-01-14,3,2,88.0
2024-01-15,3,2,96.0
2024-01-16,3,2,98.0
2024-01-17,3,2,101.0
2024-01-18,3,2,100.0
2024-01-19,3,2,88.0
2024-01-20,3,2,93.0
2024-01-21,3,2,85.0
2024-01-22,3,2,86.0
2024-01-23,3,2,98.0
2024-01-24,3,2,101.0
2024-01-25,3,2,101.0
2024-01-26,3,2,95.0
2024-01-27,3,2,89.0
2024-01-28,3,2,94.0
2024-01-29,3,2,99.0
2024-01-30,3,2,107.0
2024-01-31,3,2,120.0
2024-02-01,3,2,112.0
2024-02-02,3,2,99.0
2024-02-03,3,2,97.0
2024-02-04,3,2,84.0
2024-02-05,3,2,99.0
2024-02-06,3,2,109.0
2024-02-07,3,2,110.0
2024-02-08,3,2,101.0
2024-02-09,3,2,103.0
2024-02-10,3,2,102.0
2024-02-11,3,2,97.0
2024-02-12,3,2,109.0
2024-02-13,3,2,114.0
2024-02-14,3,2,114.0
2024-02-15,3,2,116.0
2024-02-16,3,2,96.0
2024-02-17,3,2,88.0
2024-02-18,3,2,93.0
2024-02-19,3,2,113.0
2024-02-20,3,2,118.0
2024-02-21,3,2,121.0
2024-02-22,3,2,123.0
2024-02-23,3,2,99.0
2024-02-24,3,2,107.0
2024-02-25,3,2,101.0
2024-02-26,3,2,108.0
2024-02-27,3,2,120.0
2024-02-28,3,2,123.0
2024-02-29,3,2,115.0
2024-03-01,3,2,111.0
2024-03-02,3,2,103.0
2024-03-03,3,2,104.0
2024-03-04,3,2,111.0
2024-03-05,3,2,123.0
2024-03-06,3,2,193.68285099734874
2024-03-07,3,2,188.67381174741732
2024-03-08,3,2,180.32541299753157
2024-03-09,3,2,178.65573324755445
2024-03-10,3,2,197.02221049730304
2024-03-11,3,2,190.34349149739444
2024-03-12,3,2,190.34349149739444
2024-03-13,3,2,202.03124974723445
2024-03-14,3,2,205.37060924718875
2024-03-15,3,2,106.0
2024-03-16,3,2,99.0
2024-03-17,3,2,111.0
2024-03-18,3,2,119.0
2024-03-19,3,2,117.0
2024-03-20,3,2,122.0
2024-03-21,3,2,128.0
2024-03-22,3,2,117.0
2024-03-23,3,2,100.0
2024-03-24,3,2,98.0
2024-03-25,3,2,118.0
2024-03-26,3,2,124.0
2024-03-27,3,2,128.0
2024-03-28,3,2,125.0
2024-03-29,3,2,108.0
2024-03-30,3,2,105.0
2024-03-31,3,2,105.0
2024-04-01,3,2,113.0
2024-04-02,3,2,129.0
2024-04-03,3,2,129.0
2024-04-04,3,2,114.0
2024-04-05,3,2,117.0
2024-04-06,3,2,106.0
2024-04-07,3,2,114.0
2024-04-08,3,2,112.0
2024-04-09,3,2,121.0
2024-04-10,3,2,129.0
2024-04-11,3,2,116.0
2024-04-12,3,2,112.0
2024-04-13,3,2,101.0
2024-04-14,3,2,108.0
2024-04-15,3,2,117.0
2024-04-16,3,2,126.0
2024-04-17,3,2,126.0
2024-04-18,3,2,124.0
2024-04-19,3,2,114.0
2024-04-20,3,2,107.0
2024-04-21,3,2,106.0
2024-04-22,3,2,123.0
2024-04-23,3,2,127.0
2024-04-24,3,2,121.0
2024-04-25,3,2,125.0
2024-04-26,3,2,117.0
2024-04-27,3,2,106.0
2024-04-28,3,2,108.0
2024-04-29,3,2,105.0
2024-04-30,3,2,120.0
2024-05-01,3,2,130.0
2024-05-02,3,2,116.0
2024-05-03,3,2,110.0
2024-05-04,3,2,101.0
2024-05-05,3,2,108.0
2024-05-06,3,2,117.0
2024-05-07,3,2,125.0
2024-05-08,3,2,118.0
2024-05-09,3,2,119.0
2024-05-10,3,2,118.0
2024-05-11,3,2,108.0
2024-05-12,3,2,106.0
2024-05-13,3,2,103.0
2024-05-14,3,2,120.0
2024-05-15,3,2,131.0
2024-05-16,3,2,124.0
2024-05-17,3,2,110.0
2024-05-18,3,2,98.0
2024-05-19,3,2,104.0
2024-05-20,3,2,115.0
2024-05-21,3,2,124.0
2024-05-22,3,2,122.0
2024-05-23,3,2,119.0
2024-05-24,3,2,105.0
2024-05-25,3,2,99.0
2024-05-26,3,2,99.0
2024-05-27,3,2,111.0
2024-05-28,3,2,122.0
2024-05-29,3,2,122.0
2024-05-30,3,2,106.0
2024-05-31,3,2,97.0
2024-06-01,3,2,103.0
2024-06-02,3,2,100.0
2024-06-03,3,2,108.0
2024-06-04,3,2,116.0
2024-06-05,3,2,125.0
2024-06-06,3,2,108.0
2024-06-07,3,2,107.0
2024-06-08,3,2,96.0
2024-06-09,3,2,88.0
2024-06-10,3,2,100.0
2024-06-11,3,2,109.0
2024-06-12,3,2,119.0
2024-06-13,3,2,114.0
2024-06-14,3,2,100.0
2024-06-15,3,2,90.0
2024-06-16,3,2,89.0
2024-06-17,3,2,108.0
2024-06-18,3,2,102.0
2024-06-19,3,2,110.0
2024-06-20,3,2,117.0
2024-06-21,3,2,93.0
2024-06-22,3,2,83.0
2024-06-23,3,2,82.0
2024-06-24,3,2,111.0
2024-06-25,3,2,108.0
2024-06-26,3,2,103.0
2024-06-27,3,2,101.0
2024-06-28,3,2,89.0
2024-06-29,3,2,77.0
2024-06-30,3,2,92.0
2024-07-01,3,2,96.0
2024-07-02,3,2,107.0
2024-07-03,3,2,105.0
2024-07-04,3,2,100.0
2024-07-05,3,2,78.0
2024-07-06,3,2,89.0
2024-07-07,3,2,80.0
2024-07-08,3,2,89.0
2024-07-09,3,2,98.0
2024-07-10,3,2,92.0
2024-07-11,3,2,93.0
2024-07-12,3,2,84.0
2024-07-13,3,2,79.0
2024-07-14,3,2,74.0
2024-07-15,3,2,95.0
2024-07-16,3,2,100.0
2024-07-17,3,2,95.0
2024-07-18,3,2,91.0
2024-07-19,3,2,89.0
2024-07-20,3,2,77.0
2024-07-21,3,2,73.0
2024-07-22,3,2,87.0
2024-07-23,3,2,90.0
2024-07-24,3,2,93.0
2024-07-25,3,2,91.0
2024-07-26,3,2,87.0
2024-07-27,3,2,86.0
2024-07-28,3,2,85.0
2024-07-29,3,2,85.0
2024-07-30,3,2,105.0
2024-07-31,3,2,97.0
2024-08-01,3,2,83.0
2024-08-02,3,2,80.0
2024-08-03,3,2,70.0
2024-08-04,3,2,68.0
2024-08-05,3,2,76.0
2024-08-06,3,2,90.0
2024-08-07,3,2,96.0
2024-08-08,3,2,92.0
2024-08-09,3,2,70.0
2024-08-10,3,2,69.0
2024-08-11,3,2,75.0
2024-08-12,3,2,81.0
2024-08-13,3,2,92.0
2024-08-14,3,2,88.0
2024-08-15,3,2,91.0
2024-08-16,3,2,75.0
2024-08-17,3,2,73.0
2024-08-18,3,2,69.0
2024-08-19,3,2,79.0
2024-08-20,3,2,78.0
2024-08-21,3,2,84.0
2024-08-22,3,2,81.0
2024-08-23,3,2,74.0
2024-08-24,3,2,81.0
2024-08-25,3,2,67.0
2024-08-26,3,2,70.0
2024-08-27,3,2,94.0
2024-08-28,3,2,92.0
2024-08-29,3,2,75.0
2024-08-30,3,2,74.0
2024-08-31,3,2,70.0
2024-09-01,3,2,69.0
2024-09-02,3,2,77.0
2024-09-03,3,2,80.0
2024-09-04,3,2,88.0
2024-09-05,3,2,77.0
2024-09-06,3,2,57.0
2024-09-07,3,2,66.0
2024-09-08,3,2,58.0
2024-09-09,3,2,80.0
2024-09-10,3,2,77.0
2024-09-11,3,2,72.0
2024-09-12,3,2,69.0
2024-09-13,3,2,70.0
2024-09-14,3,2,65.0
2024-09-15,3,2,59.0
2024-09-16,3,2,68.0
2024-09-17,3,2,82.0
2024-09-18,3,2,89.0
2024-09-19,3,2,72.0
2024-09-20,3,2,71.0
2024-09-21,3,2,55.0
2024-09-22,3,2,67.0
2024-09-23,3,2,78.0
2024-09-24,3,2,85.0
2024-09-25,3,2,89.0
2024-09-26,3,2,83.0
2024-09-27,3,2,79.0
2024-09-28,3,2,64.0
2024-09-29,3,2,76.0
2024-09-30,3,2,69.0
2024-10-01,3,2,81.0
2024-10-02,3,2,83.0
2024-10-03,3,2,73.0
2024-10-04,3,2,57.0
2024-10-05,3,2,69.0
2024-10-06,3,2,61.0
2024-10-07,3,2,72.0
2024-10-08,3,2,91.0
2024-10-09,3,2,88.0
2024-10-10,3,2,88.0
2024-10-11,3,2,71.0
2024-10-12,3,2,68.0
2024-10-13,3,2,66.0
2024-10-14,3,2,71.0
2024-10-15,3,2,86.0
2024-10-16,3,2,83.0
2024-10-17,3,2,84.0
2024-10-18,3,2,69.0
2024-10-19,3,2,65.0
2024-10-20,3,2,68.0
2024-10-21,3,2,82.0
2024-10-22,3,2,83.0
2024-10-23,3,2,93.0
2024-10-24,3,2,77.0
2024-10-25,3,2,74.0
2024-10-26,3,2,64.0
2024-10-27,3,2,76.0
2024-10-28,3,2,74.0
2024-10-29,3,2,83.0
2024-10-30,3,2,82.0
2024-10-31,3,2,84.0
2024-11-01,3,2,78.0
2024-11-02,3,2,72.0
2024-11-03,3,2,71.0
2024-11-04,3,2,77.0
2024-11-05,3,2,87.0
2024-11-06,3,2,90.0
2024-11-07,3,2,87.0
2024-11-08,3,2,78.0
2024-11-09,3,2,81.0
2024-11-10,3,2,74.0
2024-11-11,3,2,84.0
2024-11-12,3,2,91.0
2024-11-13,3,2,92.0
2024-11-14,3,2,90.0
2024-11-15,3,2,77.0
2024-11-16,3,2,74.0
2024-11-17,3,2,83.0
2024-11-18,3,2,83.0
2024-11-19,3,2,96.0
2024-11-20,3,2,83.0
2024-11-21,3,2,90.0
2024-11-22,3,2,80.0
2024-11-23,3,2,78.0
2024-11-24,3,2,78.0
2024-11-25,3,2,89.0
2024-11-26,3,2,95.0
2024-11-27,3,2,101.0
2024-11-28,3,2,85.0
2024-11-29,3,2,86.0
2024-11-30,3,2,75.0
2024-12-01,3,2,89.0
2024-12-02,3,2,86.0
2024-12-03,3,2,105.0
2024-12-04,3,2,102.0
2024-12-05,3,2,87.0
2024-12-06,3,2,84.0
2024-12-07,3,2,88.0
2024-12-08,3,2,90.0
2024-12-09,3,2,88.0
2024-12-10,3,2,111.0
2024-12-11,3,2,105.0
2024-12-12,3,2,105.0
2024-12-13,3,2,85.0
2024-12-14,3,2,84.0
2024-12-15,3,2,91.0
2024-12-16,3,2,96.0
2024-12-17,3,2,91.0
2024-12-18,3,2,108.0
2024-12-19,3,2,93.0
2024-12-20,3,2,90.0
2024-12-21,3,2,83.0
2024-12-22,3,2,99.0
2024-12-23,3,2,109.0
2024-12-24,3,2,112.0
2024-12-25,3,2,111.0
2024-12-26,3,2,107.0
2024-12-27,3,2,105.0
2024-12-28,3,2,83.0
2024-12-29,3,2,91.0
2024-12-30,3,2,110.0
2024-12-31,3,2,120.0
2025-01-01,3,2,119.0
2025-01-02,3,2,105.0
2025-01-03,3,2,108.0
2025-01-04,3,2,105.0
2025-01-05,3,2,104.0
2025-01-06,3,2,95.0
2025-01-07,3,2,118.0
2025-01-08,3,2,123.0
2025-01-09,3,2,112.0
2025-01-10,3,2,107.0
2025-01-11,3,2,98.0
2025-01-12,3,2,99.0
2025-01-13,3,2,120.0
2025-01-14,3,2,122.0
2025-01-15,3,2,117.0
2025-01-16,3,2,111.0
2025-01-17,3,2,105.0
2025-01-18,3,2,100.0
2025-01-19,3,2,108.0
2025-01-20,3,2,118.0
2025-01-21,3,2,127.0
2025-01-22,3,2,123.0
2025-01-23,3,2,126.0
2025-01-24,3,2,119.0
2025-01-25,3,2,106.0
2025-01-26,3,2,105.0
2025-01-27,3,2,119.0
2025-01-28,3,2,139.0
2025-01-29,3,2,124.0
2025-01-30,3,2,122.0
2025-01-31,3,2,116.0
2025-02-01,3,2,114.0
2025-02-02,3,2,103.0
2025-02-03,3,2,129.0
2025-02-04,3,2,137.0
2025-02-05,3,2,131.0
2025-02-06,3,2,142.0
2025-02-07,3,2,126.0
2025-02-08,3,2,120.0
2025-02-09,3,2,123.0
2025-02-10,3,2,131.0
2025-02-11,3,2,133.0
2025-02-12,3,2,135.0
2025-02-13,3,2,126.0
2025-02-14,3,2,119.0
2025-02-15,3,2,115.0
2025-02-16,3,2,120.0
2025-02-17,3,2,136.0
2025-02-18,3,2,125.0
2025-02-19,3,2,145.0
2025-02-20,3,2,128.0
2025-02-21,3,2,124.0
2025-02-22,3,2,115.0
2025-02-23,3,2,131.0
2025-02-24,3,2,127.0
2025-02-25,3,2,141.0
2025-02-26,3,2,144.0
2025-02-27,3,2,129.0
2025-02-28,3,2,126.0
2025-03-01,3,2,128.0
2025-03-02,3,2,119.0
2025-03-03,3,2,136.0
2025-03-04,3,2,139.0
2025-03-05,3,2,149.0
2025-03-06,3,2,147.0
2025-03-07,3,2,118.0
2025-03-08,3,2,116.0
2025-03-09,3,2,123.0
2025-03-10,3,2,142.0
2025-03-11,3,2,145.0
2025-03-12,3,2,138.0
2025-03-13,3,2,143.0
2025-03-14,3,2,125.0
2025-03-15,3,2,129.0
2025-03-16,3,2,130.0
2025-03-17,3,2,130.0
2025-03-18,3,2,143.0
2025-03-19,3,2,152.0
2025-03-20,3,2,130.0
2025-03-21,3,2,133.0
2025-03-22,3,2,120.0
2025-03-23,3,2,128.0
2025-03-24,3,2,139.0
2025-03-25,3,2,155.0
2025-03-26,3,2,146.0
2025-03-27,3,2,149.0
2025-03-28,3,2,128.0
2025-03-29,3,2,124.0
2025-03-30,3,2,132.0
2025-03-31,3,2,138.0
2025-04-01,3,2,143.0
2025-04-02,3,2,145.0
2025-04-03,3,2,149.0
2025-04-04,3,2,131.0
2025-04-05,3,2,122.0
2025-04-06,3,2,125.0
2025-04-07,3,2,141.0
2025-04-08,3,2,157.0
2025-04-09,3,2,144.0
2025-04-10,3,2,153.0
2025-04-11,3,2,133.0
2025-04-12,3,2,126.0
2025-04-13,3,2,124.0
2025-04-14,3,2,136.0
2025-04-15,3,2,141.0
2025-04-16,3,2,143.0
2025-04-17,3,2,133.0
2025-04-18,3,2,142.0
2025-04-19,3,2,132.0
2025-04-20,3,2,130.0
2025-04-21,3,2,136.0
2025-04-22,3,2,144.0
2025-04-23,3,2,142.0
2025-04-24,3,2,135.0
2025-04-25,3,2,135.0
2025-04-26,3,2,124.0
2025-04-27,3,2,129.0
2025-04-28,3,2,127.0
2025-04-29,3,2,142.0
2025-04-30,3,2,139.0
2025-05-01,3,2,142.0
2025-05-02,3,2,136.0
2025-05-03,3,2,132.0
2025-05-04,3,2,123.0
2025-05-05,3,2,128.0
2025-05-06,3,2,140.0
2025-05-07,3,2,140.0
2025-05-08,3,2,140.0
2025-05-09,3,2,122.0
2025-05-10,3,2,114.0
2025-05-11,3,2,123.0
2025-05-12,3,2,137.0
2025-05-13,3,2,135.0
2025-05-14,3,2,147.0
2025-05-15,3,2,138.0
2025-05-16,3,2,135.0
2025-05-17,3,2,117.0
2025-05-18,3,2,115.0
2025-05-19,3,2,134.0
2025-05-20,3,2,140.0
2025-05-21,3,2,141.0
2025-05-22,3,2,129.0
2025-05-23,3,2,129.0
2025-05-24,3,2,116.0
2025-05-25,3,2,122.0
2025-05-26,3,2,126.0
2025-05-27,3,2,138.0
2025-05-28,3,2,132.0
2025-05-29,3,2,135.0
2025-05-30,3,2,127.0
2025-05-31,3,2,118.0
2025-06-01,3,2,127.0
2025-06-02,3,2,128.0
2025-06-03,3,2,139.0
2025-06-04,3,2,136.0
2025-06-05,3,2,134.0
2025-06-06,3,2,113.0
2025-06-07,3,2,115.0
2025-06-08,3,2,110.0
2025-06-09,3,2,125.0
2025-06-10,3,2,134.0
2025-06-11,3,2,138.0
2025-06-12,3,2,130.0
2025-06-13,3,2,116.0
2025-06-14,3,2,108.0
2025-06-15,3,2,101.0
2025-06-16,3,2,122.0
2025-06-17,3,2,135.0
2025-06-18,3,2,131.0
2025-06-19,3,2,124.0
2025-06-20,3,2,116.0
2025-06-21,3,2,107.0
2025-06-22,3,2,112.0
2025-06-23,3,2,116.0
2025-06-24,3,2,121.0
2025-06-25,3,2,127.0
2025-06-26,3,2,121.0
2025-06-27,3,2,122.0
2025-06-28,3,2,102.0
2025-06-29,3,2,107.0
2025-06-30,3,2,114.0
2025-07-01,3,2,121.0
2025-07-02,3,2,128.0
2025-07-03,3,2,131.0
2025-07-04,3,2,108.0
2025-07-05,3,2,106.0
2025-07-06,3,2,95.0
2025-07-07,3,2,111.0
2025-07-08,3,2,129.0
2025-07-09,3,2,122.0
2025-07-10,3,2,119.0
2025-07-11,3,2,104.0
2025-07-12,3,2,102.0
2025-07-13,3,2,111.0
2025-07-14,3,2,104.0
2025-07-15,3,2,129.0
2025-07-16,3,2,111.0
2025-07-17,3,2,111.0
2025-07-18,3,2,100.0
2025-07-19,3,2,97.0
2025-07-20,3,2,95.0
2025-07-21,3,2,102.0
2025-07-22,3,2,109.0
2025-07-23,3,2,120.0
2025-07-24,3,2,109.0
2025-07-25,3,2,99.0
2025-07-26,3,2,97.0
2025-07-27,3,2,89.0
2025-07-28,3,2,106.0
2025-07-29,3,2,112.0
2025-07-30,3,2,114.0
2025-07-31,3,2,111.0
2025-08-01,3,2,108.0
2025-08-02,3,2,95.0
2025-08-03,3,2,94.0
2025-08-04,3,2,96.0
2025-08-05,3,2,97.0
2025-08-06,3,2,112.0
2025-08-07,3,2,99.0
2025-08-08,3,2,83.0
2025-08-09,3,2,89.0
2025-08-10,3,2,94.0
2025-08-11,3,2,104.0
2025-08-12,3,2,113.0
2025-08-13,3,2,114.0
2025-08-14,3,2,108.0
2025-08-15,3,2,87.0
2025-08-16,3,2,88.0
2025-08-17,3,2,93.0
2025-08-18,3,2,98.0
2025-08-19,3,2,105.0
2025-08-20,3,2,108.0
2025-08-21,3,2,103.0
2025-08-22,3,2,92.0
2025-08-23,3,2,82.0
2025-08-24,3,2,80.0
2025-08-25,3,2,95.0
2025-08-26,3,2,105.0
2025-08-27,3,2,106.0
2025-08-28,3,2,105.0
2025-08-29,3,2,97.0
2025-08-30,3,2,85.0
2025-08-31,3,2,87.0
2025-09-01,3,2,98.0
2025-09-02,3,2,105.0
2025-09-03,3,2,102.0
2025-09-04,3,2,103.0
2025-09-05,3,2,89.0
2025-09-06,3,2,84.0
2025-09-07,3,2,88.0
2025-09-08,3,2,92.0
2025-09-09,3,2,103.0
2025-09-10,3,2,105.0
2025-09-11,3,2,180.5196313567244
2025-09-12,3,2,162.99345355510067
2025-09-13,3,2,148.97251131380168
2025-09-14,3,2,126.18848017169084
2025-09-15,3,2,166.4986891154254
2025-09-16,3,2,180.5196313567244
2025-09-17,3,2,185.77748469721152
2025-09-18,3,2,93.0
2025-09-19,3,2,78.0
2025-09-20,3,2,87.0
2025-09-21,3,2,79.0
2025-09-22,3,2,100.0
2025-09-23,3,2,98.0
2025-09-24,3,2,98.0
2025-09-25,3,2,99.0
2025-09-26,3,2,92.0
2025-09-27,3,2,86.0
2025-09-28,3,2,88.0
2025-09-29,3,2,89.0
2025-09-30,3,2,93.0
2025-10-01,3,2,101.0
2025-10-02,3,2,92.0
2025-10-03,3,2,91.0
2025-10-04,3,2,88.0
2025-10-05,3,2,86.0
2025-10-06,3,2,94.0
2025-10-07,3,2,100.0
2025-10-08,3,2,109.0
2025-10-09,3,2,89.0
2025-10-10,3,2,83.0
2025-10-11,3,2,94.0
2025-10-12,3,2,80.0
2025-10-13,3,2,97.0
2025-10-14,3,2,107.0
2025-10-15,3,2,95.0
2025-10-16,3,2,90.0
2025-10-17,3,2,97.0
2025-10-18,3,2,80.0
2025-10-19,3,2,82.0
2025-10-20,3,2,93.0
2025-10-21,3,2,99.0
2025-10-22,3,2,109.0
2025-10-23,3,2,95.0
2025-10-24,3,2,82.0
2025-10-25,3,2,93.0
2025-10-26,3,2,83.0
2025-10-27,3,2,93.0
2025-10-28,3,2,110.0
2025-10-29,3,2,108.0
2025-10-30,3,2,108.0
2025-10-31,3,2,98.0
2025-11-01,3,2,86.0
2025-11-02,3,2,96.0
2025-11-03,3,2,100.0
2025-11-04,3,2,104.0
2025-11-05,3,2,111.0
2025-11-06,3,2,98.0
2025-11-07,3,2,100.0
2025-11-08,3,2,95.0
2025-11-09,3,2,94.0
2025-11-10,3,2,91.0
2025-11-11,3,2,116.0
2025-11-12,3,2,115.0
2025-11-13,3,2,107.0
2025-11-14,3,2,98.0
2025-11-15,3,2,90.0
2025-11-16,3,2,94.0
2025-11-17,3,2,108.0
2025-11-18,3,2,110.0
2025-11-19,3,2,113.0
2025-11-20,3,2,109.0
2025-11-21,3,2,101.0
2025-11-22,3,2,93.0
2025-11-23,3,2,98.0
2025-11-24,3,2,109.0
2025-11-25,3,2,111.0
2025-11-26,3,2,117.0
2025-11-27,3,2,123.0
2025-11-28,3,2,104.0
2025-11-29,3,2,94.0
2025-11-30,3,2,96.0
2025-12-01,3,2,103.0
2025-12-02,3,2,127.0
2025-12-03,3,2,126.0
2025-12-04,3,2,109.0
2025-12-05,3,2,108.0
2025-12-06,3,2,109.0
2025-12-07,3,2,105.0
2025-12-08,3,2,111.0
2025-12-09,3,2,134.0
2025-12-10,3,2,114.0
2025-12-11,3,2,133.0
2025-12-12,3,2,111.0
2025-12-13,3,2,112.0
2025-12-14,3,2,102.0
2025-12-15,3,2,113.0
2025-12-16,3,2,120.0
2025-12-17,3,2,127.0
2025-12-18,3,2,124.0
2025-12-19,3,2,120.0
2025-12-20,3,2,100.0
2025-12-21,3,2,112.0
2025-12-22,3,2,125.0
2025-12-23,3,2,134.0
2025-12-24,3,2,129.0
2025-12-25,3,2,124.0
2025-12-26,3,2,117.0
2025-12-27,3,2,114.0
2025-12-28,3,2,122.0
2025-12-29,3,2,117.0
2025-12-30,3,2,128.0
2024-01-01,3,3,107.0
2024-01-02,3,3,129.0
2024-01-03,3,3,128.0
2024-01-04,3,3,112.0
2024-01-05,3,3,106.0
2024-01-06,3,3,101.0
2024-01-07,3,3,96.0
2024-01-08,3,3,114.0
2024-01-09,3,3,118.0
2024-01-10,3,3,134.0
2024-01-11,3,3,122.0
2024-01-12,3,3,115.0
2024-01-13,3,3,104.0
2024-01-14,3,3,102.0
2024-01-15,3,3,112.0
2024-01-16,3,3,124.0
2024-01-17,3,3,132.0
2024-01-18,3,3,133.0
2024-01-19,3,3,102.0
2024-01-20,3,3,98.0
2024-01-21,3,3,115.0
2024-01-22,3,3,132.0
2024-01-23,3,3,130.0
2024-01-24,3,3,133.0
2024-01-25,3,3,141.0
2024-01-26,3,3,118.0
2024-01-27,3,3,104.0
2024-01-28,3,3,121.0
2024-01-29,3,3,131.0
2024-01-30,3,3,146.0
2024-01-31,3,3,139.0
2024-02-01,3,3,139.0
2024-02-02,3,3,131.0
2024-02-03,3,3,119.0
2024-02-04,3,3,125.0
2024-02-05,3,3,141.0
2024-02-06,3,3,148.0
2024-02-07,3,3,145.0
2024-02-08,3,3,147.0
2024-02-09,3,3,120.0
2024-02-10,3,3,117.0
2024-02-11,3,3,126.0
2024-02-12,3,3,114.0
2024-02-13,3,3,151.0
2024-02-14,3,3,155.0
2024-02-15,3,3,137.0
2024-02-16,3,3,133.0
2024-02-17,3,3,124.0
2024-02-18,3,3,126.0
2024-02-19,3,3,148.0
2024-02-20,3,3,159.0
2024-02-21,3,3,161.0
2024-02-22,3,3,141.0
2024-02-23,3,3,134.0
2024-02-24,3,3,134.0
2024-02-25,3,3,128.0
2024-02-26,3,3,153.0
2024-02-27,3,3,161.0
2024-02-28,3,3,171.0
2024-02-29,3,3,144.0
2024-03-01,3,3,136.0
2024-03-02,3,3,129.0
2024-03-03,3,3,137.0
2024-03-04,3,3,141.0
2024-03-05,3,3,148.0
2024-03-06,3,3,165.0
2024-03-07,3,3,151.0
2024-03-08,3,3,137.0
2024-03-09,3,3,127.0
2024-03-10,3,3,136.0
2024-03-11,3,3,141.0
2024-03-12,3,3,160.0
2024-03-13,3,3,159.0
2024-03-14,3,3,152.0
2024-03-15,3,3,144.0
2024-03-16,3,3,138.0
2024-03-17,3,3,135.0
2024-03-18,3,3,156.0
2024-03-19,3,3,156.0
2024-03-20,3,3,156.0
2024-03-21,3,3,149.0
2024-03-22,3,3,136.0
2024-03-23,3,3,126.0
2024-03-24,3,3,152.0
2024-03-25,3,3,141.0
2024-03-26,3,3,171.0
2024-03-27,3,3,167.0
2024-03-28,3,3,160.0
2024-03-29,3,3,138.0
2024-03-30,3,3,138.0
2024-03-31,3,3,133.0
2024-04-01,3,3,158.0
2024-04-02,3,3,172.0
2024-04-03,3,3,167.0
2024-04-04,3,3,159.0
2024-04-05,3,3,148.0
2024-04-06,3,3,44.321494219180586
2024-04-07,3,3,46.55351191367169
2024-04-08,3,3,50.69868763201232
2024-04-09,3,3,52.61184565586184
2024-04-10,3,3,52.61184565586184
2024-04-11,3,3,165.0
2024-04-12,3,3,144.0
2024-04-13,3,3,137.0
2024-04-14,3,3,143.0
2024-04-15,3,3,158.0
2024-04-16,3,3,166.0
2024-04-17,3,3,164.0
2024-04-18,3,3,171.0
2024-04-19,3,3,154.0
2024-04-20,3,3,128.0
2024-04-21,3,3,132.0
2024-04-22,3,3,146.0
2024-04-23,3,3,169.0
2024-04-24,3,3,179.0
2024-04-25,3,3,154.0
2024-04-26,3,3,144.0
2024-04-27,3,3,129.0
2024-04-28,3,3,148.0
2024-04-29,3,3,155.0
2024-04-30,3,3,157.0
2024-05-01,3,3,151.0
2024-05-02,3,3,163.0
2024-05-03,3,3,137.0
2024-05-04,3,3,138.0
2024-05-05,3,3,137.0
2024-05-06,3,3,135.0
2024-05-07,3,3,155.0
2024-05-08,3,3,161.0
2024-05-09,3,3,149.0
2024-05-10,3,3,140.0
2024-05-11,3,3,133.0
2024-05-12,3,3,145.0
2024-05-13,3,3,148.0
2024-05-14,3,3,168.0
2024-05-15,3,3,157.0
2024-05-16,3,3,159.0
2024-05-17,3,3,134.0
2024-05-18,3,3,121.0
2024-05-19,3,3,123.0
2024-05-20,3,3,125.0
2024-05-21,3,3,161.0
2024-05-22,3,3,149.0
2024-05-23,3,3,158.0
2024-05-24,3,3,132.0
2024-05-25,3,3,114.0
2024-05-26,3,3,119.0
2024-05-27,3,3,140.0
2024-05-28,3,3,139.0
2024-05-29,3,3,158.0
2024-05-30,3,3,135.0
2024-05-31,3,3,125.0
2024-06-01,3,3,122.0
2024-06-02,3,3,127.0
2024-06-03,3,3,141.0
2024-06-04,3,3,139.0
2024-06-05,3,3,149.0
2024-06-06,3,3,149.0
2024-06-07,3,3,124.0
2024-06-08,3,3,119.0
2024-06-09,3,3,121.0
2024-06-10,3,3,141.0
2024-06-11,3,3,141.0
2024-06-12,3,3,138.0
2024-06-13,3,3,131.0
2024-06-14,3,3,124.0
2024-06-15,3,3,103.0
2024-06-16,3,3,112.0
2024-06-17,3,3,129.0
2024-06-18,3,3,135.0
2024-06-19,3,3,145.0
2024-06-20,3,3,138.0
2024-06-21,3,3,122.0
2024-06-22,3,3,99.0
2024-06-23,3,3,112.0
2024-06-24,3,3,125.0
2024-06-25,3,3,134.0
2024-06-26,3,3,141.0
2024-06-27,3,3,131.0
2024-06-28,3,3,114.0
2024-06-29,3,3,98.0
2024-06-30,3,3,107.0
2024-07-01,3,3,132.0
2024-07-02,3,3,129.0
2024-07-03,3,3,142.0
2024-07-04,3,3,125.0
2024-07-05,3,3,105.0
2024-07-06,3,3,99.0
2024-07-07,3,3,103.0
2024-07-08,3,3,120.0
2024-07-09,3,3,144.0
2024-07-10,3,3,131.0
2024-07-11,3,3,113.0
2024-07-12,3,3,95.0
2024-07-13,3,3,94.0
2024-07-14,3,3,92.0
2024-07-15,3,3,115.0
2024-07-16,3,3,128.0
2024-07-17,3,3,125.0
2024-07-18,3,3,121.0
2024-07-19,3,3,103.0
2024-07-20,3,3,105.0
2024-07-21,3,3,99.0
2024-07-22,3,3,114.0
2024-07-23,3,3,110.0
2024-07-24,3,3,115.0
2024-07-25,3,3,116.0
2024-07-26,3,3,88.0
2024-07-27,3,3,85.0
2024-07-28,3,3,99.0
2024-07-29,3,3,99.0
2024-07-30,3,3,108.0
2024-07-31,3,3,123.0
2024-08-01,3,3,123.0
2024-08-02,3,3,89.0
2024-08-03,3,3,93.0
2024-08-04,3,3,82.0
2024-08-05,3,3,99.0
2024-08-06,3,3,112.0
2024-08-07,3,3,110.0
2024-08-08,3,3,112.0
2024-08-09,3,3,81.0
2024-08-10,3,3,83.0
2024-08-11,3,3,92.0
2024-08-12,3,3,102.0
2024-08-13,3,3,113.0
2024-08-14,3,3,123.0
2024-08-15,3,3,101.0
2024-08-16,3,3,78.0
2024-08-17,3,3,80.0
2024-08-18,3,3,81.0
2024-08-19,3,3,80.0
2024-08-20,3,3,99.0
2024-08-21,3,3,101.0
2024-08-22,3,3,95.0
2024-08-23,3,3,83.0
2024-08-24,3,3,74.0
2024-08-25,3,3,74.0
2024-08-26,3,3,83.0
2024-08-27,3,3,107.0
2024-08-28,3,3,108.0
2024-08-29,3,3,99.0
2024-08-30,3,3,95.0
2024-08-31,3,3,75.0
2024-09-01,3,3,75.0
2024-09-02,3,3,89.0
2024-09-03,3,3,103.0
2024-09-04,3,3,109.0
2024-09-05,3,3,96.0
2024-09-06,3,3,69.0
2024-09-07,3,3,70.0
2024-09-08,3,3,76.0
2024-09-09,3,3,97.0
2024-09-10,3,3,96.0
2024-09-11,3,3,93.0
2024-09-12,3,3,95.0
2024-09-13,3,3,86.0
2024-09-14,3,3,69.0
2024-09-15,3,3,91.0
2024-09-16,3,3,102.0
2024-09-17,3,3,100.0
2024-09-18,3,3,104.0
2024-09-19,3,3,103.0
2024-09-20,3,3,79.0
2024-09-21,3,3,65.0
2024-09-22,3,3,80.0
2024-09-23,3,3,90.0
2024-09-24,3,3,94.0
2024-09-25,3,3,105.0
2024-09-26,3,3,93.0
2024-09-27,3,3,77.0
2024-09-28,3,3,66.0
2024-09-29,3,3,75.0
2024-09-30,3,3,85.0
2024-10-01,3,3,102.0
2024-10-02,3,3,109.0
2024-10-03,3,3,96.0
2024-10-04,3,3,82.0
2024-10-05,3,3,68.0
2024-10-06,3,3,83.0
2024-10-07,3,3,82.0
2024-10-08,3,3,90.0
2024-10-09,3,3,97.0
2024-10-10,3,3,102.0
2024-10-11,3,3,84.0
2024-10-12,3,3,81.0
2024-10-13,3,3,67.0
2024-10-14,3,3,104.0
2024-10-15,3,3,100.0
2024-10-16,3,3,93.0
2024-10-17,3,3,111.0
2024-10-18,3,3,74.0
2024-10-19,3,3,71.0
2024-10-20,3,3,76.0
2024-10-21,3,3,94.0
2024-10-22,3,3,98.0
2024-10-23,3,3,114.0
2024-10-24,3,3,104.0
2024-10-25,3,3,85.0
2024-10-26,3,3,85.0
2024-10-27,3,3,79.0
2024-10-28,3,3,91.0
2024-10-29,3,3,119.0
2024-10-30,3,3,112.0
2024-10-31,3,3,94.0
2024-11-01,3,3,82.0
2024-11-02,3,3,79.0
2024-11-03,3,3,66.0
2024-11-04,3,3,91.0
2024-11-05,3,3,108.0
2024-11-06,3,3,111.0
2024-11-07,3,3,96.0
2024-11-08,3,3,87.0
2024-11-09,3,3,90.0
2024-11-10,3,3,92.0
2024-11-11,3,3,99.0
2024-11-12,3,3,112.0
2024-11-13,3,3,115.0
2024-11-14,3,3,109.0
2024-11-15,3,3,94.0
2024-11-16,3,3,88.0
2024-11-17,3,3,92.0
2024-11-18,3,3,94.0
2024-11-19,3,3,114.0
2024-11-20,3,3,121.0
2024-11-21,3,3,105.0
2024-11-22,3,3,93.0
2024-11-23,3,3,88.0
2024-11-24,3,3,92.0
2024-11-25,3,3,108.0
2024-11-26,3,3,114.0
2024-11-27,3,3,130.0
2024-11-28,3,3,114.0
2024-11-29,3,3,103.0
2024-11-30,3,3,91.0
2024-12-01,3,3,99.0
2024-12-02,3,3,122.0
2024-12-03,3,3,122.0
2024-12-04,3,3,125.0
2024-12-05,3,3,114.0
2024-12-06,3,3,106.0
2024-12-07,3,3,98.0
2024-12-08,3,3,102.0
2024-12-09,3,3,119.0
2024-12-10,3,3,131.0
2024-12-11,3,3,133.0
2024-12-12,3,3,138.0
2024-12-13,3,3,116.0
2024-12-14,3,3,96.0
2024-12-15,3,3,96.0
2024-12-16,3,3,116.0
2024-12-17,3,3,135.0
2024-12-18,3,3,132.0
2024-12-19,3,3,125.0
2024-12-20,3,3,116.0
2024-12-21,3,3,105.0
2024-12-22,3,3,98.0
2024-12-23,3,3,132.0
2024-12-24,3,3,145.0
2024-12-25,3,3,134.0
2024-12-26,3,3,135.0
2024-12-27,3,3,113.0
2024-12-28,3,3,109.0
2024-12-29,3,3,120.0
2024-12-30,3,3,136.0
2024-12-31,3,3,149.0
2025-01-01,3,3,149.0
2025-01-02,3,3,148.0
2025-01-03,3,3,122.0
2025-01-04,3,3,115.0
2025-01-05,3,3,104.0
2025-01-06,3,3,135.0
2025-01-07,3,3,153.0
2025-01-08,3,3,155.0
2025-01-09,3,3,140.0
2025-01-10,3,3,137.0
2025-01-11,3,3,122.0
2025-01-12,3,3,132.0
2025-01-13,3,3,144.0
2025-01-14,3,3,163.0
2025-01-15,3,3,160.0
2025-01-16,3,3,154.0
2025-01-17,3,3,135.0
2025-01-18,3,3,124.0
2025-01-19,3,3,135.0
2025-01-20,3,3,155.0
2025-01-21,3,3,155.0
2025-01-22,3,3,161.0
2025-01-23,3,3,155.0
2025-01-24,3,3,145.0
2025-01-25,3,3,135.0
2025-01-26,3,3,142.0
2025-01-27,3,3,163.0
2025-01-28,3,3,159.0
2025-01-29,3,3,171.0
2025-01-30,3,3,161.0
2025-01-31,3,3,145.0
2025-02-01,3,3,141.0
2025-02-02,3,3,139.0
2025-02-03,3,3,156.0
2025-02-04,3,3,159.0
2025-02-05,3,3,168.0
2025-02-06,3,3,170.0
2025-02-07,3,3,156.0
2025-02-08,3,3,143.0
2025-02-09,3,3,142.0
2025-02-10,3,3,164.0
2025-02-11,3,3,180.0
2025-02-12,3,3,173.0
2025-02-13,3,3,157.0
2025-02-14,3,3,156.0
2025-02-15,3,3,151.0
2025-02-16,3,3,153.0
2025-02-17,3,3,173.0
2025-02-18,3,3,186.0
2025-02-19,3,3,177.0
2025-02-20,3,3,172.0
2025-02-21,3,3,154.0
2025-02-22,3,3,142.0
2025-02-23,3,3,146.0
2025-02-24,3,3,170.0
2025-02-25,3,3,181.0
2025-02-26,3,3,188.0
2025-02-27,3,3,191.0
2025-02-28,3,3,163.0
2025-03-01,3,3,146.0
2025-03-02,3,3,162.0
2025-03-03,3,3,163.0
2025-03-04,3,3,193.0
2025-03-05,3,3,172.0
2025-03-06,3,3,173.0
2025-03-07,3,3,167.0
2025-03-08,3,3,162.0
2025-03-09,3,3,153.0
2025-03-10,3,3,165.0
2025-03-11,3,3,185.0
2025-03-12,3,3,200.0
2025-03-13,3,3,169.0
2025-03-14,3,3,163.0
2025-03-15,3,3,158.0
2025-03-16,3,3,154.0
2025-03-17,3,3,167.0
2025-03-18,3,3,184.0
2025-03-19,3,3,191.0
2025-03-20,3,3,179.0
2025-03-21,3,3,176.0
2025-03-22,3,3,162.0
2025-03-23,3,3,164.0
2025-03-24,3,3,181.0
2025-03-25,3,3,190.0
2025-03-26,3,3,187.0
2025-03-27,3,3,180.0
2025-03-28,3,3,160.0
2025-03-29,3,3,172.0
2025-03-30,3,3,168.0
2025-03-31,3,3,158.0
2025-04-01,3,3,197.0
2025-04-02,3,3,181.0
2025-04-03,3,3,186.0
2025-04-04,3,3,153.0
2025-04-05,3,3,156.0
2025-04-06,3,3,171.0
2025-04-07,3,3,185.0
2025-04-08,3,3,190.0
2025-04-09,3,3,196.0
2025-04-10,3,3,173.0
2025-04-11,3,3,172.0
2025-04-12,3,3,165.0
2025-04-13,3,3,179.0
2025-04-14,3,3,171.0
2025-04-15,3,3,188.0
2025-04-16,3,3,191.0
2025-04-17,3,3,186.0
2025-04-18,3,3,173.0
2025-04-19,3,3,165.0
2025-04-20,3,3,168.0
2025-04-21,3,3,164.0
2025-04-22,3,3,169.0
2025-04-23,3,3,186.0
2025-04-24,3,3,180.0
2025-04-25,3,3,162.0
2025-04-26,3,3,154.0
2025-04-27,3,3,158.0
2025-04-28,3,3,177.0
2025-04-29,3,3,178.0
2025-04-30,3,3,188.0
2025-05-01,3,3,179.0
2025-05-02,3,3,168.0
2025-05-03,3,3,163.0
2025-05-04,3,3,170.0
2025-05-05,3,3,166.0
2025-05-06,3,3,170.0
2025-05-07,3,3,185.0
2025-05-08,3,3,166.0
2025-05-09,3,3,181.0
2025-05-10,3,3,147.0
2025-05-11,3,3,160.0
2025-05-12,3,3,175.0
2025-05-13,3,3,183.0
2025-05-14,3,3,198.0
2025-05-15,3,3,173.0
2025-05-16,3,3,154.0
2025-05-17,3,3,145.0
2025-05-18,3,3,158.0
2025-05-19,3,3,165.0
2025-05-20,3,3,172.0
2025-05-21,3,3,184.0
2025-05-22,3,3,176.0
2025-05-23,3,3,159.0
2025-05-24,3,3,154.0
2025-05-25,3,3,151.0
2025-05-26,3,3,159.0
2025-05-27,3,3,181.0
2025-05-28,3,3,172.0
2025-05-29,3,3,161.0
2025-05-30,3,3,161.0
2025-05-31,3,3,142.0
2025-06-01,3,3,158.0
2025-06-02,3,3,165.0
2025-06-03,3,3,169.0
2025-06-04,3,3,178.0
2025-06-05,3,3,182.0
2025-06-06,3,3,155.0
2025-06-07,3,3,145.0
2025-06-08,3,3,139.0
2025-06-09,3,3,168.0
2025-06-10,3,3,177.0
2025-06-11,3,3,167.0
2025-06-12,3,3,174.0
2025-06-13,3,3,147.0
2025-06-14,3,3,131.0
2025-06-15,3,3,135.0
2025-06-16,3,3,158.0
2025-06-17,3,3,158.0
2025-06-18,3,3,159.0
2025-06-19,3,3,154.0
2025-06-20,3,3,140.0
2025-06-21,3,3,128.0
2025-06-22,3,3,132.0
2025-06-23,3,3,154.0
2025-06-24,3,3,162.0
2025-06-25,3,3,159.0
2025-06-26,3,3,150.0
2025-06-27,3,3,137.0
2025-06-28,3,3,128.0
2025-06-29,3,3,131.0
2025-06-30,3,3,149.0
2025-07-01,3,3,157.0
2025-07-02,3,3,160.0
2025-07-03,3,3,158.0
2025-07-04,3,3,147.0
2025-07-05,3,3,116.0
2025-07-06,3,3,116.0
2025-07-07,3,3,137.0
2025-07-08,3,3,157.0
2025-07-09,3,3,157.0
2025-07-10,3,3,152.0
2025-07-11,3,3,127.0
2025-07-12,3,3,107.0
2025-07-13,3,3,114.0
2025-07-14,3,3,139.0
2025-07-15,3,3,155.0
2025-07-16,3,3,137.0
2025-07-17,3,3,150.0
2025-07-18,3,3,129.0
2025-07-19,3,3,116.0
2025-07-20,3,3,115.0
2025-07-21,3,3,142.0
2025-07-22,3,3,149.0
2025-07-23,3,3,149.0
2025-07-24,3,3,132.0
2025-07-25,3,3,133.0
2025-07-26,3,3,113.0
2025-07-27,3,3,117.0
2025-07-28,3,3,182.22097070075392
2025-07-29,3,3,192.1861800359514
2025-07-30,3,3,204.99859203834816
2025-07-31,3,3,196.45698403675033
2025-08-01,3,3,163.71415336395862
2025-08-02,3,3,156.5961466959604
2025-08-03,3,3,159.44334936315968
2025-08-04,3,3,185.0681733679532
2025-08-05,3,3,190.76257870235176
2025-08-06,3,3,140.0
2025-08-07,3,3,132.0
2025-08-08,3,3,113.0
2025-08-09,3,3,100.0
2025-08-10,3,3,104.0
2025-08-11,3,3,123.0
2025-08-12,3,3,131.0
2025-08-13,3,3,134.0
2025-08-14,3,3,130.0
2025-08-15,3,3,119.0
2025-08-16,3,3,110.0
2025-08-17,3,3,101.0
2025-08-18,3,3,124.0
2025-08-19,3,3,144.0
2025-08-20,3,3,134.0
2025-08-21,3,3,123.0
2025-08-22,3,3,107.0
2025-08-23,3,3,93.0
2025-08-24,3,3,108.0
2025-08-25,3,3,115.0
2025-08-26,3,3,127.0
2025-08-27,3,3,135.0
2025-08-28,3,3,127.0
2025-08-29,3,3,103.0
2025-08-30,3,3,94.0
2025-08-31,3,3,96.0
2025-09-01,3,3,127.0
2025-09-02,3,3,136.0
2025-09-03,3,3,133.0
2025-09-04,3,3,117.0
2025-09-05,3,3,103.0
2025-09-06,3,3,98.0
2025-09-07,3,3,114.0
2025-09-08,3,3,113.0
2025-09-09,3,3,128.0
2025-09-10,3,3,110.0
2025-09-11,3,3,120.0
2025-09-12,3,3,94.0
2025-09-13,3,3,91.0
2025-09-14,3,3,98.0
2025-09-15,3,3,108.0
2025-09-16,3,3,119.0
2025-09-17,3,3,122.0
2025-09-18,3,3,116.0
2025-09-19,3,3,101.0
2025-09-20,3,3,94.0
2025-09-21,3,3,97.0
2025-09-22,3,3,119.0
2025-09-23,3,3,109.0
2025-09-24,3,3,128.0
2025-09-25,3,3,117.0
2025-09-26,3,3,102.0
2025-09-27,3,3,89.0
2025-09-28,3,3,96.0
2025-09-29,3,3,99.0
2025-09-30,3,3,124.0
2025-10-01,3,3,129.0
2025-10-02,3,3,113.0
2025-10-03,3,3,116.0
2025-10-04,3,3,93.0
2025-10-05,3,3,98.0
2025-10-06,3,3,120.0
2025-10-07,3,3,138.0
2025-10-08,3,3,119.0
2025-10-09,3,3,114.0
2025-10-10,3,3,103.0
2025-10-11,3,3,90.0
2025-10-12,3,3,104.0
2025-10-13,3,3,106.0
2025-10-14,3,3,133.0
2025-10-15,3,3,132.0
2025-10-16,3,3,127.0
2025-10-17,3,3,100.0
2025-10-18,3,3,94.0
2025-10-19,3,3,106.0
2025-10-20,3,3,118.0
2025-10-21,3,3,125.0
2025-10-22,3,3,129.0
2025-10-23,3,3,118.0
2025-10-24,3,3,106.0
2025-10-25,3,3,92.0
2025-10-26,3,3,95.0
2025-10-27,3,3,122.0
2025-10-28,3,3,127.0
2025-10-29,3,3,140.0
2025-10-30,3,3,128.0
2025-10-31,3,3,112.0
2025-11-01,3,3,97.0
2025-11-02,3,3,97.0
2025-11-03,3,3,115.0
2025-11-04,3,3,142.0
2025-11-05,3,3,141.0
2025-11-06,3,3,123.0
2025-11-07,3,3,110.0
2025-11-08,3,3,98.0
2025-11-09,3,3,98.0
2025-11-10,3,3,122.0
2025-11-11,3,3,146.0
2025-11-12,3,3,150.0
2025-11-13,3,3,134.0
2025-11-14,3,3,112.0
2025-11-15,3,3,98.0
2025-11-16,3,3,119.0
2025-11-17,3,3,128.0
2025-11-18,3,3,136.0
2025-11-19,3,3,139.0
2025-11-20,3,3,138.0
2025-11-21,3,3,115.0
2025-11-22,3,3,113.0
2025-11-23,3,3,107.0
2025-11-24,3,3,144.0
2025-11-25,3,3,138.0
2025-11-26,3,3,151.0
2025-11-27,3,3,130.0
2025-11-28,3,3,123.0
2025-11-29,3,3,122.0
2025-11-30,3,3,127.0
2025-12-01,3,3,138.0
2025-12-02,3,3,146.0
2025-12-03,3,3,146.0
2025-12-04,3,3,135.0
2025-12-05,3,3,139.0
2025-12-06,3,3,121.0
2025-12-07,3,3,126.0
2025-12-08,3,3,146.0
2025-12-09,3,3,155.0
2025-12-10,3,3,154.0
2025-12-11,3,3,152.0
2025-12-12,3,3,129.0
2025-12-13,3,3,115.0
2025-12-14,3,3,139.0
2025-12-15,3,3,139.0
2025-12-16,3,3,154.0
2025-12-17,3,3,159.0
2025-12-18,3,3,148.0
2025-12-19,3,3,146.0
2025-12-20,3,3,133.0
2025-12-21,3,3,132.0
2025-12-22,3,3,139.0
2025-12-23,3,3,163.0
2025-12-24,3,3,149.0
2025-12-25,3,3,158.0
2025-12-26,3,3,152.0
2025-12-27,3,3,136.0
2025-12-28,3,3,147.0
2025-12-29,3,3,144.0
2025-12-30,3,3,180.0
2024-01-01,3,4,141.0
2024-01-02,3,4,163.0
2024-01-03,3,4,135.0
2024-01-04,3,4,146.0
2024-01-05,3,4,148.0
2024-01-06,3,4,145.0
2024-01-07,3,4,145.0
2024-01-08,3,4,127.0
2024-01-09,3,4,164.0
2024-01-10,3,4,154.0
2024-01-11,3,4,136.0
2024-01-12,3,4,141.0
2024-01-13,3,4,114.0
2024-01-14,3,4,145.0
2024-01-15,3,4,144.0
2024-01-16,3,4,138.0
2024-01-17,3,4,152.0
2024-01-18,3,4,142.0
2024-01-19,3,4,136.0
2024-01-20,3,4,112.0
2024-01-21,3,4,121.0
2024-01-22,3,4,145.0
2024-01-23,3,4,150.0
2024-01-24,3,4,169.0
2024-01-25,3,4,145.0
2024-01-26,3,4,139.0
2024-01-27,3,4,135.0
2024-01-28,3,4,141.0
2024-01-29,3,4,151.0
2024-01-30,3,4,152.0
2024-01-31,3,4,166.0
2024-02-01,3,4,182.0
2024-02-02,3,4,138.0
2024-02-03,3,4,147.0
2024-02-04,3,4,145.0
2024-02-05,3,4,164.0
2024-02-06,3,4,161.0
2024-02-07,3,4,153.0
2024-02-08,3,4,143.0
2024-02-09,3,4,156.0
2024-02-10,3,4,132.0
2024-02-11,3,4,160.0
2024-02-12,3,4,160.0
2024-02-13,3,4,162.0
2024-02-14,3,4,147.0
2024-02-15,3,4,166.0
2024-02-16,3,4,170.0
2024-02-17,3,4,141.0
2024-02-18,3,4,139.0
2024-02-19,3,4,154.0
2024-02-20,3,4,168.0
2024-02-21,3,4,158.0
2024-02-22,3,4,170.0
2024-02-23,3,4,175.0
2024-02-24,3,4,152.0
2024-02-25,3,4,146.0
2024-02-26,3,4,162.0
2024-02-27,3,4,178.0
2024-02-28,3,4,168.0
2024-02-29,3,4,167.0
2024-03-01,3,4,162.0
2024-03-02,3,4,139.0
2024-03-03,3,4,156.0
2024-03-04,3,4,142.0
2024-03-05,3,4,157.0
2024-03-06,3,4,180.0
2024-03-07,3,4,172.0
2024-03-08,3,4,152.0
2024-03-09,3,4,170.0
2024-03-10,3,4,136.0
2024-03-11,3,4,157.0
2024-03-12,3,4,169.0
2024-03-13,3,4,135.0
2024-03-14,3,4,161.0
2024-03-15,3,4,142.0
2024-03-16,3,4,138.0
2024-03-17,3,4,149.0
2024-03-18,3,4,138.0
2024-03-19,3,4,157.0
2024-03-20,3,4,147.0
2024-03-21,3,4,165.0
2024-03-22,3,4,157.0
2024-03-23,3,4,147.0
2024-03-24,3,4,165.0
2024-03-25,3,4,157.0
2024-03-26,3,4,167.0
2024-03-27,3,4,158.0
2024-03-28,3,4,137.0
2024-03-29,3,4,155.0
2024-03-30,3,4,149.0
2024-03-31,3,4,174.0
2024-04-01,3,4,168.0
2024-04-02,3,4,163.0
2024-04-03,3,4,171.0
2024-04-04,3,4,175.0
2024-04-05,3,4,163.0
2024-04-06,3,4,172.0
2024-04-07,3,4,144.0
2024-04-08,3,4,172.0
2024-04-09,3,4,163.0
2024-04-10,3,4,171.0
2024-04-11,3,4,158.0
2024-04-12,3,4,155.0
2024-04-13,3,4,154.0
2024-04-14,3,4,160.0
2024-04-15,3,4,161.0
2024-04-16,3,4,138.0
2024-04-17,3,4,168.0
2024-04-18,3,4,181.0
2024-04-19,3,4,155.0
2024-04-20,3,4,169.0
2024-04-21,3,4,152.0
2024-04-22,3,4,141.0
2024-04-23,3,4,162.0
2024-04-24,3,4,162.0
2024-04-25,3,4,161.0
2024-04-26,3,4,142.0
2024-04-27,3,4,151.0
2024-04-28,3,4,149.0
2024-04-29,3,4,174.0
2024-04-30,3,4,152.0
2024-05-01,3,4,171.0
2024-05-02,3,4,168.0
2024-05-03,3,4,164.0
2024-05-04,3,4,146.0
2024-05-05,3,4,154.0
2024-05-06,3,4,163.0
2024-05-07,3,4,146.0
2024-05-08,3,4,163.0
2024-05-09,3,4,161.0
2024-05-10,3,4,155.0
2024-05-11,3,4,150.0
2024-05-12,3,4,156.0
2024-05-13,3,4,180.0
2024-05-14,3,4,157.0
2024-05-15,3,4,170.0
2024-05-16,3,4,176.0
2024-05-17,3,4,132.0
2024-05-18,3,4,151.0
2024-05-19,3,4,130.0
2024-05-20,3,4,182.0
2024-05-21,3,4,169.0
2024-05-22,3,4,169.0
2024-05-23,3,4,137.0
2024-05-24,3,4,146.0
2024-05-25,3,4,141.0
2024-05-26,3,4,169.0
2024-05-27,3,4,163.0
2024-05-28,3,4,142.0
2024-05-29,3,4,168.0
2024-05-30,3,4,140.0
2024-05-31,3,4,131.0
2024-06-01,3,4,150.0
2024-06-02,3,4,155.0
2024-06-03,3,4,158.0
2024-06-04,3,4,182.0
2024-06-05,3,4,166.0
2024-06-06,3,4,158.0
2024-06-07,3,4,134.0
2024-06-08,3,4,153.0
2024-06-09,3,4,125.0
2024-06-10,3,4,175.0
2024-06-11,3,4,168.0
2024-06-12,3,4,192.0
2024-06-13,3,4,159.0
2024-06-14,3,4,157.0
2024-06-15,3,4,138.0
2024-06-16,3,4,142.0
2024-06-17,3,4,137.0
2024-06-18,3,4,139.0
2024-06-19,3,4,160.0
2024-06-20,3,4,152.0
2024-06-21,3,4,132.0
2024-06-22,3,4,129.0
2024-06-23,3,4,142.0
2024-06-24,3,4,135.0
2024-06-25,3,4,159.0
2024-06-26,3,4,143.0
2024-06-27,3,4,154.0
2024-06-28,3,4,129.0
2024-06-29,3,4,124.0
2024-06-30,3,4,164.39004824787727
2024-07-01,3,4,213.26276529454347
2024-07-02,3,4,251.76854236161384
2024-07-03,3,4,251.76854236161384
2024-07-04,3,4,226.59168812545244
2024-07-05,3,4,173.27599680181658
2024-07-06,3,4,216.22474814585658
2024-07-07,3,4,207.33879959191728
2024-07-08,3,4,205.85780816626072
2024-07-09,3,4,165.0
2024-07-10,3,4,159.0
2024-07-11,3,4,170.0
2024-07-12,3,4,123.0
2024-07-13,3,4,119.0
2024-07-14,3,4,122.0
2024-07-15,3,4,139.0
2024-07-16,3,4,168.0
2024-07-17,3,4,143.0
2024-07-18,3,4,138.0
2024-07-19,3,4,142.0
2024-07-20,3,4,142.0
2024-07-21,3,4,107.0
2024-07-22,3,4,153.0
2024-07-23,3,4,139.0
2024-07-24,3,4,147.0
2024-07-25,3,4,160.0
2024-07-26,3,4,133.0
2024-07-27,3,4,113.0
2024-07-28,3,4,115.0
2024-07-29,3,4,138.0
2024-07-30,3,4,141.0
2024-07-31,3,4,148.0
2024-08-01,3,4,137.0
2024-08-02,3,4,149.0
2024-08-03,3,4,129.0
2024-08-04,3,4,110.0
2024-08-05,3,4,147.0
2024-08-06,3,4,166.0
2024-08-07,3,4,147.0
2024-08-08,3,4,143.0
2024-08-09,3,4,123.0
2024-08-10,3,4,125.0
2024-08-11,3,4,135.0
2024-08-12,3,4,149.0
2024-08-13,3,4,148.0
2024-08-14,3,4,165.0
2024-08-15,3,4,140.0
2024-08-16,3,4,118.0
2024-08-17,3,4,113.0
2024-08-18,3,4,142.0
2024-08-19,3,4,146.0
2024-08-20,3,4,122.0
2024-08-21,3,4,140.0
2024-08-22,3,4,136.0
2024-08-23,3,4,121.0
2024-08-24,3,4,108.0
2024-08-25,3,4,117.0
2024-08-26,3,4,122.0
2024-08-27,3,4,124.0
2024-08-28,3,4,151.0
2024-08-29,3,4,140.0
2024-08-30,3,4,123.0
2024-08-31,3,4,100.0
2024-09-01,3,4,122.0
2024-09-02,3,4,139.0
2024-09-03,3,4,131.0
2024-09-04,3,4,127.0
2024-09-05,3,4,134.0
2024-09-06,3,4,132.0
2024-09-07,3,4,100.0
2024-09-08,3,4,141.0
2024-09-09,3,4,117.0
2024-09-10,3,4,134.0
2024-09-11,3,4,154.0
2024-09-12,3,4,137.0
2024-09-13,3,4,140.0
2024-09-14,3,4,141.0
2024-09-15,3,4,107.0
2024-09-16,3,4,142.0
2024-09-17,3,4,268.9940722077691
2024-09-18,3,4,235.8064918704469
2024-09-19,3,4,228.81963285206328
2024-09-20,3,4,183.4050492325698
2024-09-21,3,4,230.56634760665918
2024-09-22,3,4,164.1911869320149
2024-09-23,3,4,142.0
2024-09-24,3,4,121.0
2024-09-25,3,4,156.0
2024-09-26,3,4,139.0
2024-09-27,3,4,139.0
2024-09-28,3,4,113.0
2024-09-29,3,4,108.0
2024-09-30,3,4,110.0
2024-10-01,3,4,151.0
2024-10-02,3,4,147.0
2024-10-03,3,4,143.0
2024-10-04,3,4,131.0
2024-10-05,3,4,129.0
2024-10-06,3,4,121.0
2024-10-07,3,4,136.0
2024-10-08,3,4,128.0
2024-10-09,3,4,136.0
2024-10-10,3,4,171.0
2024-10-11,3,4,128.0
2024-10-12,3,4,100.0
2024-10-13,3,4,120.0
2024-10-14,3,4,119.0
2024-10-15,3,4,141.0
2024-10-16,3,4,130.0
2024-10-17,3,4,133.0
2024-10-18,3,4,120.0
2024-10-19,3,4,126.0
2024-10-20,3,4,118.0
2024-10-21,3,4,137.0
2024-10-22,3,4,162.0
2024-10-23,3,4,128.0
2024-10-24,3,4,145.0
2024-10-25,3,4,100.0
2024-10-26,3,4,122.0
2024-10-27,3,4,129.0
2024-10-28,3,4,125.0
2024-10-29,3,4,120.0
2024-10-30,3,4,142.0
2024-10-31,3,4,156.0
2024-11-01,3,4,129.0
2024-11-02,3,4,132.0
2024-11-03,3,4,141.0
2024-11-04,3,4,164.0
2024-11-05,3,4,129.0
2024-11-06,3,4,133.0
2024-11-07,3,4,136.0
2024-11-08,3,4,139.0
2024-11-09,3,4,100.0
2024-11-10,3,4,137.0
2024-11-11,3,4,138.0
2024-11-12,3,4,137.0
2024-11-13,3,4,150.0
2024-11-14,3,4,151.0
2024-11-15,3,4,145.0
2024-11-16,3,4,129.0
2024-11-17,3,4,134.0
2024-11-18,3,4,141.0
2024-11-19,3,4,159.0
2024-11-20,3,4,151.0
2024-11-21,3,4,150.0
2024-11-22,3,4,145.0
2024-11-23,3,4,153.0
2024-11-24,3,4,125.0
2024-11-25,3,4,159.0
2024-11-26,3,4,176.0
2024-11-27,3,4,142.0
2024-11-28,3,4,141.0
2024-11-29,3,4,132.0
2024-11-30,3,4,140.0
2024-12-01,3,4,112.0
2024-12-02,3,4,135.0
2024-12-03,3,4,145.0
2024-12-04,3,4,146.0
2024-12-05,3,4,142.0
2024-12-06,3,4,133.0
2024-12-07,3,4,143.0
2024-12-08,3,4,142.0
2024-12-09,3,4,163.0
2024-12-10,3,4,160.0
2024-12-11,3,4,140.0
2024-12-12,3,4,146.0
2024-12-13,3,4,137.0
2024-12-14,3,4,139.0
2024-12-15,3,4,151.0
2024-12-16,3,4,148.0
2024-12-17,3,4,155.0
2024-12-18,3,4,155.0
2024-12-19,3,4,160.0
2024-12-20,3,4,136.0
2024-12-21,3,4,121.0
2024-12-22,3,4,148.0
2024-12-23,3,4,152.0
2024-12-24,3,4,170.0
2024-12-25,3,4,128.0
2024-12-26,3,4,151.0
2024-12-27,3,4,146.0
2024-12-28,3,4,123.0
2024-12-29,3,4,141.0
2024-12-30,3,4,164.0
2024-12-31,3,4,181.0
2025-01-01,3,4,171.0
2025-01-02,3,4,151.0
2025-01-03,3,4,162.0
2025-01-04,3,4,153.0
2025-01-05,3,4,139.0
2025-01-06,3,4,145.0
2025-01-07,3,4,157.0
2025-01-08,3,4,149.0
2025-01-09,3,4,153.0
2025-01-10,3,4,155.0
2025-01-11,3,4,157.0
2025-01-12,3,4,142.0
2025-01-13,3,4,170.0
2025-01-14,3,4,169.0
2025-01-15,3,4,171.0
2025-01-16,3,4,148.0
2025-01-17,3,4,173.0
2025-01-18,3,4,153.0
2025-01-19,3,4,145.0
2025-01-20,3,4,150.0
2025-01-21,3,4,160.0
2025-01-22,3,4,153.0
2025-01-23,3,4,173.0
2025-01-24,3,4,143.0
2025-01-25,3,4,152.0
2025-01-26,3,4,146.0
2025-01-27,3,4,166.0
2025-01-28,3,4,175.0
2025-01-29,3,4,160.0
2025-01-30,3,4,162.0
2025-01-31,3,4,139.0
2025-02-01,3,4,171.0
2025-02-02,3,4,166.0
2025-02-03,3,4,144.0
2025-02-04,3,4,157.0
2025-02-05,3,4,168.0
2025-02-06,3,4,165.0
2025-02-07,3,4,149.0
2025-02-08,3,4,139.0
2025-02-09,3,4,159.0
2025-02-10,3,4,182.0
2025-02-11,3,4,170.0
2025-02-12,3,4,168.0
2025-02-13,3,4,162.0
2025-02-14,3,4,146.0
2025-02-15,3,4,147.0
2025-02-16,3,4,170.0
2025-02-17,3,4,139.0
2025-02-18,3,4,172.0
2025-02-19,3,4,173.0
2025-02-20,3,4,169.0
2025-02-21,3,4,169.0
2025-02-22,3,4,157.0
2025-02-23,3,4,153.0
2025-02-24,3,4,157.0
2025-02-25,3,4,187.0
2025-02-26,3,4,186.0
2025-02-27,3,4,203.0
2025-02-28,3,4,159.0
2025-03-01,3,4,150.0
2025-03-02,3,4,164.0
2025-03-03,3,4,171.0
2025-03-04,3,4,181.0
2025-03-05,3,4,185.0
2025-03-06,3,4,178.0
2025-03-07,3,4,176.0
2025-03-08,3,4,173.0
2025-03-09,3,4,175.0
2025-03-10,3,4,141.0
2025-03-11,3,4,177.0
2025-03-12,3,4,165.0
2025-03-13,3,4,184.0
2025-03-14,3,4,137.0
2025-03-15,3,4,177.0
2025-03-16,3,4,151.0
2025-03-17,3,4,155.0
2025-03-18,3,4,179.0
2025-03-19,3,4,173.0
2025-03-20,3,4,193.0
2025-03-21,3,4,181.0
2025-03-22,3,4,154.0
2025-03-23,3,4,174.0
2025-03-24,3,4,162.0
2025-03-25,3,4,169.0
2025-03-26,3,4,186.0
2025-03-27,3,4,190.0
2025-03-28,3,4,160.0
2025-03-29,3,4,156.0
2025-03-30,3,4,166.0
2025-03-31,3,4,158.0
2025-04-01,3,4,194.0
2025-04-02,3,4,167.0
2025-04-03,3,4,165.0
2025-04-04,3,4,186.0
2025-04-05,3,4,163.0
2025-04-06,3,4,185.0
2025-04-07,3,4,166.0
2025-04-08,3,4,206.0
2025-04-09,3,4,185.0
2025-04-10,3,4,164.0
2025-04-11,3,4,156.0
2025-04-12,3,4,143.0
2025-04-13,3,4,146.0
2025-04-14,3,4,161.0
2025-04-15,3,4,164.0
2025-04-16,3,4,147.0
2025-04-17,3,4,182.0
2025-04-18,3,4,174.0
2025-04-19,3,4,164.0
2025-04-20,3,4,148.0
2025-04-21,3,4,188.0
2025-04-22,3,4,173.0
2025-04-23,3,4,167.0
2025-04-24,3,4,175.0
2025-04-25,3,4,166.0
2025-04-26,3,4,130.0
2025-04-27,3,4,161.0
2025-04-28,3,4,169.0
2025-04-29,3,4,170.0
2025-04-30,3,4,161.0
2025-05-01,3,4,156.0
2025-05-02,3,4,170.0
2025-05-03,3,4,168.0
2025-05-04,3,4,155.0
2025-05-05,3,4,172.0
2025-05-06,3,4,168.0
2025-05-07,3,4,165.0
2025-05-08,3,4,173.0
2025-05-09,3,4,149.0
2025-05-10,3,4,180.0
2025-05-11,3,4,142.0
2025-05-12,3,4,169.0
2025-05-13,3,4,174.0
2025-05-14,3,4,175.0
2025-05-15,3,4,187.0
2025-05-16,3,4,130.0
2025-05-17,3,4,161.0
2025-05-18,3,4,155.0
2025-05-19,3,4,172.0
2025-05-20,3,4,172.0
2025-05-21,3,4,172.0
2025-05-22,3,4,154.0
2025-05-23,3,4,152.0
2025-05-24,3,4,192.0
2025-05-25,3,4,164.0
2025-05-26,3,4,176.0
2025-05-27,3,4,166.0
2025-05-28,3,4,161.0
2025-05-29,3,4,176.0
2025-05-30,3,4,136.0
2025-05-31,3,4,146.0
2025-06-01,3,4,151.0
2025-06-02,3,4,173.0
2025-06-03,3,4,173.0
2025-06-04,3,4,164.0
2025-06-05,3,4,169.0
2025-06-06,3,4,153.0
2025-06-07,3,4,165.0
2025-06-08,3,4,156.0
2025-06-09,3,4,181.0
2025-06-10,3,4,164.0
2025-06-11,3,4,183.0
2025-06-12,3,4,164.0
2025-06-13,3,4,147.0
2025-06-14,3,4,181.0
2025-06-15,3,4,167.0
2025-06-16,3,4,161.0
2025-06-17,3,4,174.0
2025-06-18,3,4,154.0
2025-06-19,3,4,149.0
2025-06-20,3,4,167.0
2025-06-21,3,4,148.0
2025-06-22,3,4,148.0
2025-06-23,3,4,153.0
2025-06-24,3,4,165.0
2025-06-25,3,4,162.0
2025-06-26,3,4,136.0
2025-06-27,3,4,168.0
2025-06-28,3,4,145.0
2025-06-29,3,4,170.0
2025-06-30,3,4,134.0
2025-07-01,3,4,141.0
2025-07-02,3,4,160.0
2025-07-03,3,4,169.0
2025-07-04,3,4,135.0
2025-07-05,3,4,130.0
2025-07-06,3,4,151.0
2025-07-07,3,4,149.0
2025-07-08,3,4,166.0
2025-07-09,3,4,157.0
2025-07-10,3,4,160.0
2025-07-11,3,4,164.0
2025-07-12,3,4,129.0
2025-07-13,3,4,158.0
2025-07-14,3,4,131.0
2025-07-15,3,4,165.0
2025-07-16,3,4,176.0
2025-07-17,3,4,148.0
2025-07-18,3,4,154.0
2025-07-19,3,4,135.0
2025-07-20,3,4,149.0
2025-07-21,3,4,123.0
2025-07-22,3,4,158.0
2025-07-23,3,4,162.0
2025-07-24,3,4,168.0
2025-07-25,3,4,155.0
2025-07-26,3,4,137.0
2025-07-27,3,4,144.0
2025-07-28,3,4,130.0
2025-07-29,3,4,173.0
2025-07-30,3,4,164.0
2025-07-31,3,4,129.0
2025-08-01,3,4,146.0
2025-08-02,3,4,141.0
2025-08-03,3,4,130.0
2025-08-04,3,4,147.0
2025-08-05,3,4,142.0
2025-08-06,3,4,138.0
2025-08-07,3,4,142.0
2025-08-08,3,4,143.0
2025-08-09,3,4,147.0
2025-08-10,3,4,138.0
2025-08-11,3,4,155.0
2025-08-12,3,4,159.0
2025-08-13,3,4,140.0
2025-08-14,3,4,155.0
2025-08-15,3,4,148.0
2025-08-16,3,4,155.0
2025-08-17,3,4,141.0
2025-08-18,3,4,129.0
2025-08-19,3,4,143.0
2025-08-20,3,4,130.0
2025-08-21,3,4,152.0
2025-08-22,3,4,158.0
2025-08-23,3,4,105.0
2025-08-24,3,4,155.0
2025-08-25,3,4,148.0
2025-08-26,3,4,136.0
2025-08-27,3,4,153.0
2025-08-28,3,4,133.0
2025-08-29,3,4,143.0
2025-08-30,3,4,133.0
2025-08-31,3,4,138.0
2025-09-01,3,4,130.0
2025-09-02,3,4,139.0
2025-09-03,3,4,155.0
2025-09-04,3,4,139.0
2025-09-05,3,4,138.0
2025-09-06,3,4,137.0
2025-09-07,3,4,131.0
2025-09-08,3,4,154.0
2025-09-09,3,4,145.0
2025-09-10,3,4,146.0
2025-09-11,3,4,136.0
2025-09-12,3,4,148.0
2025-09-13,3,4,123.0
2025-09-14,3,4,148.0
2025-09-15,3,4,142.0
2025-09-16,3,4,178.0
2025-09-17,3,4,141.0
2025-09-18,3,4,158.0
2025-09-19,3,4,142.0
2025-09-20,3,4,125.0
2025-09-21,3,4,139.0
2025-09-22,3,4,145.0
2025-09-23,3,4,143.0
2025-09-24,3,4,153.0
2025-09-25,3,4,157.0
2025-09-26,3,4,142.0
2025-09-27,3,4,126.0
2025-09-28,3,4,127.0
2025-09-29,3,4,138.0
2025-09-30,3,4,159.0
2025-10-01,3,4,139.0
2025-10-02,3,4,148.0
2025-10-03,3,4,117.0
2025-10-04,3,4,138.0
2025-10-05,3,4,142.0
2025-10-06,3,4,164.0
2025-10-07,3,4,158.0
2025-10-08,3,4,144.0
2025-10-09,3,4,126.0
2025-10-10,3,4,142.0
2025-10-11,3,4,128.0
2025-10-12,3,4,137.0
2025-10-13,3,4,132.0
2025-10-14,3,4,145.0
2025-10-15,3,4,129.0
2025-10-16,3,4,132.0
2025-10-17,3,4,123.0
2025-10-18,3,4,142.0
2025-10-19,3,4,124.0
2025-10-20,3,4,157.0
2025-10-21,3,4,138.0
2025-10-22,3,4,174.0
2025-10-23,3,4,122.0
2025-10-24,3,4,143.0
2025-10-25,3,4,133.0
2025-10-26,3,4,121.0
2025-10-27,3,4,135.0
2025-10-28,3,4,146.0
2025-10-29,3,4,154.0
2025-10-30,3,4,135.0
2025-10-31,3,4,144.0
2025-11-01,3,4,135.0
2025-11-02,3,4,145.0
2025-11-03,3,4,133.0
2025-11-04,3,4,145.0
2025-11-05,3,4,169.0
2025-11-06,3,4,137.0
2025-11-07,3,4,124.0
2025-11-08,3,4,128.0
2025-11-09,3,4,116.0
2025-11-10,3,4,164.0
2025-11-11,3,4,148.0
2025-11-12,3,4,150.0
2025-11-13,3,4,158.0
2025-11-14,3,4,133.0
2025-11-15,3,4,134.0
2025-11-16,3,4,130.0
2025-11-17,3,4,125.0
2025-11-18,3,4,154.0
2025-11-19,3,4,167.0
2025-11-20,3,4,151.0
2025-11-21,3,4,154.0
2025-11-22,3,4,126.0
2025-11-23,3,4,132.0
2025-11-24,3,4,132.0
2025-11-25,3,4,159.0
2025-11-26,3,4,153.0
2025-11-27,3,4,148.0
2025-11-28,3,4,153.0
2025-11-29,3,4,135.0
2025-11-30,3,4,155.0
2025-12-01,3,4,152.0
2025-12-02,3,4,152.0
2025-12-03,3,4,140.0
2025-12-04,3,4,162.0
2025-12-05,3,4,150.0
2025-12-06,3,4,146.0
2025-12-07,3,4,149.0
2025-12-08,3,4,145.0
2025-12-09,3,4,157.0
2025-12-10,3,4,155.0
2025-12-11,3,4,171.0
2025-12-12,3,4,146.0
2025-12-13,3,4,137.0
2025-12-14,3,4,162.0
2025-12-15,3,4,168.0
2025-12-16,3,4,164.0
2025-12-17,3,4,161.0
2025-12-18,3,4,154.0
2025-12-19,3,4,150.0
2025-12-20,3,4,136.0
2025-12-21,3,4,154.0
2025-12-22,3,4,175.0
2025-12-23,3,4,170.0
2025-12-24,3,4,152.0
2025-12-25,3,4,166.0
2025-12-26,3,4,155.0
2025-12-27,3,4,154.0
2025-12-28,3,4,141.0
2025-12-29,3,4,158.0
2025-12-30,3,4,175.0
2024-01-01,3,5,113.0
2024-01-02,3,5,118.0
2024-01-03,3,5,136.0
2024-01-04,3,5,128.0
2024-01-05,3,5,131.0
2024-01-06,3,5,116.0
2024-01-07,3,5,105.0
2024-01-08,3,5,132.0
2024-01-09,3,5,124.0
2024-01-10,3,5,132.0
2024-01-11,3,5,133.0
2024-01-12,3,5,109.0
2024-01-13,3,5,123.0
2024-01-14,3,5,138.0
2024-01-15,3,5,125.0
2024-01-16,3,5,133.0
2024-01-17,3,5,141.0
2024-01-18,3,5,130.0
2024-01-19,3,5,126.0
2024-01-20,3,5,104.0
2024-01-21,3,5,122.0
2024-01-22,3,5,149.0
2024-01-23,3,5,123.0
2024-01-24,3,5,135.0
2024-01-25,3,5,134.0
2024-01-26,3,5,132.0
2024-01-27,3,5,128.0
2024-01-28,3,5,131.0
2024-01-29,3,5,118.0
2024-01-30,3,5,140.0
2024-01-31,3,5,141.0
2024-02-01,3,5,141.0
2024-02-02,3,5,130.0
2024-02-03,3,5,110.0
2024-02-04,3,5,122.0
2024-02-05,3,5,143.0
2024-02-06,3,5,143.0
2024-02-07,3,5,150.0
2024-02-08,3,5,161.0
2024-02-09,3,5,152.0
2024-02-10,3,5,105.0
2024-02-11,3,5,130.0
2024-02-12,3,5,168.0
2024-02-13,3,5,157.0
2024-02-14,3,5,155.0
2024-02-15,3,5,160.0
2024-02-16,3,5,138.0
2024-02-17,3,5,135.0
2024-02-18,3,5,130.0
2024-02-19,3,5,145.0
2024-02-20,3,5,159.0
2024-02-21,3,5,166.0
2024-02-22,3,5,146.0
2024-02-23,3,5,134.0
2024-02-24,3,5,113.0
2024-02-25,3,5,130.0
2024-02-26,3,5,155.0
2024-02-27,3,5,161.0
2024-02-28,3,5,150.0
2024-02-29,3,5,134.0
2024-03-01,3,5,139.0
2024-03-02,3,5,142.0
2024-03-03,3,5,132.0
2024-03-04,3,5,134.0
2024-03-05,3,5,153.0
2024-03-06,3,5,165.0
2024-03-07,3,5,166.0
2024-03-08,3,5,140.0
2024-03-09,3,5,145.0
2024-03-10,3,5,147.0
2024-03-11,3,5,138.0
2024-03-12,3,5,172.0
2024-03-13,3,5,166.0
2024-03-14,3,5,144.0
2024-03-15,3,5,161.0
2024-03-16,3,5,135.0
2024-03-17,3,5,121.0
2024-03-18,3,5,144.0
2024-03-19,3,5,153.0
2024-03-20,3,5,158.0
2024-03-21,3,5,153.0
2024-03-22,3,5,142.0
2024-03-23,3,5,134.0
2024-03-24,3,5,139.0
2024-03-25,3,5,157.0
2024-03-26,3,5,155.0
2024-03-27,3,5,177.0
2024-03-28,3,5,146.0
2024-03-29,3,5,151.0
2024-03-30,3,5,153.0
2024-03-31,3,5,139.0
2024-04-01,3,5,153.0
2024-04-02,3,5,153.0
2024-04-03,3,5,161.0
2024-04-04,3,5,173.0
2024-04-05,3,5,153.0
2024-04-06,3,5,142.0
2024-04-07,3,5,122.0
2024-04-08,3,5,145.0
2024-04-09,3,5,179.0
2024-04-10,3,5,169.0
2024-04-11,3,5,163.0
2024-04-12,3,5,147.0
2024-04-13,3,5,132.0
2024-04-14,3,5,143.0
2024-04-15,3,5,136.0
2024-04-16,3,5,147.0
2024-04-17,3,5,158.0
2024-04-18,3,5,159.0
2024-04-19,3,5,129.0
2024-04-20,3,5,138.0
2024-04-21,3,5,130.0
2024-04-22,3,5,142.0
2024-04-23,3,5,174.0
2024-04-24,3,5,164.0
2024-04-25,3,5,147.0
2024-04-26,3,5,145.0
2024-04-27,3,5,121.0
2024-04-28,3,5,142.0
2024-04-29,3,5,160.0
2024-04-30,3,5,166.0
2024-05-01,3,5,183.0
2024-05-02,3,5,136.0
2024-05-03,3,5,143.0
2024-05-04,3,5,121.0
2024-05-05,3,5,135.0
2024-05-06,3,5,147.0
2024-05-07,3,5,180.0
2024-05-08,3,5,160.0
2024-05-09,3,5,152.0
2024-05-10,3,5,150.0
2024-05-11,3,5,132.0
2024-05-12,3,5,152.0
2024-05-13,3,5,152.0
2024-05-14,3,5,164.0
2024-05-15,3,5,141.0
2024-05-16,3,5,170.0
2024-05-17,3,5,132.0
2024-05-18,3,5,130.0
2024-05-19,3,5,126.0
2024-05-20,3,5,133.0
2024-05-21,3,5,142.0
2024-05-22,3,5,157.0
2024-05-23,3,5,129.0
2024-05-24,3,5,133.0
2024-05-25,3,5,137.0
2024-05-26,3,5,136.0
2024-05-27,3,5,145.0
2024-05-28,3,5,143.0
2024-05-29,3,5,138.0
2024-05-30,3,5,155.0
2024-05-31,3,5,128.0
2024-06-01,3,5,124.0
2024-06-02,3,5,125.0
2024-06-03,3,5,144.0
2024-06-04,3,5,166.0
2024-06-05,3,5,165.0
2024-06-06,3,5,120.0
2024-06-07,3,5,127.0
2024-06-08,3,5,109.0
2024-06-09,3,5,133.0
2024-06-10,3,5,134.0
2024-06-11,3,5,151.0
2024-06-12,3,5,144.0
2024-06-13,3,5,129.0
2024-06-14,3,5,118.0
2024-06-15,3,5,104.0
2024-06-16,3,5,108.0
2024-06-17,3,5,117.0
2024-06-18,3,5,132.0
2024-06-19,3,5,134.0
2024-06-20,3,5,140.0
2024-06-21,3,5,127.0
2024-06-22,3,5,119.0
2024-06-23,3,5,129.0
2024-06-24,3,5,127.0
2024-06-25,3,5,131.0
2024-06-26,3,5,162.0
2024-06-27,3,5,141.0
2024-06-28,3,5,121.0
2024-06-29,3,5,112.0
2024-06-30,3,5,117.0
2024-07-01,3,5,123.0
2024-07-02,3,5,136.0
2024-07-03,3,5,142.0
2024-07-04,3,5,122.0
2024-07-05,3,5,101.0
2024-07-06,3,5,88.0
2024-07-07,3,5,119.0
2024-07-08,3,5,106.0
2024-07-09,3,5,136.0
2024-07-10,3,5,123.0
2024-07-11,3,5,115.0
2024-07-12,3,5,106.0
2024-07-13,3,5,107.0
2024-07-14,3,5,95.0
2024-07-15,3,5,112.0
2024-07-16,3,5,128.0
2024-07-17,3,5,119.0
2024-07-18,3,5,136.0
2024-07-19,3,5,93.0
2024-07-20,3,5,100.0
2024-07-21,3,5,116.0
2024-07-22,3,5,102.0
2024-07-23,3,5,124.0
2024-07-24,3,5,129.0
2024-07-25,3,5,112.0
2024-07-26,3,5,106.0
2024-07-27,3,5,104.0
2024-07-28,3,5,96.0
2024-07-29,3,5,119.0
2024-07-30,3,5,126.0
2024-07-31,3,5,119.0
2024-08-01,3,5,127.0
2024-08-02,3,5,97.0
2024-08-03,3,5,104.0
2024-08-04,3,5,91.0
2024-08-05,3,5,106.0
2024-08-06,3,5,118.0
2024-08-07,3,5,125.0
2024-08-08,3,5,91.0
2024-08-09,3,5,105.0
2024-08-10,3,5,92.0
2024-08-11,3,5,98.0
2024-08-12,3,5,111.0
2024-08-13,3,5,120.0
2024-08-14,3,5,100.0
2024-08-15,3,5,101.0
2024-08-16,3,5,102.0
2024-08-17,3,5,92.0
2024-08-18,3,5,85.0
2024-08-19,3,5,111.0
2024-08-20,3,5,112.0
2024-08-21,3,5,125.0
2024-08-22,3,5,120.0
2024-08-23,3,5,99.0
2024-08-24,3,5,94.0
2024-08-25,3,5,85.0
2024-08-26,3,5,110.0
2024-08-27,3,5,114.0
2024-08-28,3,5,112.0
2024-08-29,3,5,95.0
2024-08-30,3,5,90.0
2024-08-31,3,5,76.0
2024-09-01,3,5,96.0
2024-09-02,3,5,112.0
2024-09-03,3,5,119.0
2024-09-04,3,5,137.0
2024-09-05,3,5,101.0
2024-09-06,3,5,99.0
2024-09-07,3,5,74.0
2024-09-08,3,5,86.0
2024-09-09,3,5,84.0
2024-09-10,3,5,115.0
2024-09-11,3,5,109.0
2024-09-12,3,5,85.0
2024-09-13,3,5,85.0
2024-09-14,3,5,101.0
2024-09-15,3,5,91.0
2024-09-16,3,5,105.0
2024-09-17,3,5,110.0
2024-09-18,3,5,109.0
2024-09-19,3,5,104.0
2024-09-20,3,5,93.0
2024-09-21,3,5,73.0
2024-09-22,3,5,93.0
2024-09-23,3,5,108.0
2024-09-24,3,5,106.0
2024-09-25,3,5,106.0
2024-09-26,3,5,96.0
2024-09-27,3,5,108.0
2024-09-28,3,5,79.0
2024-09-29,3,5,92.0
2024-09-30,3,5,95.0
2024-10-01,3,5,106.0
2024-10-02,3,5,104.0
2024-10-03,3,5,94.0
2024-10-04,3,5,98.0
2024-10-05,3,5,74.0
2024-10-06,3,5,91.0
2024-10-07,3,5,98.0
2024-10-08,3,5,116.0
2024-10-09,3,5,105.0
2024-10-10,3,5,114.0
2024-10-11,3,5,90.0
2024-10-12,3,5,109.0
2024-10-13,3,5,71.0
2024-10-14,3,5,121.0
2024-10-15,3,5,108.0
2024-10-16,3,5,114.0
2024-10-17,3,5,99.0
2024-10-18,3,5,77.0
2024-10-19,3,5,80.0
2024-10-20,3,5,84.0
2024-10-21,3,5,101.0
2024-10-22,3,5,121.0
2024-10-23,3,5,115.0
2024-10-24,3,5,108.0
2024-10-25,3,5,98.0
2024-10-26,3,5,70.0
2024-10-27,3,5,73.0
2024-10-28,3,5,86.0
2024-10-29,3,5,109.0
2024-10-30,3,5,97.0
2024-10-31,3,5,101.0
2024-11-01,3,5,83.0
2024-11-02,3,5,93.0
2024-11-03,3,5,95.0
2024-11-04,3,5,100.0
2024-11-05,3,5,96.0
2024-11-06,3,5,115.0
2024-11-07,3,5,113.0
2024-11-08,3,5,106.0
2024-11-09,3,5,107.0
2024-11-10,3,5,104.0
2024-11-11,3,5,107.0
2024-11-12,3,5,114.0
2024-11-13,3,5,112.0
2024-11-14,3,5,125.0
2024-11-15,3,5,102.0
2024-11-16,3,5,99.0
2024-11-17,3,5,90.0
2024-11-18,3,5,96.0
2024-11-19,3,5,115.0
2024-11-20,3,5,119.0
2024-11-21,3,5,117.0
2024-11-22,3,5,96.0
2024-11-23,3,5,96.0
2024-11-24,3,5,110.0
2024-11-25,3,5,95.0
2024-11-26,3,5,102.0
2024-11-27,3,5,137.0
2024-11-28,3,5,104.0
2024-11-29,3,5,103.0
2024-11-30,3,5,105.0
2024-12-01,3,5,102.0
2024-12-02,3,5,113.0
2024-12-03,3,5,126.0
2024-12-04,3,5,153.0
2024-12-05,3,5,138.0
2024-12-06,3,5,103.0
2024-12-07,3,5,112.0
2024-12-08,3,5,110.0
2024-12-09,3,5,117.0
2024-12-10,3,5,120.0
2024-12-11,3,5,136.0
2024-12-12,3,5,122.0
2024-12-13,3,5,109.0
2024-12-14,3,5,98.0
2024-12-15,3,5,28.79644102359393
2024-12-16,3,5,27.344519627446335
2024-12-17,3,5,30.24836241974152
2024-12-18,3,5,143.0
2024-12-19,3,5,127.0
2024-12-20,3,5,115.0
2024-12-21,3,5,119.0
2024-12-22,3,5,125.0
2024-12-23,3,5,104.0
2024-12-24,3,5,135.0
2024-12-25,3,5,126.0
2024-12-26,3,5,128.0
2024-12-27,3,5,120.0
2024-12-28,3,5,110.0
2024-12-29,3,5,106.0
2024-12-30,3,5,118.0
2024-12-31,3,5,147.0
2025-01-01,3,5,158.0
2025-01-02,3,5,116.0
2025-01-03,3,5,121.0
2025-01-04,3,5,124.0
2025-01-05,3,5,120.0
2025-01-06,3,5,121.0
2025-01-07,3,5,139.0
2025-01-08,3,5,149.0
2025-01-09,3,5,136.0
2025-01-10,3,5,127.0
2025-01-11,3,5,120.0
2025-01-12,3,5,119.0
2025-01-13,3,5,143.0
2025-01-14,3,5,142.0
2025-01-15,3,5,141.0
2025-01-16,3,5,164.0
2025-01-17,3,5,130.0
2025-01-18,3,5,99.0
2025-01-19,3,5,139.0
2025-01-20,3,5,151.0
2025-01-21,3,5,155.0
2025-01-22,3,5,160.0
2025-01-23,3,5,167.0
2025-01-24,3,5,125.0
2025-01-25,3,5,129.0
2025-01-26,3,5,150.0
2025-01-27,3,5,163.0
2025-01-28,3,5,150.0
2025-01-29,3,5,176.0
2025-01-30,3,5,158.0
2025-01-31,3,5,152.0
2025-02-01,3,5,138.0
2025-02-02,3,5,137.0
2025-02-03,3,5,167.0
2025-02-04,3,5,152.0
2025-02-05,3,5,178.0
2025-02-06,3,5,173.0
2025-02-07,3,5,154.0
2025-02-08,3,5,133.0
2025-02-09,3,5,139.0
2025-02-10,3,5,136.0
2025-02-11,3,5,156.0
2025-02-12,3,5,169.0
2025-02-13,3,5,142.0
2025-02-14,3,5,141.0
2025-02-15,3,5,155.0
2025-02-16,3,5,138.0
2025-02-17,3,5,161.0
2025-02-18,3,5,168.0
2025-02-19,3,5,163.0
2025-02-20,3,5,157.0
2025-02-21,3,5,148.0
2025-02-22,3,5,119.0
2025-02-23,3,5,151.0
2025-02-24,3,5,152.0
2025-02-25,3,5,174.0
2025-02-26,3,5,172.0
2025-02-27,3,5,159.0
2025-02-28,3,5,151.0
2025-03-01,3,5,143.0
2025-03-02,3,5,158.0
2025-03-03,3,5,156.0
2025-03-04,3,5,170.0
2025-03-05,3,5,158.0
2025-03-06,3,5,162.0
2025-03-07,3,5,164.0
2025-03-08,3,5,147.0
2025-03-09,3,5,136.0
2025-03-10,3,5,148.0
2025-03-11,3,5,162.0
2025-03-12,3,5,181.0
2025-03-13,3,5,172.0
2025-03-14,3,5,119.0
2025-03-15,3,5,144.0
2025-03-16,3,5,149.0
2025-03-17,3,5,149.0
2025-03-18,3,5,166.0
2025-03-19,3,5,185.0
2025-03-20,3,5,169.0
2025-03-21,3,5,148.0
2025-03-22,3,5,144.0
2025-03-23,3,5,146.0
2025-03-24,3,5,162.0
2025-03-25,3,5,157.0
2025-03-26,3,5,167.0
2025-03-27,3,5,176.0
2025-03-28,3,5,153.0
2025-03-29,3,5,138.0
2025-03-30,3,5,141.0
2025-03-31,3,5,167.0
2025-04-01,3,5,166.0
2025-04-02,3,5,179.0
2025-04-03,3,5,160.0
2025-04-04,3,5,143.0
2025-04-05,3,5,148.0
2025-04-06,3,5,148.0
2025-04-07,3,5,167.0
2025-04-08,3,5,179.0
2025-04-09,3,5,170.0
2025-04-10,3,5,169.0
2025-04-11,3,5,150.0
2025-04-12,3,5,152.0
2025-04-13,3,5,151.0
2025-04-14,3,5,154.0
2025-04-15,3,5,164.0
2025-04-16,3,5,176.0
2025-04-17,3,5,177.0
2025-04-18,3,5,162.0
2025-04-19,3,5,136.0
2025-04-20,3,5,140.0
2025-04-21,3,5,152.0
2025-04-22,3,5,164.0
2025-04-23,3,5,155.0
2025-04-24,3,5,172.0
2025-04-25,3,5,148.0
2025-04-26,3,5,148.0
2025-04-27,3,5,144.0
2025-04-28,3,5,157.0
2025-04-29,3,5,162.0
2025-04-30,3,5,171.0
2025-05-01,3,5,155.0
2025-05-02,3,5,150.0
2025-05-03,3,5,156.0
2025-05-04,3,5,150.0
2025-05-05,3,5,159.0
2025-05-06,3,5,154.0
2025-05-07,3,5,175.0
2025-05-08,3,5,168.0
2025-05-09,3,5,151.0
2025-05-10,3,5,143.0
2025-05-11,3,5,142.0
2025-05-12,3,5,160.0
2025-05-13,3,5,178.0
2025-05-14,3,5,170.0
2025-05-15,3,5,150.0
2025-05-16,3,5,138.0
2025-05-17,3,5,145.0
2025-05-18,3,5,132.0
2025-05-19,3,5,154.0
2025-05-20,3,5,159.0
2025-05-21,3,5,155.0
2025-05-22,3,5,165.0
2025-05-23,3,5,151.0
2025-05-24,3,5,123.0
2025-05-25,3,5,143.0
2025-05-26,3,5,152.0
2025-05-27,3,5,168.0
2025-05-28,3,5,164.0
2025-05-29,3,5,168.0
2025-05-30,3,5,140.0
2025-05-31,3,5,131.0
2025-06-01,3,5,126.0
2025-06-02,3,5,137.0
2025-06-03,3,5,147.0
2025-06-04,3,5,161.0
2025-06-05,3,5,149.0
2025-06-06,3,5,142.0
2025-06-07,3,5,119.0
2025-06-08,3,5,124.0
2025-06-09,3,5,135.0
2025-06-10,3,5,175.0
2025-06-11,3,5,155.0
2025-06-12,3,5,147.0
2025-06-13,3,5,134.0
2025-06-14,3,5,142.0
2025-06-15,3,5,114.0
2025-06-16,3,5,139.0
2025-06-17,3,5,135.0
2025-06-18,3,5,130.0
2025-06-19,3,5,138.0
2025-06-20,3,5,136.0
2025-06-21,3,5,116.0
2025-06-22,3,5,130.0
2025-06-23,3,5,138.0
2025-06-24,3,5,146.0
2025-06-25,3,5,162.0
2025-06-26,3,5,136.0
2025-06-27,3,5,132.0
2025-06-28,3,5,103.0
2025-06-29,3,5,124.0
2025-06-30,3,5,131.0
2025-07-01,3,5,133.0
2025-07-02,3,5,150.0
2025-07-03,3,5,131.0
2025-07-04,3,5,142.0
2025-07-05,3,5,94.0
2025-07-06,3,5,122.0
2025-07-07,3,5,130.0
2025-07-08,3,5,138.0
2025-07-09,3,5,138.0
2025-07-10,3,5,135.0
2025-07-11,3,5,132.0
2025-07-12,3,5,98.0
2025-07-13,3,5,108.0
2025-07-14,3,5,117.0
2025-07-15,3,5,127.0
2025-07-16,3,5,143.0
2025-07-17,3,5,137.0
2025-07-18,3,5,129.0
2025-07-19,3,5,116.0
2025-07-20,3,5,119.0
2025-07-21,3,5,110.0
2025-07-22,3,5,148.0
2025-07-23,3,5,134.0
2025-07-24,3,5,138.0
2025-07-25,3,5,102.0
2025-07-26,3,5,105.0
2025-07-27,3,5,119.0
2025-07-28,3,5,121.0
2025-07-29,3,5,124.0
2025-07-30,3,5,146.0
2025-07-31,3,5,114.0
2025-08-01,3,5,112.0
2025-08-02,3,5,110.0
2025-08-03,3,5,127.0
2025-08-04,3,5,113.0
2025-08-05,3,5,125.0
2025-08-06,3,5,126.0
2025-08-07,3,5,125.0
2025-08-08,3,5,115.0
2025-08-09,3,5,112.0
2025-08-10,3,5,111.0
2025-08-11,3,5,110.0
2025-08-12,3,5,133.0
2025-08-13,3,5,129.0
2025-08-14,3,5,127.0
2025-08-15,3,5,115.0
2025-08-16,3,5,115.0
2025-08-17,3,5,98.0
2025-08-18,3,5,107.0
2025-08-19,3,5,127.0
2025-08-20,3,5,137.0
2025-08-21,3,5,118.0
2025-08-22,3,5,117.0
2025-08-23,3,5,103.0
2025-08-24,3,5,97.0
2025-08-25,3,5,116.0
2025-08-26,3,5,117.0
2025-08-27,3,5,126.0
2025-08-28,3,5,105.0
2025-08-29,3,5,102.0
2025-08-30,3,5,105.0
2025-08-31,3,5,105.0
2025-09-01,3,5,114.0
2025-09-02,3,5,122.0
2025-09-03,3,5,123.0
2025-09-04,3,5,102.0
2025-09-05,3,5,99.0
2025-09-06,3,5,95.0
2025-09-07,3,5,85.0
2025-09-08,3,5,90.0
2025-09-09,3,5,129.0
2025-09-10,3,5,121.0
2025-09-11,3,5,199.0384998124756
2025-09-12,3,5,183.4615737401949
2025-09-13,3,5,143.65387377769977
2025-09-14,3,5,157.50003028639375
2025-09-15,3,5,207.69234763040933
2025-09-16,3,5,193.84619112171538
2025-09-17,3,5,202.5000389396491
2025-09-18,3,5,105.0
2025-09-19,3,5,92.0
2025-09-20,3,5,102.0
2025-09-21,3,5,71.0
2025-09-22,3,5,101.0
2025-09-23,3,5,119.0
2025-09-24,3,5,135.0
2025-09-25,3,5,101.0
2025-09-26,3,5,87.0
2025-09-27,3,5,83.0
2025-09-28,3,5,101.0
2025-09-29,3,5,106.0
2025-09-30,3,5,103.0
2025-10-01,3,5,120.0
2025-10-02,3,5,126.0
2025-10-03,3,5,102.0
2025-10-04,3,5,93.0
2025-10-05,3,5,96.0
2025-10-06,3,5,109.0
2025-10-07,3,5,105.0
2025-10-08,3,5,117.0
2025-10-09,3,5,110.0
2025-10-10,3,5,95.0
2025-10-11,3,5,99.0
2025-10-12,3,5,89.0
2025-10-13,3,5,103.0
2025-10-14,3,5,105.0
2025-10-15,3,5,124.0
2025-10-16,3,5,122.0
2025-10-17,3,5,97.0
2025-10-18,3,5,101.0
2025-10-19,3,5,95.0
2025-10-20,3,5,83.0
2025-10-21,3,5,118.0
2025-10-22,3,5,120.0
2025-10-23,3,5,115.0
2025-10-24,3,5,104.0
2025-10-25,3,5,88.0
2025-10-26,3,5,112.0
2025-10-27,3,5,108.0
2025-10-28,3,5,118.0
2025-10-29,3,5,130.0
2025-10-30,3,5,116.0
2025-10-31,3,5,128.0
2025-11-01,3,5,94.0
2025-11-02,3,5,103.0
2025-11-03,3,5,104.0
2025-11-04,3,5,130.0
2025-11-05,3,5,128.0
2025-11-06,3,5,115.0
2025-11-07,3,5,97.0
2025-11-08,3,5,86.0
2025-11-09,3,5,106.0
2025-11-10,3,5,100.0
2025-11-11,3,5,137.0
2025-11-12,3,5,115.0
2025-11-13,3,5,118.0
2025-11-14,3,5,100.0
2025-11-15,3,5,101.0
2025-11-16,3,5,104.0
2025-11-17,3,5,120.0
2025-11-18,3,5,112.0
2025-11-19,3,5,123.0
2025-11-20,3,5,132.0
2025-11-21,3,5,117.0
2025-11-22,3,5,80.0
2025-11-23,3,5,111.0
2025-11-24,3,5,109.0
2025-11-25,3,5,124.0
2025-11-26,3,5,131.0
2025-11-27,3,5,141.0
2025-11-28,3,5,104.0
2025-11-29,3,5,93.0
2025-11-30,3,5,114.0
2025-12-01,3,5,121.0
2025-12-02,3,5,145.0
2025-12-03,3,5,133.0
2025-12-04,3,5,141.0
2025-12-05,3,5,117.0
2025-12-06,3,5,115.0
2025-12-07,3,5,129.0
2025-12-08,3,5,123.0
2025-12-09,3,5,146.0
2025-12-10,3,5,134.0
2025-12-11,3,5,135.0
2025-12-12,3,5,107.0
2025-12-13,3,5,109.0
2025-12-14,3,5,107.0
2025-12-15,3,5,140.0
2025-12-16,3,5,157.0
2025-12-17,3,5,140.0
2025-12-18,3,5,129.0
2025-12-19,3,5,112.0
2025-12-20,3,5,120.0
2025-12-21,3,5,115.0
2025-12-22,3,5,127.0
2025-12-23,3,5,159.0
2025-12-24,3,5,144.0
2025-12-25,3,5,145.0
2025-12-26,3,5,128.0
2025-12-27,3,5,108.0
2025-12-28,3,5,106.0
2025-12-29,3,5,140.0
2025-12-30,3,5,164.0
2024-01-01,4,1,66.0
2024-01-02,4,1,90.0
2024-01-03,4,1,89.0
2024-01-04,4,1,68.0
2024-01-05,4,1,62.0
2024-01-06,4,1,59.0
2024-01-07,4,1,62.0
2024-01-08,4,1,77.0
2024-01-09,4,1,80.0
2024-01-10,4,1,91.0
2024-01-11,4,1,91.0
2024-01-12,4,1,50.0
2024-01-13,4,1,60.0
2024-01-14,4,1,54.0
2024-01-15,4,1,78.0
2024-01-16,4,1,80.0
2024-01-17,4,1,95.0
2024-01-18,4,1,97.0
2024-01-19,4,1,66.0
2024-01-20,4,1,58.0
2024-01-21,4,1,64.0
2024-01-22,4,1,83.0
2024-01-23,4,1,86.0
2024-01-24,4,1,94.0
2024-01-25,4,1,83.0
2024-01-26,4,1,71.0
2024-01-27,4,1,69.0
2024-01-28,4,1,73.0
2024-01-29,4,1,72.0
2024-01-30,4,1,97.0
2024-01-31,4,1,120.0
2024-02-01,4,1,101.0
2024-02-02,4,1,72.0
2024-02-03,4,1,69.0
2024-02-04,4,1,71.0
2024-02-05,4,1,87.0
2024-02-06,4,1,94.0
2024-02-07,4,1,98.0
2024-02-08,4,1,87.0
2024-02-09,4,1,86.0
2024-02-10,4,1,72.0
2024-02-11,4,1,75.0
2024-02-12,4,1,94.0
2024-02-13,4,1,107.0
2024-02-14,4,1,109.0
2024-02-15,4,1,102.0
2024-02-16,4,1,91.0
2024-02-17,4,1,65.0
2024-02-18,4,1,73.0
2024-02-19,4,1,92.0
2024-02-20,4,1,94.0
2024-02-21,4,1,101.0
2024-02-22,4,1,96.0
2024-02-23,4,1,80.0
2024-02-24,4,1,73.0
2024-02-25,4,1,68.0
2024-02-26,4,1,88.0
2024-02-27,4,1,102.0
2024-02-28,4,1,116.0
2024-02-29,4,1,94.0
2024-03-01,4,1,78.0
2024-03-02,4,1,79.0
2024-03-03,4,1,55.0
2024-03-04,4,1,88.0
2024-03-05,4,1,99.0
2024-03-06,4,1,108.0
2024-03-07,4,1,106.0
2024-03-08,4,1,95.0
2024-03-09,4,1,77.0
2024-03-10,4,1,68.0
2024-03-11,4,1,87.0
2024-03-12,4,1,101.0
2024-03-13,4,1,109.0
2024-03-14,4,1,99.0
2024-03-15,4,1,80.0
2024-03-16,4,1,67.0
2024-03-17,4,1,73.0
2024-03-18,4,1,85.0
2024-03-19,4,1,116.0
2024-03-20,4,1,102.0
2024-03-21,4,1,99.0
2024-03-22,4,1,92.0
2024-03-23,4,1,78.0
2024-03-24,4,1,72.0
2024-03-25,4,1,99.0
2024-03-26,4,1,107.0
2024-03-27,4,1,93.0
2024-03-28,4,1,108.0
2024-03-29,4,1,92.0
2024-03-30,4,1,80.0
2024-03-31,4,1,92.0
2024-04-01,4,1,99.0
2024-04-02,4,1,113.0
2024-04-03,4,1,116.0
2024-04-04,4,1,105.0
2024-04-05,4,1,73.0
2024-04-06,4,1,66.0
2024-04-07,4,1,86.0
2024-04-08,4,1,102.0
2024-04-09,4,1,100.0
2024-04-10,4,1,101.0
2024-04-11,4,1,102.0
2024-04-12,4,1,76.0
2024-04-13,4,1,76.0
2024-04-14,4,1,78.0
2024-04-15,4,1,91.0
2024-04-16,4,1,118.0
2024-04-17,4,1,104.0
2024-04-18,4,1,100.0
2024-04-19,4,1,77.0
2024-04-20,4,1,84.0
2024-04-21,4,1,79.0
2024-04-22,4,1,101.0
2024-04-23,4,1,88.0
2024-04-24,4,1,107.0
2024-04-25,4,1,100.0
2024-04-26,4,1,92.0
2024-04-27,4,1,72.0
2024-04-28,4,1,85.0
2024-04-29,4,1,88.0
2024-04-30,4,1,105.0
2024-05-01,4,1,114.0
2024-05-02,4,1,92.0
2024-05-03,4,1,90.0
2024-05-04,4,1,78.0
2024-05-05,4,1,77.0
2024-05-06,4,1,87.0
2024-05-07,4,1,89.0
2024-05-08,4,1,106.0
2024-05-09,4,1,95.0
2024-05-10,4,1,88.0
2024-05-11,4,1,79.0
2024-05-12,4,1,86.0
2024-05-13,4,1,98.0
2024-05-14,4,1,125.0
2024-05-15,4,1,109.0
2024-05-16,4,1,91.0
2024-05-17,4,1,89.0
2024-05-18,4,1,85.0
2024-05-19,4,1,80.0
2024-05-20,4,1,74.0
2024-05-21,4,1,105.0
2024-05-22,4,1,100.0
2024-05-23,4,1,86.0
2024-05-24,4,1,83.0
2024-05-25,4,1,62.0
2024-05-26,4,1,83.0
2024-05-27,4,1,93.0
2024-05-28,4,1,100.0
2024-05-29,4,1,99.0
2024-05-30,4,1,93.0
2024-05-31,4,1,73.0
2024-06-01,4,1,71.0
2024-06-02,4,1,54.0
2024-06-03,4,1,87.0
2024-06-04,4,1,100.0
2024-06-05,4,1,108.0
2024-06-06,4,1,95.0
2024-06-07,4,1,86.0
2024-06-08,4,1,74.0
2024-06-09,4,1,80.0
2024-06-10,4,1,104.0
2024-06-11,4,1,100.0
2024-06-12,4,1,102.0
2024-06-13,4,1,100.0
2024-06-14,4,1,74.0
2024-06-15,4,1,68.0
2024-06-16,4,1,74.0
2024-06-17,4,1,84.0
2024-06-18,4,1,96.0
2024-06-19,4,1,105.0
2024-06-20,4,1,78.0
2024-06-21,4,1,90.0
2024-06-22,4,1,70.0
2024-06-23,4,1,67.0
2024-06-24,4,1,93.0
2024-06-25,4,1,95.0
2024-06-26,4,1,98.0
2024-06-27,4,1,87.0
2024-06-28,4,1,85.0
2024-06-29,4,1,65.0
2024-06-30,4,1,64.0
2024-07-01,4,1,87.0
2024-07-02,4,1,101.0
2024-07-03,4,1,107.0
2024-07-04,4,1,91.0
2024-07-05,4,1,81.0
2024-07-06,4,1,62.0
2024-07-07,4,1,74.0
2024-07-08,4,1,84.0
2024-07-09,4,1,95.0
2024-07-10,4,1,83.0
2024-07-11,4,1,82.0
2024-07-12,4,1,71.0
2024-07-13,4,1,66.0
2024-07-14,4,1,82.0
2024-07-15,4,1,83.0
2024-07-16,4,1,84.0
2024-07-17,4,1,89.0
2024-07-18,4,1,93.0
2024-07-19,4,1,66.0
2024-07-20,4,1,68.0
2024-07-21,4,1,64.0
2024-07-22,4,1,74.0
2024-07-23,4,1,84.0
2024-07-24,4,1,69.0
2024-07-25,4,1,86.0
2024-07-26,4,1,60.0
2024-07-27,4,1,49.0
2024-07-28,4,1,64.0
2024-07-29,4,1,81.0
2024-07-30,4,1,74.0
2024-07-31,4,1,96.0
2024-08-01,4,1,74.0
2024-08-02,4,1,71.0
2024-08-03,4,1,62.0
2024-08-04,4,1,59.0
2024-08-05,4,1,73.0
2024-08-06,4,1,82.0
2024-08-07,4,1,90.0
2024-08-08,4,1,81.0
2024-08-09,4,1,59.0
2024-08-10,4,1,47.0
2024-08-11,4,1,66.0
2024-08-12,4,1,73.0
2024-08-13,4,1,90.0
2024-08-14,4,1,82.0
2024-08-15,4,1,72.0
2024-08-16,4,1,57.0
2024-08-17,4,1,54.0
2024-08-18,4,1,60.0
2024-08-19,4,1,67.0
2024-08-20,4,1,94.0
2024-08-21,4,1,81.0
2024-08-22,4,1,79.0
2024-08-23,4,1,57.0
2024-08-24,4,1,50.0
2024-08-25,4,1,57.0
2024-08-26,4,1,64.0
2024-08-27,4,1,82.0
2024-08-28,4,1,88.0
2024-08-29,4,1,84.0
2024-08-30,4,1,55.0
2024-08-31,4,1,28.530479155987408
2024-09-01,4,1,29.04921514064172
2024-09-02,4,1,29.04921514064172
2024-09-03,4,1,73.0
2024-09-04,4,1,87.0
2024-09-05,4,1,66.0
2024-09-06,4,1,61.0
2024-09-07,4,1,38.0
2024-09-08,4,1,55.0
2024-09-09,4,1,54.0
2024-09-10,4,1,76.0
2024-09-11,4,1,80.0
2024-09-12,4,1,76.0
2024-09-13,4,1,59.0
2024-09-14,4,1,44.0
2024-09-15,4,1,47.0
2024-09-16,4,1,57.0
2024-09-17,4,1,82.0
2024-09-18,4,1,84.0
2024-09-19,4,1,79.0
2024-09-20,4,1,57.0
2024-09-21,4,1,40.0
2024-09-22,4,1,53.0
2024-09-23,4,1,68.0
2024-09-24,4,1,72.0
2024-09-25,4,1,76.0
2024-09-26,4,1,78.0
2024-09-27,4,1,62.0
2024-09-28,4,1,60.0
2024-09-29,4,1,67.0
2024-09-30,4,1,57.0
2024-10-01,4,1,77.0
2024-10-02,4,1,84.0
2024-10-03,4,1,77.0
2024-10-04,4,1,68.0
2024-10-05,4,1,58.0
2024-10-06,4,1,64.0
2024-10-07,4,1,69.0
2024-10-08,4,1,76.0
2024-10-09,4,1,97.0
2024-10-10,4,1,76.0
2024-10-11,4,1,60.0
2024-10-12,4,1,46.0
2024-10-13,4,1,57.0
2024-10-14,4,1,76.0
2024-10-15,4,1,78.0
2024-10-16,4,1,83.0
2024-10-17,4,1,78.0
2024-10-18,4,1,66.0
2024-10-19,4,1,52.0
2024-10-20,4,1,54.0
2024-10-21,4,1,66.0
2024-10-22,4,1,74.0
2024-10-23,4,1,80.0
2024-10-24,4,1,71.0
2024-10-25,4,1,52.0
2024-10-26,4,1,62.0
2024-10-27,4,1,60.0
2024-10-28,4,1,71.0
2024-10-29,4,1,92.0
2024-10-30,4,1,91.0
2024-10-31,4,1,72.0
2024-11-01,4,1,72.0
2024-11-02,4,1,63.0
2024-11-03,4,1,51.0
2024-11-04,4,1,78.0
2024-11-05,4,1,81.0
2024-11-06,4,1,94.0
2024-11-07,4,1,77.0
2024-11-08,4,1,62.0
2024-11-09,4,1,54.0
2024-11-10,4,1,54.0
2024-11-11,4,1,63.0
2024-11-12,4,1,68.0
2024-11-13,4,1,81.0
2024-11-14,4,1,99.0
2024-11-15,4,1,70.0
2024-11-16,4,1,72.0
2024-11-17,4,1,60.0
2024-11-18,4,1,71.0
2024-11-19,4,1,99.0
2024-11-20,4,1,93.0
2024-11-21,4,1,75.0
2024-11-22,4,1,73.0
2024-11-23,4,1,69.0
2024-11-24,4,1,54.0
2024-11-25,4,1,80.0
2024-11-26,4,1,79.0
2024-11-27,4,1,101.0
2024-11-28,4,1,86.0
2024-11-29,4,1,75.0
2024-11-30,4,1,61.0
2024-12-01,4,1,53.0
2024-12-02,4,1,75.0
2024-12-03,4,1,97.0
2024-12-04,4,1,108.0
2024-12-05,4,1,88.0
2024-12-06,4,1,67.0
2024-12-07,4,1,68.0
2024-12-08,4,1,73.0
2024-12-09,4,1,81.0
2024-12-10,4,1,93.0
2024-12-11,4,1,98.0
2024-12-12,4,1,88.0
2024-12-13,4,1,76.0
2024-12-14,4,1,79.0
2024-12-15,4,1,55.0
2024-12-16,4,1,80.0
2024-12-17,4,1,88.0
2024-12-18,4,1,106.0
2024-12-19,4,1,89.0
2024-12-20,4,1,80.0
2024-12-21,4,1,78.0
2024-12-22,4,1,64.0
2024-12-23,4,1,80.0
2024-12-24,4,1,106.0
2024-12-25,4,1,92.0
2024-12-26,4,1,88.0
2024-12-27,4,1,67.0
2024-12-28,4,1,80.0
2024-12-29,4,1,69.0
2024-12-30,4,1,89.0
2024-12-31,4,1,104.0
2025-01-01,4,1,97.0
2025-01-02,4,1,81.0
2025-01-03,4,1,79.0
2025-01-04,4,1,71.0
2025-01-05,4,1,75.0
2025-01-06,4,1,88.0
2025-01-07,4,1,98.0
2025-01-08,4,1,101.0
2025-01-09,4,1,98.0
2025-01-10,4,1,77.0
2025-01-11,4,1,74.0
2025-01-12,4,1,74.0
2025-01-13,4,1,92.0
2025-01-14,4,1,111.0
2025-01-15,4,1,115.0
2025-01-16,4,1,107.0
2025-01-17,4,1,82.0
2025-01-18,4,1,75.0
2025-01-19,4,1,71.0
2025-01-20,4,1,90.0
2025-01-21,4,1,103.0
2025-01-22,4,1,104.0
2025-01-23,4,1,96.0
2025-01-24,4,1,75.0
2025-01-25,4,1,69.0
2025-01-26,4,1,82.0
2025-01-27,4,1,95.0
2025-01-28,4,1,110.0
2025-01-29,4,1,109.0
2025-01-30,4,1,102.0
2025-01-31,4,1,97.0
2025-02-01,4,1,80.0
2025-02-02,4,1,79.0
2025-02-03,4,1,88.0
2025-02-04,4,1,115.0
2025-02-05,4,1,100.0
2025-02-06,4,1,98.0
2025-02-07,4,1,93.0
2025-02-08,4,1,69.0
2025-02-09,4,1,81.0
2025-02-10,4,1,99.0
2025-02-11,4,1,108.0
2025-02-12,4,1,107.0
2025-02-13,4,1,101.0
2025-02-14,4,1,98.0
2025-02-15,4,1,97.0
2025-02-16,4,1,88.0
2025-02-17,4,1,86.0
2025-02-18,4,1,116.0
2025-02-19,4,1,113.0
2025-02-20,4,1,99.0
2025-02-21,4,1,88.0
2025-02-22,4,1,80.0
2025-02-23,4,1,78.0
2025-02-24,4,1,101.0
2025-02-25,4,1,126.0
2025-02-26,4,1,109.0
2025-02-27,4,1,121.0
2025-02-28,4,1,96.0
2025-03-01,4,1,86.0
2025-03-02,4,1,87.0
2025-03-03,4,1,97.0
2025-03-04,4,1,117.0
2025-03-05,4,1,122.0
2025-03-06,4,1,93.0
2025-03-07,4,1,114.0
2025-03-08,4,1,75.0
2025-03-09,4,1,87.0
2025-03-10,4,1,85.0
2025-03-11,4,1,114.0
2025-03-12,4,1,116.0
2025-03-13,4,1,107.0
2025-03-14,4,1,99.0
2025-03-15,4,1,87.0
2025-03-16,4,1,95.0
2025-03-17,4,1,95.0
2025-03-18,4,1,117.0
2025-03-19,4,1,115.0
2025-03-20,4,1,109.0
2025-03-21,4,1,99.0
2025-03-22,4,1,86.0
2025-03-23,4,1,91.0
2025-03-24,4,1,97.0
2025-03-25,4,1,125.0
2025-03-26,4,1,125.0
2025-03-27,4,1,113.0
2025-03-28,4,1,96.0
2025-03-29,4,1,89.0
2025-03-30,4,1,100.0
2025-03-31,4,1,110.0
2025-04-01,4,1,125.0
2025-04-02,4,1,118.0
2025-04-03,4,1,115.0
2025-04-04,4,1,107.0
2025-04-05,4,1,83.0
2025-04-06,4,1,86.0
2025-04-07,4,1,107.0
2025-04-08,4,1,109.0
2025-04-09,4,1,108.0
2025-04-10,4,1,120.0
2025-04-11,4,1,108.0
2025-04-12,4,1,81.0
2025-04-13,4,1,83.0
2025-04-14,4,1,101.0
2025-04-15,4,1,126.0
2025-04-16,4,1,118.0
2025-04-17,4,1,113.0
2025-04-18,4,1,100.0
2025-04-19,4,1,91.0
2025-04-20,4,1,103.0
2025-04-21,4,1,100.0
2025-04-22,4,1,117.0
2025-04-23,4,1,122.0
2025-04-24,4,1,111.0
2025-04-25,4,1,89.0
2025-04-26,4,1,79.0
2025-04-27,4,1,82.0
2025-04-28,4,1,110.0
2025-04-29,4,1,111.0
2025-04-30,4,1,123.0
2025-05-01,4,1,112.0
2025-05-02,4,1,90.0
2025-05-03,4,1,82.0
2025-05-04,4,1,92.0
2025-05-05,4,1,104.0
2025-05-06,4,1,120.0
2025-05-07,4,1,116.0
2025-05-08,4,1,104.0
2025-05-09,4,1,97.0
2025-05-10,4,1,98.0
2025-05-11,4,1,77.0
2025-05-12,4,1,97.0
2025-05-13,4,1,119.0
2025-05-14,4,1,120.0
2025-05-15,4,1,114.0
2025-05-16,4,1,92.0
2025-05-17,4,1,75.0
2025-05-18,4,1,101.0
2025-05-19,4,1,109.0
2025-05-20,4,1,114.0
2025-05-21,4,1,111.0
2025-05-22,4,1,105.0
2025-05-23,4,1,96.0
2025-05-24,4,1,84.0
2025-05-25,4,1,88.0
2025-05-26,4,1,112.0
2025-05-27,4,1,119.0
2025-05-28,4,1,107.0
2025-05-29,4,1,107.0
2025-05-30,4,1,89.0
2025-05-31,4,1,86.0
2025-06-01,4,1,87.0
2025-06-02,4,1,120.0
2025-06-03,4,1,115.0
2025-06-04,4,1,113.0
2025-06-05,4,1,119.0
2025-06-06,4,1,93.0
2025-06-07,4,1,72.0
2025-06-08,4,1,85.0
2025-06-09,4,1,102.0
2025-06-10,4,1,113.0
2025-06-11,4,1,120.0
2025-06-12,4,1,105.0
2025-06-13,4,1,91.0
2025-06-14,4,1,71.0
2025-06-15,4,1,95.0
2025-06-16,4,1,94.0
2025-06-17,4,1,102.0
2025-06-18,4,1,130.0
2025-06-19,4,1,114.0
2025-06-20,4,1,85.0
2025-06-21,4,1,66.0
2025-06-22,4,1,77.0
2025-06-23,4,1,106.0
2025-06-24,4,1,108.0
2025-06-25,4,1,100.0
2025-06-26,4,1,106.0
2025-06-27,4,1,85.0
2025-06-28,4,1,74.0
2025-06-29,4,1,77.0
2025-06-30,4,1,102.0
2025-07-01,4,1,109.0
2025-07-02,4,1,98.0
2025-07-03,4,1,102.0
2025-07-04,4,1,86.0
2025-07-05,4,1,73.0
2025-07-06,4,1,77.0
2025-07-07,4,1,85.0
2025-07-08,4,1,99.0
2025-07-09,4,1,108.0
2025-07-10,4,1,96.0
2025-07-11,4,1,87.0
2025-07-12,4,1,69.0
2025-07-13,4,1,83.0
2025-07-14,4,1,99.0
2025-07-15,4,1,102.0
2025-07-16,4,1,109.0
2025-07-17,4,1,100.0
2025-07-18,4,1,79.0
2025-07-19,4,1,77.0
2025-07-20,4,1,60.0
2025-07-21,4,1,70.0
2025-07-22,4,1,98.0
2025-07-23,4,1,108.0
2025-07-24,4,1,94.0
2025-07-25,4,1,86.0
2025-07-26,4,1,63.0
2025-07-27,4,1,81.0
2025-07-28,4,1,19.96737815597842
2025-07-29,4,1,19.152383129203788
2025-07-30,4,1,21.801116966221333
2025-07-31,4,1,18.94863437251013
2025-08-01,4,1,16.707398048879902
2025-08-02,4,1,82.0
2025-08-03,4,1,75.0
2025-08-04,4,1,91.0
2025-08-05,4,1,89.0
2025-08-06,4,1,106.0
2025-08-07,4,1,103.0
2025-08-08,4,1,71.0
2025-08-09,4,1,67.0
2025-08-10,4,1,77.0
2025-08-11,4,1,87.0
2025-08-12,4,1,87.0
2025-08-13,4,1,100.0
2025-08-14,4,1,88.0
2025-08-15,4,1,70.0
2025-08-16,4,1,77.0
2025-08-17,4,1,71.0
2025-08-18,4,1,90.0
2025-08-19,4,1,87.0
2025-08-20,4,1,102.0
2025-08-21,4,1,97.0
2025-08-22,4,1,74.0
2025-08-23,4,1,63.0
2025-08-24,4,1,61.0
2025-08-25,4,1,76.0
2025-08-26,4,1,91.0
2025-08-27,4,1,90.0
2025-08-28,4,1,83.0
2025-08-29,4,1,76.0
2025-08-30,4,1,68.0
2025-08-31,4,1,77.0
2025-09-01,4,1,76.0
2025-09-02,4,1,94.0
2025-09-03,4,1,94.0
2025-09-04,4,1,84.0
2025-09-05,4,1,72.0
2025-09-06,4,1,64.0
2025-09-07,4,1,70.0
2025-09-08,4,1,78.0
2025-09-09,4,1,102.0
2025-09-10,4,1,84.0
2025-09-11,4,1,95.0
2025-09-12,4,1,71.0
2025-09-13,4,1,64.0
2025-09-14,4,1,68.0
2025-09-15,4,1,85.0
2025-09-16,4,1,87.0
2025-09-17,4,1,91.0
2025-09-18,4,1,91.0
2025-09-19,4,1,61.0
2025-09-20,4,1,64.0
2025-09-21,4,1,62.0
2025-09-22,4,1,73.0
2025-09-23,4,1,81.0
2025-09-24,4,1,101.0
2025-09-25,4,1,88.0
2025-09-26,4,1,69.0
2025-09-27,4,1,64.0
2025-09-28,4,1,60.0
2025-09-29,4,1,76.0
2025-09-30,4,1,91.0
2025-10-01,4,1,96.0
2025-10-02,4,1,90.0
2025-10-03,4,1,61.0
2025-10-04,4,1,68.0
2025-10-05,4,1,56.0
2025-10-06,4,1,84.0
2025-10-07,4,1,91.0
2025-10-08,4,1,104.0
2025-10-09,4,1,83.0
2025-10-10,4,1,79.0
2025-10-11,4,1,57.0
2025-10-12,4,1,69.0
2025-10-13,4,1,67.0
2025-10-14,4,1,100.0
2025-10-15,4,1,109.0
2025-10-16,4,1,83.0
2025-10-17,4,1,75.0
2025-10-18,4,1,69.0
2025-10-19,4,1,58.0
2025-10-20,4,1,77.0
2025-10-21,4,1,89.0
2025-10-22,4,1,114.0
2025-10-23,4,1,96.0
2025-10-24,4,1,74.0
2025-10-25,4,1,72.0
2025-10-26,4,1,72.0
2025-10-27,4,1,87.0
2025-10-28,4,1,88.0
2025-10-29,4,1,108.0
2025-10-30,4,1,85.0
2025-10-31,4,1,71.0
2025-11-01,4,1,72.0
2025-11-02,4,1,74.0
2025-11-03,4,1,84.0
2025-11-04,4,1,102.0
2025-11-05,4,1,92.0
2025-11-06,4,1,104.0
2025-11-07,4,1,74.0
2025-11-08,4,1,69.0
2025-11-09,4,1,86.0
2025-11-10,4,1,80.0
2025-11-11,4,1,105.0
2025-11-12,4,1,100.0
2025-11-13,4,1,87.0
2025-11-14,4,1,77.0
2025-11-15,4,1,75.0
2025-11-16,4,1,81.0
2025-11-17,4,1,88.0
2025-11-18,4,1,88.0
2025-11-19,4,1,107.0
2025-11-20,4,1,93.0
2025-11-21,4,1,73.0
2025-11-22,4,1,75.0
2025-11-23,4,1,84.0
2025-11-24,4,1,88.0
2025-11-25,4,1,108.0
2025-11-26,4,1,108.0
2025-11-27,4,1,99.0
2025-11-28,4,1,80.0
2025-11-29,4,1,80.0
2025-11-30,4,1,84.0
2025-12-01,4,1,96.0
2025-12-02,4,1,101.0
2025-12-03,4,1,113.0
2025-12-04,4,1,101.0
2025-12-05,4,1,78.0
2025-12-06,4,1,73.0
2025-12-07,4,1,76.0
2025-12-08,4,1,78.0
2025-12-09,4,1,112.0
2025-12-10,4,1,130.0
2025-12-11,4,1,108.0
2025-12-12,4,1,88.0
2025-12-13,4,1,74.0
2025-12-14,4,1,75.0
2025-12-15,4,1,95.0
2025-12-16,4,1,114.0
2025-12-17,4,1,105.0
2025-12-18,4,1,120.0
2025-12-19,4,1,79.0
2025-12-20,4,1,82.0
2025-12-21,4,1,84.0
2025-12-22,4,1,96.0
2025-12-23,4,1,105.0
2025-12-24,4,1,113.0
2025-12-25,4,1,101.0
2025-12-26,4,1,100.0
2025-12-27,4,1,94.0
2025-12-28,4,1,83.0
2025-12-29,4,1,87.0
2025-12-30,4,1,113.0
2024-01-01,4,2,92.0
2024-01-02,4,2,92.0
2024-01-03,4,2,80.0
2024-01-04,4,2,104.0
2024-01-05,4,2,85.0
2024-01-06,4,2,72.0
2024-01-07,4,2,72.0
2024-01-08,4,2,79.0
2024-01-09,4,2,80.0
2024-01-10,4,2,103.0
2024-01-11,4,2,91.0
2024-01-12,4,2,98.0
2024-01-13,4,2,100.0
2024-01-14,4,2,98.0
2024-01-15,4,2,100.0
2024-01-16,4,2,102.0
2024-01-17,4,2,98.0
2024-01-18,4,2,97.0
2024-01-19,4,2,100.0
2024-01-20,4,2,81.0
2024-01-21,4,2,93.0
2024-01-22,4,2,90.0
2024-01-23,4,2,116.0
2024-01-24,4,2,113.0
2024-01-25,4,2,126.0
2024-01-26,4,2,90.0
2024-01-27,4,2,89.0
2024-01-28,4,2,98.0
2024-01-29,4,2,95.0
2024-01-30,4,2,113.0
2024-01-31,4,2,109.0
2024-02-01,4,2,102.0
2024-02-02,4,2,115.0
2024-02-03,4,2,80.0
2024-02-04,4,2,108.0
2024-02-05,4,2,101.0
2024-02-06,4,2,121.0
2024-02-07,4,2,125.0
2024-02-08,4,2,86.0
2024-02-09,4,2,105.0
2024-02-10,4,2,105.0
2024-02-11,4,2,81.0
2024-02-12,4,2,113.0
2024-02-13,4,2,110.0
2024-02-14,4,2,104.0
2024-02-15,4,2,108.0
2024-02-16,4,2,102.0
2024-02-17,4,2,102.0
2024-02-18,4,2,112.0
2024-02-19,4,2,125.0
2024-02-20,4,2,118.0
2024-02-21,4,2,133.0
2024-02-22,4,2,107.0
2024-02-23,4,2,55.629351966428636
2024-02-24,4,2,64.82028837827336
2024-02-25,4,2,46.438415554583905
2024-02-26,4,2,48.373349536024904
2024-02-27,4,2,65.78775536899387
2024-02-28,4,2,60.95042041539138
2024-02-29,4,2,55.14561847106839
2024-03-01,4,2,104.0
2024-03-02,4,2,114.0
2024-03-03,4,2,117.0
2024-03-04,4,2,122.0
2024-03-05,4,2,112.0
2024-03-06,4,2,122.0
2024-03-07,4,2,117.0
2024-03-08,4,2,126.0
2024-03-09,4,2,105.0
2024-03-10,4,2,118.0
2024-03-11,4,2,151.0
2024-03-12,4,2,114.0
2024-03-13,4,2,120.0
2024-03-14,4,2,124.0
2024-03-15,4,2,89.0
2024-03-16,4,2,103.0
2024-03-17,4,2,123.0
2024-03-18,4,2,122.0
2024-03-19,4,2,140.0
2024-03-20,4,2,127.0
2024-03-21,4,2,123.0
2024-03-22,4,2,114.0
2024-03-23,4,2,115.0
2024-03-24,4,2,107.0
2024-03-25,4,2,123.0
2024-03-26,4,2,119.0
2024-03-27,4,2,117.0
2024-03-28,4,2,120.0
2024-03-29,4,2,127.0
2024-03-30,4,2,121.0
2024-03-31,4,2,128.0
2024-04-01,4,2,115.0
2024-04-02,4,2,129.0
2024-04-03,4,2,149.0
2024-04-04,4,2,143.0
2024-04-05,4,2,109.0
2024-04-06,4,2,109.0
2024-04-07,4,2,139.0
2024-04-08,4,2,130.0
2024-04-09,4,2,127.0
2024-04-10,4,2,127.0
2024-04-11,4,2,129.0
2024-04-12,4,2,125.0
2024-04-13,4,2,113.0
2024-04-14,4,2,118.0
2024-04-15,4,2,118.0
2024-04-16,4,2,130.0
2024-04-17,4,2,121.0
2024-04-18,4,2,112.0
2024-04-19,4,2,137.0
2024-04-20,4,2,117.0
2024-04-21,4,2,137.0
2024-04-22,4,2,102.0
2024-04-23,4,2,111.0
2024-04-24,4,2,133.0
2024-04-25,4,2,124.0
2024-04-26,4,2,107.0
2024-04-27,4,2,129.0
2024-04-28,4,2,108.0
2024-04-29,4,2,134.0
2024-04-30,4,2,124.0
2024-05-01,4,2,114.0
2024-05-02,4,2,115.0
2024-05-03,4,2,132.0
2024-05-04,4,2,111.0
2024-05-05,4,2,125.0
2024-05-06,4,2,134.0
2024-05-07,4,2,122.0
2024-05-08,4,2,121.0
2024-05-09,4,2,115.0
2024-05-10,4,2,119.0
2024-05-11,4,2,128.0
2024-05-12,4,2,99.0
2024-05-13,4,2,118.0
2024-05-14,4,2,122.0
2024-05-15,4,2,101.0
2024-05-16,4,2,107.0
2024-05-17,4,2,104.0
2024-05-18,4,2,116.0
2024-05-19,4,2,119.0
2024-05-20,4,2,92.0
2024-05-21,4,2,123.0
2024-05-22,4,2,122.0
2024-05-23,4,2,120.0
2024-05-24,4,2,110.0
2024-05-25,4,2,115.0
2024-05-26,4,2,118.0
2024-05-27,4,2,91.0
2024-05-28,4,2,112.0
2024-05-29,4,2,110.0
2024-05-30,4,2,103.0
2024-05-31,4,2,99.0
2024-06-01,4,2,103.0
2024-06-02,4,2,87.0
2024-06-03,4,2,112.0
2024-06-04,4,2,105.0
2024-06-05,4,2,118.0
2024-06-06,4,2,99.0
2024-06-07,4,2,93.0
2024-06-08,4,2,86.0
2024-06-09,4,2,90.0
2024-06-10,4,2,92.0
2024-06-11,4,2,109.0
2024-06-12,4,2,116.0
2024-06-13,4,2,105.0
2024-06-14,4,2,95.0
2024-06-15,4,2,97.0
2024-06-16,4,2,92.0
2024-06-17,4,2,96.0
2024-06-18,4,2,96.0
2024-06-19,4,2,109.0
2024-06-20,4,2,69.0
2024-06-21,4,2,68.0
2024-06-22,4,2,99.0
2024-06-23,4,2,86.0
2024-06-24,4,2,101.0
2024-06-25,4,2,89.0
2024-06-26,4,2,114.0
2024-06-27,4,2,90.0
2024-06-28,4,2,91.0
2024-06-29,4,2,78.0
2024-06-30,4,2,74.0
2024-07-01,4,2,68.0
2024-07-02,4,2,99.0
2024-07-03,4,2,95.0
2024-07-04,4,2,88.0
2024-07-05,4,2,69.0
2024-07-06,4,2,93.0
2024-07-07,4,2,80.0
2024-07-08,4,2,90.0
2024-07-09,4,2,86.0
2024-07-10,4,2,74.0
2024-07-11,4,2,93.0
2024-07-12,4,2,82.0
2024-07-13,4,2,72.0
2024-07-14,4,2,79.0
2024-07-15,4,2,86.0
2024-07-16,4,2,88.0
2024-07-17,4,2,63.0
2024-07-18,4,2,62.0
2024-07-19,4,2,80.0
2024-07-20,4,2,61.0
2024-07-21,4,2,58.0
2024-07-22,4,2,77.0
2024-07-23,4,2,65.0
2024-07-24,4,2,72.0
2024-07-25,4,2,83.0
2024-07-26,4,2,52.0
2024-07-27,4,2,50.0
2024-07-28,4,2,48.0
2024-07-29,4,2,59.0
2024-07-30,4,2,73.0
2024-07-31,4,2,66.0
2024-08-01,4,2,86.0
2024-08-02,4,2,69.0
2024-08-03,4,2,60.0
2024-08-04,4,2,75.0
2024-08-05,4,2,50.0
2024-08-06,4,2,78.0
2024-08-07,4,2,66.0
2024-08-08,4,2,61.0
2024-08-09,4,2,67.0
2024-08-10,4,2,52.0
2024-08-11,4,2,59.0
2024-08-12,4,2,60.0
2024-08-13,4,2,68.0
2024-08-14,4,2,60.0
2024-08-15,4,2,72.0
2024-08-16,4,2,35.0
2024-08-17,4,2,60.0
2024-08-18,4,2,33.0
2024-08-19,4,2,49.0
2024-08-20,4,2,67.0
2024-08-21,4,2,40.0
2024-08-22,4,2,61.0
2024-08-23,4,2,39.0
2024-08-24,4,2,40.0
2024-08-25,4,2,40.0
2024-08-26,4,2,40.0
2024-08-27,4,2,40.0
2024-08-28,4,2,82.0
2024-08-29,4,2,54.0
2024-08-30,4,2,38.0
2024-08-31,4,2,42.0
2024-09-01,4,2,49.0
2024-09-02,4,2,48.0
2024-09-03,4,2,43.0
2024-09-04,4,2,47.0
2024-09-05,4,2,67.0
2024-09-06,4,2,34.0
2024-09-07,4,2,24.0
2024-09-08,4,2,42.0
2024-09-09,4,2,30.0
2024-09-10,4,2,45.0
2024-09-11,4,2,42.0
2024-09-12,4,2,39.0
2024-09-13,4,2,48.0
2024-09-14,4,2,47.0
2024-09-15,4,2,36.0
2024-09-16,4,2,48.0
2024-09-17,4,2,44.0
2024-09-18,4,2,58.0
2024-09-19,4,2,35.0
2024-09-20,4,2,48.0
2024-09-21,4,2,46.0
2024-09-22,4,2,69.0
2024-09-23,4,2,29.0
2024-09-24,4,2,81.0
2024-09-25,4,2,62.0
2024-09-26,4,2,70.0
2024-09-27,4,2,55.0
2024-09-28,4,2,32.0
2024-09-29,4,2,51.0
2024-09-30,4,2,41.0
2024-10-01,4,2,51.0
2024-10-02,4,2,41.0
2024-10-03,4,2,43.0
2024-10-04,4,2,55.0
2024-10-05,4,2,47.0
2024-10-06,4,2,55.0
2024-10-07,4,2,33.0
2024-10-08,4,2,32.0
2024-10-09,4,2,66.0
2024-10-10,4,2,62.0
2024-10-11,4,2,49.0
2024-10-12,4,2,48.0
2024-10-13,4,2,54.0
2024-10-14,4,2,51.0
2024-10-15,4,2,59.0
2024-10-16,4,2,64.0
2024-10-17,4,2,51.0
2024-10-18,4,2,44.0
2024-10-19,4,2,49.0
2024-10-20,4,2,71.0
2024-10-21,4,2,41.0
2024-10-22,4,2,51.0
2024-10-23,4,2,38.0
2024-10-24,4,2,59.0
2024-10-25,4,2,44.0
2024-10-26,4,2,32.0
2024-10-27,4,2,47.0
2024-10-28,4,2,69.0
2024-10-29,4,2,53.0
2024-10-30,4,2,56.0
2024-10-31,4,2,72.0
2024-11-01,4,2,52.0
2024-11-02,4,2,36.0
2024-11-03,4,2,58.0
2024-11-04,4,2,67.0
2024-11-05,4,2,58.0
2024-11-06,4,2,63.0
2024-11-07,4,2,45.0
2024-11-08,4,2,45.0
2024-11-09,4,2,48.0
2024-11-10,4,2,54.0
2024-11-11,4,2,51.0
2024-11-12,4,2,59.0
2024-11-13,4,2,63.0
2024-11-14,4,2,51.0
2024-11-15,4,2,55.0
2024-11-16,4,2,68.0
2024-11-17,4,2,50.0
2024-11-18,4,2,52.0
2024-11-19,4,2,89.0
2024-11-20,4,2,70.0
2024-11-21,4,2,57.0
2024-11-22,4,2,68.0
2024-11-23,4,2,62.0
2024-11-24,4,2,54.0
2024-11-25,4,2,65.0
2024-11-26,4,2,67.0
2024-11-27,4,2,83.0
2024-11-28,4,2,77.0
2024-11-29,4,2,42.0
2024-11-30,4,2,84.0
2024-12-01,4,2,62.0
2024-12-02,4,2,88.0
2024-12-03,4,2,82.0
2024-12-04,4,2,79.0
2024-12-05,4,2,73.0
2024-12-06,4,2,100.0
2024-12-07,4,2,64.0
2024-12-08,4,2,62.0
2024-12-09,4,2,68.0
2024-12-10,4,2,79.0
2024-12-11,4,2,81.0
2024-12-12,4,2,89.0
2024-12-13,4,2,83.0
2024-12-14,4,2,80.0
2024-12-15,4,2,71.0
2024-12-16,4,2,86.0
2024-12-17,4,2,92.0
2024-12-18,4,2,85.0
2024-12-19,4,2,86.0
2024-12-20,4,2,88.0
2024-12-21,4,2,79.0
2024-12-22,4,2,82.0
2024-12-23,4,2,99.0
2024-12-24,4,2,91.0
2024-12-25,4,2,84.0
2024-12-26,4,2,73.0
2024-12-27,4,2,85.0
2024-12-28,4,2,78.0
2024-12-29,4,2,92.0
2024-12-30,4,2,105.0
2024-12-31,4,2,82.0
2025-01-01,4,2,86.0
2025-01-02,4,2,93.0
2025-01-03,4,2,80.0
2025-01-04,4,2,84.0
2025-01-05,4,2,83.0
2025-01-06,4,2,82.0
2025-01-07,4,2,107.0
2025-01-08,4,2,101.0
2025-01-09,4,2,118.0
2025-01-10,4,2,98.0
2025-01-11,4,2,105.0
2025-01-12,4,2,85.0
2025-01-13,4,2,90.0
2025-01-14,4,2,127.0
2025-01-15,4,2,98.0
2025-01-16,4,2,92.0
2025-01-17,4,2,86.0
2025-01-18,4,2,117.0
2025-01-19,4,2,95.0
2025-01-20,4,2,107.0
2025-01-21,4,2,109.0
2025-01-22,4,2,102.0
2025-01-23,4,2,104.0
2025-01-24,4,2,112.0
2025-01-25,4,2,88.0
2025-01-26,4,2,110.0
2025-01-27,4,2,123.0
2025-01-28,4,2,115.0
2025-01-29,4,2,128.0
2025-01-30,4,2,97.0
2025-01-31,4,2,88.0
2025-02-01,4,2,108.0
2025-02-02,4,2,100.0
2025-02-03,4,2,121.0
2025-02-04,4,2,113.0
2025-02-05,4,2,120.0
2025-02-06,4,2,117.0
2025-02-07,4,2,113.0
2025-02-08,4,2,103.0
2025-02-09,4,2,164.30024260127652
2025-02-10,4,2,193.39507722858593
2025-02-11,4,2,232.75867701847508
2025-02-12,4,2,196.81799894944587
2025-02-13,4,2,193.39507722858593
2025-02-14,4,2,200.24092067030577
2025-02-15,4,2,171.1460860429964
2025-02-16,4,2,125.0
2025-02-17,4,2,107.0
2025-02-18,4,2,121.0
2025-02-19,4,2,153.0
2025-02-20,4,2,111.0
2025-02-21,4,2,135.0
2025-02-22,4,2,117.0
2025-02-23,4,2,120.0
2025-02-24,4,2,114.0
2025-02-25,4,2,136.0
2025-02-26,4,2,124.0
2025-02-27,4,2,113.0
2025-02-28,4,2,137.0
2025-03-01,4,2,115.0
2025-03-02,4,2,100.0
2025-03-03,4,2,122.0
2025-03-04,4,2,138.0
2025-03-05,4,2,138.0
2025-03-06,4,2,121.0
2025-03-07,4,2,113.0
2025-03-08,4,2,106.0
2025-03-09,4,2,122.0
2025-03-10,4,2,129.0
2025-03-11,4,2,139.0
2025-03-12,4,2,131.0
2025-03-13,4,2,128.0
2025-03-14,4,2,123.0
2025-03-15,4,2,125.0
2025-03-16,4,2,123.0
2025-03-17,4,2,139.0
2025-03-18,4,2,137.0
2025-03-19,4,2,136.0
2025-03-20,4,2,131.0
2025-03-21,4,2,117.0
2025-03-22,4,2,124.0
2025-03-23,4,2,118.0
2025-03-24,4,2,134.0
2025-03-25,4,2,132.0
2025-03-26,4,2,153.0
2025-03-27,4,2,119.0
2025-03-28,4,2,94.0
2025-03-29,4,2,128.0
2025-03-30,4,2,119.0
2025-03-31,4,2,132.0
2025-04-01,4,2,121.0
2025-04-02,4,2,156.0
2025-04-03,4,2,129.0
2025-04-04,4,2,120.0
2025-04-05,4,2,145.0
2025-04-06,4,2,135.0
2025-04-07,4,2,145.0
2025-04-08,4,2,133.0
2025-04-09,4,2,136.0
2025-04-10,4,2,126.0
2025-04-11,4,2,120.0
2025-04-12,4,2,129.0
2025-04-13,4,2,121.0
2025-04-14,4,2,154.0
2025-04-15,4,2,143.0
2025-04-16,4,2,155.0
2025-04-17,4,2,107.0
2025-04-18,4,2,147.0
2025-04-19,4,2,98.0
2025-04-20,4,2,111.0
2025-04-21,4,2,109.0
2025-04-22,4,2,135.0
2025-04-23,4,2,133.0
2025-04-24,4,2,139.0
2025-04-25,4,2,124.0
2025-04-26,4,2,135.0
2025-04-27,4,2,112.0
2025-04-28,4,2,140.0
2025-04-29,4,2,130.0
2025-04-30,4,2,157.0
2025-05-01,4,2,137.0
2025-05-02,4,2,120.0
2025-05-03,4,2,119.0
2025-05-04,4,2,109.0
2025-05-05,4,2,128.0
2025-05-06,4,2,125.0
2025-05-07,4,2,137.0
2025-05-08,4,2,111.0
2025-05-09,4,2,117.0
2025-05-10,4,2,104.0
2025-05-11,4,2,106.0
2025-05-12,4,2,128.0
2025-05-13,4,2,137.0
2025-05-14,4,2,101.0
2025-05-15,4,2,143.0
2025-05-16,4,2,132.0
2025-05-17,4,2,99.0
2025-05-18,4,2,123.0
2025-05-19,4,2,113.0
2025-05-20,4,2,121.0
2025-05-21,4,2,129.0
2025-05-22,4,2,124.0
2025-05-23,4,2,108.0
2025-05-24,4,2,104.0
2025-05-25,4,2,105.0
2025-05-26,4,2,127.0
2025-05-27,4,2,98.0
2025-05-28,4,2,117.0
2025-05-29,4,2,132.0
2025-05-30,4,2,118.0
2025-05-31,4,2,118.0
2025-06-01,4,2,105.0
2025-06-02,4,2,98.0
2025-06-03,4,2,115.0
2025-06-04,4,2,107.0
2025-06-05,4,2,135.0
2025-06-06,4,2,104.0
2025-06-07,4,2,109.0
2025-06-08,4,2,121.0
2025-06-09,4,2,95.0
2025-06-10,4,2,85.0
2025-06-11,4,2,116.0
2025-06-12,4,2,114.0
2025-06-13,4,2,97.0
2025-06-14,4,2,85.0
2025-06-15,4,2,102.0
2025-06-16,4,2,102.0
2025-06-17,4,2,109.0
2025-06-18,4,2,94.0
2025-06-19,4,2,106.0
2025-06-20,4,2,106.0
2025-06-21,4,2,77.0
2025-06-22,4,2,110.0
2025-06-23,4,2,100.0
2025-06-24,4,2,110.0
2025-06-25,4,2,88.0
2025-06-26,4,2,105.0
2025-06-27,4,2,75.0
2025-06-28,4,2,78.0
2025-06-29,4,2,92.0
2025-06-30,4,2,90.0
2025-07-01,4,2,97.0
2025-07-02,4,2,118.0
2025-07-03,4,2,93.0
2025-07-04,4,2,95.0
2025-07-05,4,2,83.0
2025-07-06,4,2,83.0
2025-07-07,4,2,77.0
2025-07-08,4,2,96.0
2025-07-09,4,2,119.0
2025-07-10,4,2,89.0
2025-07-11,4,2,80.0
2025-07-12,4,2,92.0
2025-07-13,4,2,91.0
2025-07-14,4,2,88.0
2025-07-15,4,2,84.0
2025-07-16,4,2,100.0
2025-07-17,4,2,85.0
2025-07-18,4,2,88.0
2025-07-19,4,2,66.0
2025-07-20,4,2,69.0
2025-07-21,4,2,80.0
2025-07-22,4,2,69.0
2025-07-23,4,2,79.0
2025-07-24,4,2,66.0
2025-07-25,4,2,57.0
2025-07-26,4,2,97.0
2025-07-27,4,2,64.0
2025-07-28,4,2,69.0
2025-07-29,4,2,79.0
2025-07-30,4,2,67.0
2025-07-31,4,2,70.0
2025-08-01,4,2,90.0
2025-08-02,4,2,70.0
2025-08-03,4,2,77.0
2025-08-04,4,2,87.0
2025-08-05,4,2,76.0
2025-08-06,4,2,72.0
2025-08-07,4,2,56.0
2025-08-08,4,2,62.0
2025-08-09,4,2,61.0
2025-08-10,4,2,54.0
2025-08-11,4,2,83.0
2025-08-12,4,2,82.0
2025-08-13,4,2,82.0
2025-08-14,4,2,66.0
2025-08-15,4,2,51.0
2025-08-16,4,2,73.0
2025-08-17,4,2,63.0
2025-08-18,4,2,72.0
2025-08-19,4,2,74.0
2025-08-20,4,2,71.0
2025-08-21,4,2,86.0
2025-08-22,4,2,52.0
2025-08-23,4,2,52.0
2025-08-24,4,2,74.0
2025-08-25,4,2,61.0
2025-08-26,4,2,63.0
2025-08-27,4,2,62.0
2025-08-28,4,2,69.0
2025-08-29,4,2,54.0
2025-08-30,4,2,49.0
2025-08-31,4,2,61.0
2025-09-01,4,2,59.0
2025-09-02,4,2,51.0
2025-09-03,4,2,63.0
2025-09-04,4,2,74.0
2025-09-05,4,2,63.0
2025-09-06,4,2,67.0
2025-09-07,4,2,44.0
2025-09-08,4,2,67.0
2025-09-09,4,2,53.0
2025-09-10,4,2,47.0
2025-09-11,4,2,49.0
2025-09-12,4,2,54.0
2025-09-13,4,2,61.0
2025-09-14,4,2,54.0
2025-09-15,4,2,53.0
2025-09-16,4,2,47.0
2025-09-17,4,2,67.0
2025-09-18,4,2,67.0
2025-09-19,4,2,55.0
2025-09-20,4,2,37.0
2025-09-21,4,2,58.0
2025-09-22,4,2,67.0
2025-09-23,4,2,74.0
2025-09-24,4,2,54.0
2025-09-25,4,2,60.0
2025-09-26,4,2,45.0
2025-09-27,4,2,38.0
2025-09-28,4,2,66.0
2025-09-29,4,2,59.0
2025-09-30,4,2,71.0
2025-10-01,4,2,45.0
2025-10-02,4,2,59.0
2025-10-03,4,2,56.0
2025-10-04,4,2,39.0
2025-10-05,4,2,65.0
2025-10-06,4,2,51.0
2025-10-07,4,2,63.0
2025-10-08,4,2,53.0
2025-10-09,4,2,43.0
2025-10-10,4,2,61.0
2025-10-11,4,2,53.0
2025-10-12,4,2,52.0
2025-10-13,4,2,51.0
2025-10-14,4,2,62.0
2025-10-15,4,2,74.0
2025-10-16,4,2,50.0
2025-10-17,4,2,59.0
2025-10-18,4,2,52.0
2025-10-19,4,2,49.0
2025-10-20,4,2,38.0
2025-10-21,4,2,60.0
2025-10-22,4,2,69.0
2025-10-23,4,2,62.0
2025-10-24,4,2,39.0
2025-10-25,4,2,65.0
2025-10-26,4,2,71.0
2025-10-27,4,2,56.0
2025-10-28,4,2,87.0
2025-10-29,4,2,55.0
2025-10-30,4,2,47.0
2025-10-31,4,2,46.0
2025-11-01,4,2,57.0
2025-11-02,4,2,36.0
2025-11-03,4,2,57.0
2025-11-04,4,2,96.0
2025-11-05,4,2,50.0
2025-11-06,4,2,58.0
2025-11-07,4,2,48.0
2025-11-08,4,2,54.0
2025-11-09,4,2,54.0
2025-11-10,4,2,56.0
2025-11-11,4,2,66.0
2025-11-12,4,2,76.0
2025-11-13,4,2,82.0
2025-11-14,4,2,59.0
2025-11-15,4,2,60.0
2025-11-16,4,2,67.0
2025-11-17,4,2,53.0
2025-11-18,4,2,69.0
2025-11-19,4,2,67.0
2025-11-20,4,2,81.0
2025-11-21,4,2,85.0
2025-11-22,4,2,55.0
2025-11-23,4,2,79.0
2025-11-24,4,2,54.0
2025-11-25,4,2,77.0
2025-11-26,4,2,79.0
2025-11-27,4,2,58.0
2025-11-28,4,2,61.0
2025-11-29,4,2,58.0
2025-11-30,4,2,55.0
2025-12-01,4,2,45.0
2025-12-02,4,2,77.0
2025-12-03,4,2,80.0
2025-12-04,4,2,77.0
2025-12-05,4,2,83.0
2025-12-06,4,2,51.0
2025-12-07,4,2,70.0
2025-12-08,4,2,106.0
2025-12-09,4,2,93.0
2025-12-10,4,2,95.0
2025-12-11,4,2,72.0
2025-12-12,4,2,77.0
2025-12-13,4,2,52.0
2025-12-14,4,2,85.0
2025-12-15,4,2,98.0
2025-12-16,4,2,73.0
2025-12-17,4,2,77.0
2025-12-18,4,2,87.0
2025-12-19,4,2,85.0
2025-12-20,4,2,76.0
2025-12-21,4,2,74.0
2025-12-22,4,2,79.0
2025-12-23,4,2,93.0
2025-12-24,4,2,101.0
2025-12-25,4,2,92.0
2025-12-26,4,2,87.0
2025-12-27,4,2,67.0
2025-12-28,4,2,97.0
2025-12-29,4,2,92.0
2025-12-30,4,2,93.0
2024-01-01,4,3,97.0
2024-01-02,4,3,104.0
2024-01-03,4,3,94.0
2024-01-04,4,3,103.0
2024-01-05,4,3,90.0
2024-01-06,4,3,83.0
2024-01-07,4,3,92.0
2024-01-08,4,3,104.0
2024-01-09,4,3,129.0
2024-01-10,4,3,117.0
2024-01-11,4,3,116.0
2024-01-12,4,3,112.0
2024-01-13,4,3,85.0
2024-01-14,4,3,92.0
2024-01-15,4,3,93.0
2024-01-16,4,3,104.0
2024-01-17,4,3,109.0
2024-01-18,4,3,101.0
2024-01-19,4,3,104.0
2024-01-20,4,3,102.0
2024-01-21,4,3,84.0
2024-01-22,4,3,103.0
2024-01-23,4,3,111.0
2024-01-24,4,3,100.0
2024-01-25,4,3,103.0
2024-01-26,4,3,115.0
2024-01-27,4,3,110.0
2024-01-28,4,3,83.0
2024-01-29,4,3,116.0
2024-01-30,4,3,101.0
2024-01-31,4,3,116.0
2024-02-01,4,3,114.0
2024-02-02,4,3,117.0
2024-02-03,4,3,101.0
2024-02-04,4,3,93.0
2024-02-05,4,3,99.0
2024-02-06,4,3,123.0
2024-02-07,4,3,116.0
2024-02-08,4,3,114.0
2024-02-09,4,3,122.0
2024-02-10,4,3,111.0
2024-02-11,4,3,127.0
2024-02-12,4,3,104.0
2024-02-13,4,3,115.0
2024-02-14,4,3,128.0
2024-02-15,4,3,143.0
2024-02-16,4,3,104.0
2024-02-17,4,3,109.0
2024-02-18,4,3,126.0
2024-02-19,4,3,119.0
2024-02-20,4,3,138.0
2024-02-21,4,3,151.0
2024-02-22,4,3,127.0
2024-02-23,4,3,121.0
2024-02-24,4,3,120.0
2024-02-25,4,3,102.0
2024-02-26,4,3,103.0
2024-02-27,4,3,130.0
2024-02-28,4,3,123.0
2024-02-29,4,3,138.0
2024-03-01,4,3,121.0
2024-03-02,4,3,125.0
2024-03-03,4,3,101.0
2024-03-04,4,3,134.0
2024-03-05,4,3,103.0
2024-03-06,4,3,119.0
2024-03-07,4,3,135.0
2024-03-08,4,3,113.0
2024-03-09,4,3,110.0
2024-03-10,4,3,118.0
2024-03-11,4,3,141.0
2024-03-12,4,3,109.0
2024-03-13,4,3,148.0
2024-03-14,4,3,144.0
2024-03-15,4,3,115.0
2024-03-16,4,3,108.0
2024-03-17,4,3,116.0
2024-03-18,4,3,117.0
2024-03-19,4,3,137.0
2024-03-20,4,3,140.0
2024-03-21,4,3,111.0
2024-03-22,4,3,111.0
2024-03-23,4,3,103.0
2024-03-24,4,3,121.0
2024-03-25,4,3,137.0
2024-03-26,4,3,121.0
2024-03-27,4,3,146.0
2024-03-28,4,3,120.0
2024-03-29,4,3,131.0
2024-03-30,4,3,114.0
2024-03-31,4,3,114.0
2024-04-01,4,3,140.0
2024-04-02,4,3,155.0
2024-04-03,4,3,113.0
2024-04-04,4,3,138.0
2024-04-05,4,3,125.0
2024-04-06,4,3,125.0
2024-04-07,4,3,102.0
2024-04-08,4,3,176.767952907715
2024-04-09,4,3,195.3751058453692
2024-04-10,4,3,215.53285486116127
2024-04-11,4,3,189.1727215328178
2024-04-12,4,3,119.0
2024-04-13,4,3,127.0
2024-04-14,4,3,144.0
2024-04-15,4,3,136.0
2024-04-16,4,3,144.0
2024-04-17,4,3,134.0
2024-04-18,4,3,120.0
2024-04-19,4,3,118.0
2024-04-20,4,3,116.0
2024-04-21,4,3,105.0
2024-04-22,4,3,136.0
2024-04-23,4,3,151.0
2024-04-24,4,3,137.0
2024-04-25,4,3,143.0
2024-04-26,4,3,136.0
2024-04-27,4,3,104.0
2024-04-28,4,3,97.0
2024-04-29,4,3,119.0
2024-04-30,4,3,134.0
2024-05-01,4,3,120.0
2024-05-02,4,3,146.0
2024-05-03,4,3,144.0
2024-05-04,4,3,117.0
2024-05-05,4,3,105.0
2024-05-06,4,3,130.0
2024-05-07,4,3,120.0
2024-05-08,4,3,146.0
2024-05-09,4,3,125.0
2024-05-10,4,3,128.0
2024-05-11,4,3,125.0
2024-05-12,4,3,122.0
2024-05-13,4,3,144.0
2024-05-14,4,3,132.0
2024-05-15,4,3,125.0
2024-05-16,4,3,101.0
2024-05-17,4,3,90.0
2024-05-18,4,3,120.0
2024-05-19,4,3,111.0
2024-05-20,4,3,111.0
2024-05-21,4,3,115.0
2024-05-22,4,3,138.0
2024-05-23,4,3,112.0
2024-05-24,4,3,135.0
2024-05-25,4,3,138.0
2024-05-26,4,3,101.0
2024-05-27,4,3,127.0
2024-05-28,4,3,131.0
2024-05-29,4,3,116.0
2024-05-30,4,3,110.0
2024-05-31,4,3,112.0
2024-06-01,4,3,94.0
2024-06-02,4,3,122.0
2024-06-03,4,3,114.0
2024-06-04,4,3,110.0
2024-06-05,4,3,124.0
2024-06-06,4,3,125.0
2024-06-07,4,3,102.0
2024-06-08,4,3,82.0
2024-06-09,4,3,109.0
2024-06-10,4,3,100.0
2024-06-11,4,3,112.0
2024-06-12,4,3,128.0
2024-06-13,4,3,110.0
2024-06-14,4,3,107.0
2024-06-15,4,3,120.0
2024-06-16,4,3,100.0
2024-06-17,4,3,136.0
2024-06-18,4,3,127.0
2024-06-19,4,3,109.0
2024-06-20,4,3,109.0
2024-06-21,4,3,91.0
2024-06-22,4,3,108.0
2024-06-23,4,3,118.0
2024-06-24,4,3,105.0
2024-06-25,4,3,94.0
2024-06-26,4,3,122.0
2024-06-27,4,3,102.0
2024-06-28,4,3,95.0
2024-06-29,4,3,102.0
2024-06-30,4,3,114.0
2024-07-01,4,3,115.0
2024-07-02,4,3,118.0
2024-07-03,4,3,113.0
2024-07-04,4,3,94.0
2024-07-05,4,3,105.0
2024-07-06,4,3,104.0
2024-07-07,4,3,90.0
2024-07-08,4,3,99.0
2024-07-09,4,3,124.0
2024-07-10,4,3,107.0
2024-07-11,4,3,103.0
2024-07-12,4,3,97.0
2024-07-13,4,3,100.0
2024-07-14,4,3,97.0
2024-07-15,4,3,104.0
2024-07-16,4,3,126.0
2024-07-17,4,3,105.0
2024-07-18,4,3,93.0
2024-07-19,4,3,108.0
2024-07-20,4,3,93.0
2024-07-21,4,3,84.0
2024-07-22,4,3,94.0
2024-07-23,4,3,90.0
2024-07-24,4,3,110.0
2024-07-25,4,3,84.0
2024-07-26,4,3,101.0
2024-07-27,4,3,81.0
2024-07-28,4,3,72.0
2024-07-29,4,3,109.0
2024-07-30,4,3,130.0
2024-07-31,4,3,110.0
2024-08-01,4,3,96.0
2024-08-02,4,3,79.0
2024-08-03,4,3,88.0
2024-08-04,4,3,94.0
2024-08-05,4,3,94.0
2024-08-06,4,3,111.0
2024-08-07,4,3,120.0
2024-08-08,4,3,82.0
2024-08-09,4,3,92.0
2024-08-10,4,3,60.0
2024-08-11,4,3,75.0
2024-08-12,4,3,25.981909065509655
2024-08-13,4,3,25.462270884199462
2024-08-14,4,3,21.04534634306282
2024-08-15,4,3,27.80064270009533
2024-08-16,4,3,80.0
2024-08-17,4,3,91.0
2024-08-18,4,3,89.0
2024-08-19,4,3,80.0
2024-08-20,4,3,107.0
2024-08-21,4,3,102.0
2024-08-22,4,3,95.0
2024-08-23,4,3,79.0
2024-08-24,4,3,66.0
2024-08-25,4,3,76.0
2024-08-26,4,3,83.0
2024-08-27,4,3,106.0
2024-08-28,4,3,78.0
2024-08-29,4,3,109.0
2024-08-30,4,3,102.0
2024-08-31,4,3,71.0
2024-09-01,4,3,96.0
2024-09-02,4,3,75.0
2024-09-03,4,3,108.0
2024-09-04,4,3,86.0
2024-09-05,4,3,103.0
2024-09-06,4,3,65.0
2024-09-07,4,3,90.0
2024-09-08,4,3,94.0
2024-09-09,4,3,69.0
2024-09-10,4,3,114.0
2024-09-11,4,3,107.0
2024-09-12,4,3,66.0
2024-09-13,4,3,76.0
2024-09-14,4,3,89.0
2024-09-15,4,3,87.0
2024-09-16,4,3,87.0
2024-09-17,4,3,104.0
2024-09-18,4,3,84.0
2024-09-19,4,3,90.0
2024-09-20,4,3,71.0
2024-09-21,4,3,78.0
2024-09-22,4,3,90.0
2024-09-23,4,3,95.0
2024-09-24,4,3,95.0
2024-09-25,4,3,106.0
2024-09-26,4,3,102.0
2024-09-27,4,3,103.0
2024-09-28,4,3,90.0
2024-09-29,4,3,86.0
2024-09-30,4,3,97.0
2024-10-01,4,3,96.0
2024-10-02,4,3,91.0
2024-10-03,4,3,100.0
2024-10-04,4,3,91.0
2024-10-05,4,3,80.0
2024-10-06,4,3,76.0
2024-10-07,4,3,83.0
2024-10-08,4,3,89.0
2024-10-09,4,3,110.0
2024-10-10,4,3,104.0
2024-10-11,4,3,96.0
2024-10-12,4,3,65.0
2024-10-13,4,3,75.0
2024-10-14,4,3,84.0
2024-10-15,4,3,87.0
2024-10-16,4,3,118.0
2024-10-17,4,3,96.0
2024-10-18,4,3,87.0
2024-10-19,4,3,73.0
2024-10-20,4,3,91.0
2024-10-21,4,3,114.0
2024-10-22,4,3,96.0
2024-10-23,4,3,95.0
2024-10-24,4,3,92.0
2024-10-25,4,3,81.0
2024-10-26,4,3,80.0
2024-10-27,4,3,75.0
2024-10-28,4,3,79.0
2024-10-29,4,3,97.0
2024-10-30,4,3,100.0
2024-10-31,4,3,91.0
2024-11-01,4,3,104.0
2024-11-02,4,3,87.0
2024-11-03,4,3,92.0
2024-11-04,4,3,100.0
2024-11-05,4,3,100.0
2024-11-06,4,3,104.0
2024-11-07,4,3,86.0
2024-11-08,4,3,96.0
2024-11-09,4,3,80.0
2024-11-10,4,3,78.0
2024-11-11,4,3,109.0
2024-11-12,4,3,85.0
2024-11-13,4,3,124.0
2024-11-14,4,3,118.0
2024-11-15,4,3,88.0
2024-11-16,4,3,107.0
2024-11-17,4,3,78.0
2024-11-18,4,3,108.0
2024-11-19,4,3,104.0
2024-11-20,4,3,84.0
2024-11-21,4,3,94.0
2024-11-22,4,3,91.0
2024-11-23,4,3,98.0
2024-11-24,4,3,85.0
2024-11-25,4,3,95.0
2024-11-26,4,3,113.0
2024-11-27,4,3,114.0
2024-11-28,4,3,103.0
2024-11-29,4,3,93.0
2024-11-30,4,3,103.0
2024-12-01,4,3,90.0
2024-12-02,4,3,87.0
2024-12-03,4,3,105.0
2024-12-04,4,3,118.0
2024-12-05,4,3,105.0
2024-12-06,4,3,93.0
2024-12-07,4,3,80.0
2024-12-08,4,3,95.0
2024-12-09,4,3,107.0
2024-12-10,4,3,100.0
2024-12-11,4,3,112.0
2024-12-12,4,3,97.0
2024-12-13,4,3,101.0
2024-12-14,4,3,118.0
2024-12-15,4,3,102.0
2024-12-16,4,3,89.0
2024-12-17,4,3,120.0
2024-12-18,4,3,134.0
2024-12-19,4,3,97.0
2024-12-20,4,3,93.0
2024-12-21,4,3,104.0
2024-12-22,4,3,102.0
2024-12-23,4,3,126.0
2024-12-24,4,3,117.0
2024-12-25,4,3,131.0
2024-12-26,4,3,135.0
2024-12-27,4,3,99.0
2024-12-28,4,3,113.0
2024-12-29,4,3,102.0
2024-12-30,4,3,88.0
2024-12-31,4,3,128.0
2025-01-01,4,3,132.0
2025-01-02,4,3,102.0
2025-01-03,4,3,107.0
2025-01-04,4,3,100.0
2025-01-05,4,3,120.0
2025-01-06,4,3,99.0
2025-01-07,4,3,127.0
2025-01-08,4,3,100.0
2025-01-09,4,3,128.0
2025-01-10,4,3,117.0
2025-01-11,4,3,105.0
2025-01-12,4,3,130.0
2025-01-13,4,3,90.0
2025-01-14,4,3,129.0
2025-01-15,4,3,146.0
2025-01-16,4,3,128.0
2025-01-17,4,3,135.0
2025-01-18,4,3,109.0
2025-01-19,4,3,115.0
2025-01-20,4,3,139.0
2025-01-21,4,3,143.0
2025-01-22,4,3,163.0
2025-01-23,4,3,131.0
2025-01-24,4,3,124.0
2025-01-25,4,3,112.0
2025-01-26,4,3,117.0
2025-01-27,4,3,140.0
2025-01-28,4,3,135.0
2025-01-29,4,3,128.0
2025-01-30,4,3,128.0
2025-01-31,4,3,124.0
2025-02-01,4,3,112.0
2025-02-02,4,3,117.0
2025-02-03,4,3,119.0
2025-02-04,4,3,133.0
2025-02-05,4,3,154.0
2025-02-06,4,3,136.0
2025-02-07,4,3,157.0
2025-02-08,4,3,114.0
2025-02-09,4,3,131.0
2025-02-10,4,3,136.0
2025-02-11,4,3,149.0
2025-02-12,4,3,136.0
2025-02-13,4,3,134.0
2025-02-14,4,3,135.0
2025-02-15,4,3,120.0
2025-02-16,4,3,107.0
2025-02-17,4,3,151.0
2025-02-18,4,3,154.0
2025-02-19,4,3,141.0
2025-02-20,4,3,143.0
2025-02-21,4,3,145.0
2025-02-22,4,3,144.0
2025-02-23,4,3,132.0
2025-02-24,4,3,131.0
2025-02-25,4,3,163.0
2025-02-26,4,3,149.0
2025-02-27,4,3,141.0
2025-02-28,4,3,138.0
2025-03-01,4,3,144.0
2025-03-02,4,3,132.0
2025-03-03,4,3,152.0
2025-03-04,4,3,145.0
2025-03-05,4,3,157.0
2025-03-06,4,3,133.0
2025-03-07,4,3,149.0
2025-03-08,4,3,124.0
2025-03-09,4,3,139.0
2025-03-10,4,3,124.0
2025-03-11,4,3,149.0
2025-03-12,4,3,153.0
2025-03-13,4,3,138.0
2025-03-14,4,3,137.0
2025-03-15,4,3,136.0
2025-03-16,4,3,142.0
2025-03-17,4,3,144.0
2025-03-18,4,3,166.0
2025-03-19,4,3,166.0
2025-03-20,4,3,147.0
2025-03-21,4,3,124.0
2025-03-22,4,3,129.0
2025-03-23,4,3,110.0
2025-03-24,4,3,142.0
2025-03-25,4,3,168.0
2025-03-26,4,3,163.0
2025-03-27,4,3,149.0
2025-03-28,4,3,131.0
2025-03-29,4,3,136.0
2025-03-30,4,3,162.0
2025-03-31,4,3,162.0
2025-04-01,4,3,150.0
2025-04-02,4,3,136.0
2025-04-03,4,3,175.0
2025-04-04,4,3,132.0
2025-04-05,4,3,142.0
2025-04-06,4,3,119.0
2025-04-07,4,3,141.0
2025-04-08,4,3,133.0
2025-04-09,4,3,140.0
2025-04-10,4,3,138.0
2025-04-11,4,3,146.0
2025-04-12,4,3,134.0
2025-04-13,4,3,169.0
2025-04-14,4,3,158.0
2025-04-15,4,3,166.0
2025-04-16,4,3,160.0
2025-04-17,4,3,152.0
2025-04-18,4,3,154.0
2025-04-19,4,3,107.0
2025-04-20,4,3,129.0
2025-04-21,4,3,128.0
2025-04-22,4,3,129.0
2025-04-23,4,3,144.0
2025-04-24,4,3,134.0
2025-04-25,4,3,154.0
2025-04-26,4,3,135.0
2025-04-27,4,3,112.0
2025-04-28,4,3,147.0
2025-04-29,4,3,138.0
2025-04-30,4,3,153.0
2025-05-01,4,3,151.0
2025-05-02,4,3,129.0
2025-05-03,4,3,136.0
2025-05-04,4,3,140.0
2025-05-05,4,3,140.0
2025-05-06,4,3,141.0
2025-05-07,4,3,151.0
2025-05-08,4,3,144.0
2025-05-09,4,3,141.0
2025-05-10,4,3,129.0
2025-05-11,4,3,119.0
2025-05-12,4,3,138.0
2025-05-13,4,3,152.0
2025-05-14,4,3,151.0
2025-05-15,4,3,143.0
2025-05-16,4,3,130.0
2025-05-17,4,3,124.0
2025-05-18,4,3,126.0
2025-05-19,4,3,152.0
2025-05-20,4,3,135.0
2025-05-21,4,3,148.0
2025-05-22,4,3,127.0
2025-05-23,4,3,143.0
2025-05-24,4,3,122.0
2025-05-25,4,3,120.0
2025-05-26,4,3,139.0
2025-05-27,4,3,115.0
2025-05-28,4,3,130.0
2025-05-29,4,3,144.0
2025-05-30,4,3,143.0
2025-05-31,4,3,131.0
2025-06-01,4,3,129.0
2025-06-02,4,3,163.0
2025-06-03,4,3,147.0
2025-06-04,4,3,131.0
2025-06-05,4,3,150.0
2025-06-06,4,3,122.0
2025-06-07,4,3,115.0
2025-06-08,4,3,109.0
2025-06-09,4,3,127.0
2025-06-10,4,3,125.0
2025-06-11,4,3,147.0
2025-06-12,4,3,134.0
2025-06-13,4,3,110.0
2025-06-14,4,3,120.0
2025-06-15,4,3,134.0
2025-06-16,4,3,149.0
2025-06-17,4,3,115.0
2025-06-18,4,3,129.0
2025-06-19,4,3,117.0
2025-06-20,4,3,128.0
2025-06-21,4,3,102.0
2025-06-22,4,3,133.0
2025-06-23,4,3,141.0
2025-06-24,4,3,144.0
2025-06-25,4,3,127.0
2025-06-26,4,3,122.0
2025-06-27,4,3,116.0
2025-06-28,4,3,129.0
2025-06-29,4,3,97.0
2025-06-30,4,3,129.0
2025-07-01,4,3,120.0
2025-07-02,4,3,128.0
2025-07-03,4,3,136.0
2025-07-04,4,3,101.0
2025-07-05,4,3,110.0
2025-07-06,4,3,113.0
2025-07-07,4,3,121.0
2025-07-08,4,3,127.0
2025-07-09,4,3,137.0
2025-07-10,4,3,119.0
2025-07-11,4,3,120.0
2025-07-12,4,3,115.0
2025-07-13,4,3,115.0
2025-07-14,4,3,125.0
2025-07-15,4,3,129.0
2025-07-16,4,3,126.0
2025-07-17,4,3,107.0
2025-07-18,4,3,130.0
2025-07-19,4,3,128.0
2025-07-20,4,3,105.0
2025-07-21,4,3,122.0
2025-07-22,4,3,117.0
2025-07-23,4,3,116.0
2025-07-24,4,3,120.0
2025-07-25,4,3,144.0
2025-07-26,4,3,124.0
2025-07-27,4,3,124.0
2025-07-28,4,3,120.0
2025-07-29,4,3,110.0
2025-07-30,4,3,135.0
2025-07-31,4,3,83.0
2025-08-01,4,3,113.0
2025-08-02,4,3,116.0
2025-08-03,4,3,106.0
2025-08-04,4,3,131.0
2025-08-05,4,3,102.0
2025-08-06,4,3,139.0
2025-08-07,4,3,113.0
2025-08-08,4,3,124.0
2025-08-09,4,3,113.0
2025-08-10,4,3,121.0
2025-08-11,4,3,121.0
2025-08-12,4,3,125.0
2025-08-13,4,3,135.0
2025-08-14,4,3,114.0
2025-08-15,4,3,112.0
2025-08-16,4,3,99.0
2025-08-17,4,3,93.0
2025-08-18,4,3,114.0
2025-08-19,4,3,117.0
2025-08-20,4,3,131.0
2025-08-21,4,3,109.0
2025-08-22,4,3,94.0
2025-08-23,4,3,112.0
2025-08-24,4,3,100.0
2025-08-25,4,3,97.0
2025-08-26,4,3,130.0
2025-08-27,4,3,126.0
2025-08-28,4,3,132.0
2025-08-29,4,3,97.0
2025-08-30,4,3,90.0
2025-08-31,4,3,85.0
2025-09-01,4,3,98.0
2025-09-02,4,3,108.0
2025-09-03,4,3,122.0
2025-09-04,4,3,98.0
2025-09-05,4,3,92.0
2025-09-06,4,3,115.0
2025-09-07,4,3,62.0
2025-09-08,4,3,110.0
2025-09-09,4,3,96.0
2025-09-10,4,3,103.0
2025-09-11,4,3,125.0
2025-09-12,4,3,100.0
2025-09-13,4,3,126.0
2025-09-14,4,3,103.0
2025-09-15,4,3,93.0
2025-09-16,4,3,117.0
2025-09-17,4,3,126.0
2025-09-18,4,3,113.0
2025-09-19,4,3,96.0
2025-09-20,4,3,74.0
2025-09-21,4,3,92.0
2025-09-22,4,3,123.0
2025-09-23,4,3,101.0
2025-09-24,4,3,107.0
2025-09-25,4,3,119.0
2025-09-26,4,3,106.0
2025-09-27,4,3,78.0
2025-09-28,4,3,94.0
2025-09-29,4,3,120.0
2025-09-30,4,3,111.0
2025-10-01,4,3,129.0
2025-10-02,4,3,125.0
2025-10-03,4,3,88.0
2025-10-04,4,3,91.0
2025-10-05,4,3,104.0
2025-10-06,4,3,85.0
2025-10-07,4,3,108.0
2025-10-08,4,3,119.0
2025-10-09,4,3,101.0
2025-10-10,4,3,107.0
2025-10-11,4,3,88.0
2025-10-12,4,3,90.0
2025-10-13,4,3,113.0
2025-10-14,4,3,128.0
2025-10-15,4,3,105.0
2025-10-16,4,3,94.0
2025-10-17,4,3,100.0
2025-10-18,4,3,101.0
2025-10-19,4,3,89.0
2025-10-20,4,3,125.0
2025-10-21,4,3,111.0
2025-10-22,4,3,106.0
2025-10-23,4,3,133.0
2025-10-24,4,3,117.0
2025-10-25,4,3,89.0
2025-10-26,4,3,112.0
2025-10-27,4,3,99.0
2025-10-28,4,3,124.0
2025-10-29,4,3,138.0
2025-10-30,4,3,97.0
2025-10-31,4,3,97.0
2025-11-01,4,3,93.0
2025-11-02,4,3,104.0
2025-11-03,4,3,114.0
2025-11-04,4,3,115.0
2025-11-05,4,3,99.0
2025-11-06,4,3,99.0
2025-11-07,4,3,95.0
2025-11-08,4,3,108.0
2025-11-09,4,3,87.0
2025-11-10,4,3,100.0
2025-11-11,4,3,105.0
2025-11-12,4,3,125.0
2025-11-13,4,3,129.0
2025-11-14,4,3,110.0
2025-11-15,4,3,127.0
2025-11-16,4,3,107.0
2025-11-17,4,3,112.0
2025-11-18,4,3,112.0
2025-11-19,4,3,126.0
2025-11-20,4,3,109.0
2025-11-21,4,3,99.0
2025-11-22,4,3,94.0
2025-11-23,4,3,106.0
2025-11-24,4,3,110.0
2025-11-25,4,3,155.0
2025-11-26,4,3,128.0
2025-11-27,4,3,124.0
2025-11-28,4,3,107.0
2025-11-29,4,3,145.0
2025-11-30,4,3,100.0
2025-12-01,4,3,113.0
2025-12-02,4,3,138.0
2025-12-03,4,3,131.0
2025-12-04,4,3,109.0
2025-12-05,4,3,117.0
2025-12-06,4,3,120.0
2025-12-07,4,3,120.0
2025-12-08,4,3,130.0
2025-12-09,4,3,156.0
2025-12-10,4,3,135.0
2025-12-11,4,3,137.0
2025-12-12,4,3,91.0
2025-12-13,4,3,137.0
2025-12-14,4,3,118.0
2025-12-15,4,3,115.0
2025-12-16,4,3,131.0
2025-12-17,4,3,143.0
2025-12-18,4,3,143.0
2025-12-19,4,3,122.0
2025-12-20,4,3,125.0
2025-12-21,4,3,117.0
2025-12-22,4,3,134.0
2025-12-23,4,3,139.0
2025-12-24,4,3,142.0
2025-12-25,4,3,130.0
2025-12-26,4,3,131.0
2025-12-27,4,3,112.0
2025-12-28,4,3,126.0
2025-12-29,4,3,124.0
2025-12-30,4,3,128.0
2024-01-01,4,4,67.0
2024-01-02,4,4,75.0
2024-01-03,4,4,92.0
2024-01-04,4,4,69.0
2024-01-05,4,4,65.0
2024-01-06,4,4,75.0
2024-01-07,4,4,59.0
2024-01-08,4,4,85.0
2024-01-09,4,4,78.0
2024-01-10,4,4,75.0
2024-01-11,4,4,87.0
2024-01-12,4,4,71.0
2024-01-13,4,4,86.0
2024-01-14,4,4,73.0
2024-01-15,4,4,80.0
2024-01-16,4,4,80.0
2024-01-17,4,4,86.0
2024-01-18,4,4,82.0
2024-01-19,4,4,91.0
2024-01-20,4,4,79.0
2024-01-21,4,4,85.0
2024-01-22,4,4,86.0
2024-01-23,4,4,88.0
2024-01-24,4,4,97.0
2024-01-25,4,4,104.0
2024-01-26,4,4,76.0
2024-01-27,4,4,86.0
2024-01-28,4,4,97.0
2024-01-29,4,4,83.0
2024-01-30,4,4,105.0
2024-01-31,4,4,107.0
2024-02-01,4,4,84.0
2024-02-02,4,4,100.0
2024-02-03,4,4,82.0
2024-02-04,4,4,92.0
2024-02-05,4,4,105.0
2024-02-06,4,4,112.0
2024-02-07,4,4,91.0
2024-02-08,4,4,116.0
2024-02-09,4,4,108.0
2024-02-10,4,4,101.0
2024-02-11,4,4,97.0
2024-02-12,4,4,97.0
2024-02-13,4,4,97.0
2024-02-14,4,4,94.0
2024-02-15,4,4,111.0
2024-02-16,4,4,109.0
2024-02-17,4,4,96.0
2024-02-18,4,4,95.0
2024-02-19,4,4,105.0
2024-02-20,4,4,105.0
2024-02-21,4,4,113.0
2024-02-22,4,4,103.0
2024-02-23,4,4,109.0
2024-02-24,4,4,111.0
2024-02-25,4,4,107.0
2024-02-26,4,4,108.0
2024-02-27,4,4,123.0
2024-02-28,4,4,117.0
2024-02-29,4,4,122.0
2024-03-01,4,4,102.0
2024-03-02,4,4,100.0
2024-03-03,4,4,97.0
2024-03-04,4,4,108.0
2024-03-05,4,4,127.0
2024-03-06,4,4,112.0
2024-03-07,4,4,96.0
2024-03-08,4,4,107.0
2024-03-09,4,4,97.0
2024-03-10,4,4,104.0
2024-03-11,4,4,133.0
2024-03-12,4,4,113.0
2024-03-13,4,4,128.0
2024-03-14,4,4,118.0
2024-03-15,4,4,116.0
2024-03-16,4,4,105.0
2024-03-17,4,4,121.0
2024-03-18,4,4,121.0
2024-03-19,4,4,127.0
2024-03-20,4,4,125.0
2024-03-21,4,4,132.0
2024-03-22,4,4,120.0
2024-03-23,4,4,114.0
2024-03-24,4,4,118.0
2024-03-25,4,4,103.0
2024-03-26,4,4,126.0
2024-03-27,4,4,125.0
2024-03-28,4,4,132.0
2024-03-29,4,4,110.0
2024-03-30,4,4,114.0
2024-03-31,4,4,130.0
2024-04-01,4,4,119.0
2024-04-02,4,4,113.0
2024-04-03,4,4,145.0
2024-04-04,4,4,116.0
2024-04-05,4,4,107.0
2024-04-06,4,4,104.0
2024-04-07,4,4,120.0
2024-04-08,4,4,131.0
2024-04-09,4,4,140.0
2024-04-10,4,4,126.0
2024-04-11,4,4,114.0
2024-04-12,4,4,111.0
2024-04-13,4,4,112.0
2024-04-14,4,4,113.0
2024-04-15,4,4,130.0
2024-04-16,4,4,113.0
2024-04-17,4,4,116.0
2024-04-18,4,4,119.0
2024-04-19,4,4,118.0
2024-04-20,4,4,107.0
2024-04-21,4,4,108.0
2024-04-22,4,4,128.0
2024-04-23,4,4,127.0
2024-04-24,4,4,115.0
2024-04-25,4,4,115.0
2024-04-26,4,4,118.0
2024-04-27,4,4,98.0
2024-04-28,4,4,115.0
2024-04-29,4,4,113.0
2024-04-30,4,4,124.0
2024-05-01,4,4,123.0
2024-05-02,4,4,108.0
2024-05-03,4,4,106.0
2024-05-04,4,4,120.0
2024-05-05,4,4,129.0
2024-05-06,4,4,98.0
2024-05-07,4,4,128.0
2024-05-08,4,4,122.0
2024-05-09,4,4,133.0
2024-05-10,4,4,104.0
2024-05-11,4,4,112.0
2024-05-12,4,4,103.0
2024-05-13,4,4,122.0
2024-05-14,4,4,136.0
2024-05-15,4,4,118.0
2024-05-16,4,4,102.0
2024-05-17,4,4,118.0
2024-05-18,4,4,106.0
2024-05-19,4,4,105.0
2024-05-20,4,4,121.0
2024-05-21,4,4,102.0
2024-05-22,4,4,107.0
2024-05-23,4,4,114.0
2024-05-24,4,4,95.0
2024-05-25,4,4,95.0
2024-05-26,4,4,109.0
2024-05-27,4,4,107.0
2024-05-28,4,4,98.0
2024-05-29,4,4,112.0
2024-05-30,4,4,115.0
2024-05-31,4,4,99.0
2024-06-01,4,4,101.0
2024-06-02,4,4,89.0
2024-06-03,4,4,101.0
2024-06-04,4,4,90.0
2024-06-05,4,4,110.0
2024-06-06,4,4,103.0
2024-06-07,4,4,82.0
2024-06-08,4,4,102.0
2024-06-09,4,4,94.0
2024-06-10,4,4,88.0
2024-06-11,4,4,105.0
2024-06-12,4,4,91.0
2024-06-13,4,4,88.0
2024-06-14,4,4,80.0
2024-06-15,4,4,75.0
2024-06-16,4,4,88.0
2024-06-17,4,4,90.0
2024-06-18,4,4,101.0
2024-06-19,4,4,70.0
2024-06-20,4,4,87.0
2024-06-21,4,4,80.0
2024-06-22,4,4,79.0
2024-06-23,4,4,80.0
2024-06-24,4,4,86.0
2024-06-25,4,4,90.0
2024-06-26,4,4,86.0
2024-06-27,4,4,82.0
2024-06-28,4,4,78.0
2024-06-29,4,4,78.0
2024-06-30,4,4,75.0
2024-07-01,4,4,72.0
2024-07-02,4,4,77.0
2024-07-03,4,4,89.0
2024-07-04,4,4,87.0
2024-07-05,4,4,83.0
2024-07-06,4,4,64.0
2024-07-07,4,4,53.0
2024-07-08,4,4,78.0
2024-07-09,4,4,73.0
2024-07-10,4,4,79.0
2024-07-11,4,4,76.0
2024-07-12,4,4,73.0
2024-07-13,4,4,71.0
2024-07-14,4,4,75.0
2024-07-15,4,4,81.0
2024-07-16,4,4,75.0
2024-07-17,4,4,60.0
2024-07-18,4,4,65.0
2024-07-19,4,4,76.0
2024-07-20,4,4,60.0
2024-07-21,4,4,78.0
2024-07-22,4,4,61.0
2024-07-23,4,4,89.0
2024-07-24,4,4,70.0
2024-07-25,4,4,62.0
2024-07-26,4,4,52.0
2024-07-27,4,4,60.0
2024-07-28,4,4,43.0
2024-07-29,4,4,55.0
2024-07-30,4,4,64.0
2024-07-31,4,4,46.0
2024-08-01,4,4,60.0
2024-08-02,4,4,69.0
2024-08-03,4,4,53.0
2024-08-04,4,4,45.0
2024-08-05,4,4,51.0
2024-08-06,4,4,63.0
2024-08-07,4,4,57.0
2024-08-08,4,4,61.0
2024-08-09,4,4,45.0
2024-08-10,4,4,37.0
2024-08-11,4,4,57.0
2024-08-12,4,4,58.0
2024-08-13,4,4,40.0
2024-08-14,4,4,54.0
2024-08-15,4,4,62.0
2024-08-16,4,4,45.0
2024-08-17,4,4,37.0
2024-08-18,4,4,41.0
2024-08-19,4,4,49.0
2024-08-20,4,4,52.0
2024-08-21,4,4,53.0
2024-08-22,4,4,48.0
2024-08-23,4,4,35.0
2024-08-24,4,4,30.0
2024-08-25,4,4,30.0
2024-08-26,4,4,46.0
2024-08-27,4,4,55.0
2024-08-28,4,4,43.0
2024-08-29,4,4,34.0
2024-08-30,4,4,33.0
2024-08-31,4,4,48.0
2024-09-01,4,4,35.0
2024-09-02,4,4,41.0
2024-09-03,4,4,41.0
2024-09-04,4,4,54.0
2024-09-05,4,4,44.0
2024-09-06,4,4,32.0
2024-09-07,4,4,25.0
2024-09-08,4,4,39.0
2024-09-09,4,4,43.0
2024-09-10,4,4,35.0
2024-09-11,4,4,58.0
2024-09-12,4,4,37.0
2024-09-13,4,4,17.0
2024-09-14,4,4,46.0
2024-09-15,4,4,33.0
2024-09-16,4,4,43.0
2024-09-17,4,4,59.0
2024-09-18,4,4,37.0
2024-09-19,4,4,46.0
2024-09-20,4,4,46.0
2024-09-21,4,4,24.0
2024-09-22,4,4,46.0
2024-09-23,4,4,26.0
2024-09-24,4,4,43.0
2024-09-25,4,4,36.0
2024-09-26,4,4,48.0
2024-09-27,4,4,27.0
2024-09-28,4,4,26.0
2024-09-29,4,4,25.0
2024-09-30,4,4,28.0
2024-10-01,4,4,38.0
2024-10-02,4,4,45.0
2024-10-03,4,4,41.0
2024-10-04,4,4,34.0
2024-10-05,4,4,26.0
2024-10-06,4,4,31.0
2024-10-07,4,4,26.0
2024-10-08,4,4,39.0
2024-10-09,4,4,45.0
2024-10-10,4,4,46.0
2024-10-11,4,4,39.0
2024-10-12,4,4,23.0
2024-10-13,4,4,39.0
2024-10-14,4,4,42.0
2024-10-15,4,4,59.0
2024-10-16,4,4,35.0
2024-10-17,4,4,44.0
2024-10-18,4,4,48.0
2024-10-19,4,4,33.0
2024-10-20,4,4,29.0
2024-10-21,4,4,59.428395486807894
2024-10-22,4,4,92.44417075725671
2024-10-23,4,4,61.079184250330336
2024-10-24,4,4,72.63470559498742
2024-10-25,4,4,56.12681795976301
2024-10-26,4,4,51.17445166919568
2024-10-27,4,4,70.98391683146498
2024-10-28,4,4,69.33312806794254
2024-10-29,4,4,89.14259323021183
2024-10-30,4,4,42.0
2024-10-31,4,4,57.0
2024-11-01,4,4,46.0
2024-11-02,4,4,52.0
2024-11-03,4,4,39.0
2024-11-04,4,4,53.0
2024-11-05,4,4,62.0
2024-11-06,4,4,60.0
2024-11-07,4,4,68.0
2024-11-08,4,4,33.0
2024-11-09,4,4,46.0
2024-11-10,4,4,43.0
2024-11-11,4,4,48.0
2024-11-12,4,4,72.0
2024-11-13,4,4,55.0
2024-11-14,4,4,65.0
2024-11-15,4,4,43.0
2024-11-16,4,4,58.0
2024-11-17,4,4,50.0
2024-11-18,4,4,54.0
2024-11-19,4,4,50.0
2024-11-20,4,4,63.0
2024-11-21,4,4,56.0
2024-11-22,4,4,72.0
2024-11-23,4,4,54.0
2024-11-24,4,4,50.0
2024-11-25,4,4,56.0
2024-11-26,4,4,56.0
2024-11-27,4,4,83.0
2024-11-28,4,4,78.0
2024-11-29,4,4,61.0
2024-11-30,4,4,77.0
2024-12-01,4,4,60.0
2024-12-02,4,4,76.0
2024-12-03,4,4,78.0
2024-12-04,4,4,70.0
2024-12-05,4,4,74.0
2024-12-06,4,4,70.0
2024-12-07,4,4,52.0
2024-12-08,4,4,68.0
2024-12-09,4,4,82.0
2024-12-10,4,4,73.0
2024-12-11,4,4,79.0
2024-12-12,4,4,68.0
2024-12-13,4,4,68.0
2024-12-14,4,4,66.0
2024-12-15,4,4,85.0
2024-12-16,4,4,75.0
2024-12-17,4,4,80.0
2024-12-18,4,4,86.0
2024-12-19,4,4,69.0
2024-12-20,4,4,58.0
2024-12-21,4,4,63.0
2024-12-22,4,4,80.0
2024-12-23,4,4,84.0
2024-12-24,4,4,98.0
2024-12-25,4,4,79.0
2024-12-26,4,4,88.0
2024-12-27,4,4,70.0
2024-12-28,4,4,83.0
2024-12-29,4,4,71.0
2024-12-30,4,4,88.0
2024-12-31,4,4,98.0
2025-01-01,4,4,95.0
2025-01-02,4,4,76.0
2025-01-03,4,4,105.0
2025-01-04,4,4,83.0
2025-01-05,4,4,75.0
2025-01-06,4,4,102.0
2025-01-07,4,4,109.0
2025-01-08,4,4,102.0
2025-01-09,4,4,115.0
2025-01-10,4,4,90.0
2025-01-11,4,4,95.0
2025-01-12,4,4,100.0
2025-01-13,4,4,115.0
2025-01-14,4,4,91.0
2025-01-15,4,4,130.0
2025-01-16,4,4,117.0
2025-01-17,4,4,106.0
2025-01-18,4,4,92.0
2025-01-19,4,4,93.0
2025-01-20,4,4,110.0
2025-01-21,4,4,118.0
2025-01-22,4,4,119.0
2025-01-23,4,4,114.0
2025-01-24,4,4,111.0
2025-01-25,4,4,85.0
2025-01-26,4,4,104.0
2025-01-27,4,4,101.0
2025-01-28,4,4,119.0
2025-01-29,4,4,133.0
2025-01-30,4,4,110.0
2025-01-31,4,4,107.0
2025-02-01,4,4,102.0
2025-02-02,4,4,106.0
2025-02-03,4,4,123.0
2025-02-04,4,4,131.0
2025-02-05,4,4,139.0
2025-02-06,4,4,115.0
2025-02-07,4,4,124.0
2025-02-08,4,4,122.0
2025-02-09,4,4,131.0
2025-02-10,4,4,115.0
2025-02-11,4,4,112.0
2025-02-12,4,4,129.0
2025-02-13,4,4,153.0
2025-02-14,4,4,113.0
2025-02-15,4,4,124.0
2025-02-16,4,4,102.0
2025-02-17,4,4,143.0
2025-02-18,4,4,117.0
2025-02-19,4,4,115.0
2025-02-20,4,4,133.0
2025-02-21,4,4,128.0
2025-02-22,4,4,136.0
2025-02-23,4,4,133.0
2025-02-24,4,4,114.0
2025-02-25,4,4,136.0
2025-02-26,4,4,133.0
2025-02-27,4,4,124.0
2025-02-28,4,4,134.0
2025-03-01,4,4,136.0
2025-03-02,4,4,122.0
2025-03-03,4,4,132.0
2025-03-04,4,4,139.0
2025-03-05,4,4,137.0
2025-03-06,4,4,135.0
2025-03-07,4,4,128.0
2025-03-08,4,4,131.0
2025-03-09,4,4,127.0
2025-03-10,4,4,141.0
2025-03-11,4,4,138.0
2025-03-12,4,4,151.0
2025-03-13,4,4,136.0
2025-03-14,4,4,141.0
2025-03-15,4,4,125.0
2025-03-16,4,4,142.0
2025-03-17,4,4,124.0
2025-03-18,4,4,146.0
2025-03-19,4,4,142.0
2025-03-20,4,4,143.0
2025-03-21,4,4,127.0
2025-03-22,4,4,132.0
2025-03-23,4,4,126.0
2025-03-24,4,4,139.0
2025-03-25,4,4,144.0
2025-03-26,4,4,152.0
2025-03-27,4,4,146.0
2025-03-28,4,4,155.0
2025-03-29,4,4,131.0
2025-03-30,4,4,135.0
2025-03-31,4,4,170.0
2025-04-01,4,4,146.0
2025-04-02,4,4,158.0
2025-04-03,4,4,151.0
2025-04-04,4,4,160.0
2025-04-05,4,4,123.0
2025-04-06,4,4,124.0
2025-04-07,4,4,133.0
2025-04-08,4,4,150.0
2025-04-09,4,4,141.0
2025-04-10,4,4,127.0
2025-04-11,4,4,131.0
2025-04-12,4,4,139.0
2025-04-13,4,4,129.0
2025-04-14,4,4,152.0
2025-04-15,4,4,138.0
2025-04-16,4,4,149.0
2025-04-17,4,4,141.0
2025-04-18,4,4,140.0
2025-04-19,4,4,137.0
2025-04-20,4,4,149.0
2025-04-21,4,4,147.0
2025-04-22,4,4,143.0
2025-04-23,4,4,153.0
2025-04-24,4,4,150.0
2025-04-25,4,4,155.0
2025-04-26,4,4,132.0
2025-04-27,4,4,133.0
2025-04-28,4,4,151.0
2025-04-29,4,4,127.0
2025-04-30,4,4,144.0
2025-05-01,4,4,148.0
2025-05-02,4,4,144.0
2025-05-03,4,4,112.0
2025-05-04,4,4,120.0
2025-05-05,4,4,115.0
2025-05-06,4,4,150.0
2025-05-07,4,4,145.0
2025-05-08,4,4,151.0
2025-05-09,4,4,133.0
2025-05-10,4,4,148.0
2025-05-11,4,4,121.0
2025-05-12,4,4,131.0
2025-05-13,4,4,143.0
2025-05-14,4,4,134.0
2025-05-15,4,4,139.0
2025-05-16,4,4,128.0
2025-05-17,4,4,123.0
2025-05-18,4,4,125.0
2025-05-19,4,4,137.0
2025-05-20,4,4,133.0
2025-05-21,4,4,127.0
2025-05-22,4,4,133.0
2025-05-23,4,4,120.0
2025-05-24,4,4,112.0
2025-05-25,4,4,107.0
2025-05-26,4,4,135.0
2025-05-27,4,4,138.0
2025-05-28,4,4,39.821905969389604
2025-05-29,4,4,35.15313078677151
2025-05-30,4,4,35.97703228958647
2025-05-31,4,4,29.935087935610117
2025-06-01,4,4,101.0
2025-06-02,4,4,116.0
2025-06-03,4,4,126.0
2025-06-04,4,4,132.0
2025-06-05,4,4,135.0
2025-06-06,4,4,120.0
2025-06-07,4,4,132.0
2025-06-08,4,4,114.0
2025-06-09,4,4,119.0
2025-06-10,4,4,126.0
2025-06-11,4,4,127.0
2025-06-12,4,4,122.0
2025-06-13,4,4,102.0
2025-06-14,4,4,115.0
2025-06-15,4,4,130.0
2025-06-16,4,4,106.0
2025-06-17,4,4,118.0
2025-06-18,4,4,107.0
2025-06-19,4,4,121.0
2025-06-20,4,4,114.0
2025-06-21,4,4,90.0
2025-06-22,4,4,92.0
2025-06-23,4,4,90.0
2025-06-24,4,4,127.0
2025-06-25,4,4,107.0
2025-06-26,4,4,108.0
2025-06-27,4,4,99.0
2025-06-28,4,4,106.0
2025-06-29,4,4,104.0
2025-06-30,4,4,109.0
2025-07-01,4,4,101.0
2025-07-02,4,4,115.0
2025-07-03,4,4,112.0
2025-07-04,4,4,103.0
2025-07-05,4,4,82.0
2025-07-06,4,4,84.0
2025-07-07,4,4,113.0
2025-07-08,4,4,120.0
2025-07-09,4,4,103.0
2025-07-10,4,4,99.0
2025-07-11,4,4,94.0
2025-07-12,4,4,93.0
2025-07-13,4,4,76.0
2025-07-14,4,4,95.0
2025-07-15,4,4,89.0
2025-07-16,4,4,99.0
2025-07-17,4,4,87.0
2025-07-18,4,4,82.0
2025-07-19,4,4,84.0
2025-07-20,4,4,78.0
2025-07-21,4,4,79.0
2025-07-22,4,4,106.0
2025-07-23,4,4,84.0
2025-07-24,4,4,69.0
2025-07-25,4,4,88.0
2025-07-26,4,4,76.0
2025-07-27,4,4,79.0
2025-07-28,4,4,85.0
2025-07-29,4,4,100.0
2025-07-30,4,4,106.0
2025-07-31,4,4,87.0
2025-08-01,4,4,68.0
2025-08-02,4,4,75.0
2025-08-03,4,4,79.0
2025-08-04,4,4,88.0
2025-08-05,4,4,85.0
2025-08-06,4,4,80.0
2025-08-07,4,4,73.0
2025-08-08,4,4,73.0
2025-08-09,4,4,56.0
2025-08-10,4,4,74.0
2025-08-11,4,4,77.0
2025-08-12,4,4,82.0
2025-08-13,4,4,87.0
2025-08-14,4,4,89.0
2025-08-15,4,4,70.0
2025-08-16,4,4,66.0
2025-08-17,4,4,63.0
2025-08-18,4,4,77.0
2025-08-19,4,4,77.0
2025-08-20,4,4,88.0
2025-08-21,4,4,83.0
2025-08-22,4,4,70.0
2025-08-23,4,4,62.0
2025-08-24,4,4,61.0
2025-08-25,4,4,73.0
2025-08-26,4,4,78.0
2025-08-27,4,4,72.0
2025-08-28,4,4,73.0
2025-08-29,4,4,57.0
2025-08-30,4,4,64.0
2025-08-31,4,4,55.0
2025-09-01,4,4,73.0
2025-09-02,4,4,69.0
2025-09-03,4,4,87.0
2025-09-04,4,4,69.0
2025-09-05,4,4,64.0
2025-09-06,4,4,46.0
2025-09-07,4,4,71.0
2025-09-08,4,4,64.0
2025-09-09,4,4,85.0
2025-09-10,4,4,71.0
2025-09-11,4,4,65.0
2025-09-12,4,4,56.0
2025-09-13,4,4,62.0
2025-09-14,4,4,62.0
2025-09-15,4,4,51.0
2025-09-16,4,4,63.0
2025-09-17,4,4,76.0
2025-09-18,4,4,60.0
2025-09-19,4,4,52.0
2025-09-20,4,4,57.0
2025-09-21,4,4,57.0
2025-09-22,4,4,58.0
2025-09-23,4,4,83.0
2025-09-24,4,4,68.0
2025-09-25,4,4,54.0
2025-09-26,4,4,45.0
2025-09-27,4,4,64.0
2025-09-28,4,4,47.0
2025-09-29,4,4,62.0
2025-09-30,4,4,60.0
2025-10-01,4,4,68.0
2025-10-02,4,4,68.0
2025-10-03,4,4,47.0
2025-10-04,4,4,51.0
2025-10-05,4,4,51.0
2025-10-06,4,4,54.0
2025-10-07,4,4,65.0
2025-10-08,4,4,64.0
2025-10-09,4,4,74.0
2025-10-10,4,4,54.0
2025-10-11,4,4,60.0
2025-10-12,4,4,62.0
2025-10-13,4,4,51.0
2025-10-14,4,4,65.0
2025-10-15,4,4,70.0
2025-10-16,4,4,70.0
2025-10-17,4,4,60.0
2025-10-18,4,4,67.0
2025-10-19,4,4,61.0
2025-10-20,4,4,70.0
2025-10-21,4,4,67.0
2025-10-22,4,4,77.0
2025-10-23,4,4,87.0
2025-10-24,4,4,69.0
2025-10-25,4,4,70.0
2025-10-26,4,4,60.0
2025-10-27,4,4,76.0
2025-10-28,4,4,83.0
2025-10-29,4,4,78.0
2025-10-30,4,4,72.0
2025-10-31,4,4,54.0
2025-11-01,4,4,63.0
2025-11-02,4,4,70.0
2025-11-03,4,4,65.0
2025-11-04,4,4,67.0
2025-11-05,4,4,80.0
2025-11-06,4,4,78.0
2025-11-07,4,4,59.0
2025-11-08,4,4,68.0
2025-11-09,4,4,72.0
2025-11-10,4,4,87.0
2025-11-11,4,4,77.0
2025-11-12,4,4,102.0
2025-11-13,4,4,81.0
2025-11-14,4,4,64.0
2025-11-15,4,4,68.0
2025-11-16,4,4,64.0
2025-11-17,4,4,78.0
2025-11-18,4,4,90.0
2025-11-19,4,4,90.0
2025-11-20,4,4,75.0
2025-11-21,4,4,68.0
2025-11-22,4,4,80.0
2025-11-23,4,4,84.0
2025-11-24,4,4,80.0
2025-11-25,4,4,68.0
2025-11-26,4,4,82.0
2025-11-27,4,4,98.0
2025-11-28,4,4,78.0
2025-11-29,4,4,78.0
2025-11-30,4,4,88.0
2025-12-01,4,4,87.0
2025-12-02,4,4,108.0
2025-12-03,4,4,94.0
2025-12-04,4,4,87.0
2025-12-05,4,4,100.0
2025-12-06,4,4,87.0
2025-12-07,4,4,79.0
2025-12-08,4,4,99.0
2025-12-09,4,4,98.0
2025-12-10,4,4,93.0
2025-12-11,4,4,101.0
2025-12-12,4,4,93.0
2025-12-13,4,4,77.0
2025-12-14,4,4,85.0
2025-12-15,4,4,117.0
2025-12-16,4,4,107.0
2025-12-17,4,4,121.0
2025-12-18,4,4,109.0
2025-12-19,4,4,111.0
2025-12-20,4,4,102.0
2025-12-21,4,4,92.0
2025-12-22,4,4,112.0
2025-12-23,4,4,104.0
2025-12-24,4,4,123.0
2025-12-25,4,4,114.0
2025-12-26,4,4,107.0
2025-12-27,4,4,100.0
2025-12-28,4,4,113.0
2025-12-29,4,4,111.0
2025-12-30,4,4,102.0
2024-01-01,4,5,89.0
2024-01-02,4,5,105.0
2024-01-03,4,5,103.0
2024-01-04,4,5,101.0
2024-01-05,4,5,87.0
2024-01-06,4,5,91.0
2024-01-07,4,5,93.0
2024-01-08,4,5,98.0
2024-01-09,4,5,100.0
2024-01-10,4,5,104.0
2024-01-11,4,5,90.0
2024-01-12,4,5,103.0
2024-01-13,4,5,87.0
2024-01-14,4,5,90.0
2024-01-15,4,5,92.0
2024-01-16,4,5,108.0
2024-01-17,4,5,109.0
2024-01-18,4,5,102.0
2024-01-19,4,5,85.0
2024-01-20,4,5,90.0
2024-01-21,4,5,98.0
2024-01-22,4,5,103.0
2024-01-23,4,5,108.0
2024-01-24,4,5,108.0
2024-01-25,4,5,98.0
2024-01-26,4,5,105.0
2024-01-27,4,5,89.0
2024-01-28,4,5,97.0
2024-01-29,4,5,100.0
2024-01-30,4,5,116.0
2024-01-31,4,5,116.0
2024-02-01,4,5,108.0
2024-02-02,4,5,107.0
2024-02-03,4,5,92.0
2024-02-04,4,5,101.0
2024-02-05,4,5,103.0
2024-02-06,4,5,120.0
2024-02-07,4,5,118.0
2024-02-08,4,5,116.0
2024-02-09,4,5,103.0
2024-02-10,4,5,106.0
2024-02-11,4,5,99.0
2024-02-12,4,5,106.0
2024-02-13,4,5,116.0
2024-02-14,4,5,114.0
2024-02-15,4,5,119.0
2024-02-16,4,5,107.0
2024-02-17,4,5,100.0
2024-02-18,4,5,101.0
2024-02-19,4,5,117.0
2024-02-20,4,5,107.0
2024-02-21,4,5,116.0
2024-02-22,4,5,125.0
2024-02-23,4,5,110.0
2024-02-24,4,5,111.0
2024-02-25,4,5,112.0
2024-02-26,4,5,115.0
2024-02-27,4,5,113.0
2024-02-28,4,5,117.0
2024-02-29,4,5,113.0
2024-03-01,4,5,116.0
2024-03-02,4,5,113.0
2024-03-03,4,5,107.0
2024-03-04,4,5,117.0
2024-03-05,4,5,124.0
2024-03-06,4,5,126.0
2024-03-07,4,5,118.0
2024-03-08,4,5,124.0
2024-03-09,4,5,115.0
2024-03-10,4,5,114.0
2024-03-11,4,5,117.0
2024-03-12,4,5,121.0
2024-03-13,4,5,129.0
2024-03-14,4,5,121.0
2024-03-15,4,5,117.0
2024-03-16,4,5,103.0
2024-03-17,4,5,112.0
2024-03-18,4,5,120.0
2024-03-19,4,5,132.0
2024-03-20,4,5,123.0
2024-03-21,4,5,117.0
2024-03-22,4,5,120.0
2024-03-23,4,5,114.0
2024-03-24,4,5,107.0
2024-03-25,4,5,113.0
2024-03-26,4,5,124.0
2024-03-27,4,5,129.0
2024-03-28,4,5,132.0
2024-03-29,4,5,113.0
2024-03-30,4,5,117.0
2024-03-31,4,5,106.0
2024-04-01,4,5,124.0
2024-04-02,4,5,136.0
2024-04-03,4,5,130.0
2024-04-04,4,5,122.0
2024-04-05,4,5,125.0
2024-04-06,4,5,117.0
2024-04-07,4,5,117.0
2024-04-08,4,5,117.0
2024-04-09,4,5,130.0
2024-04-10,4,5,126.0
2024-04-11,4,5,127.0
2024-04-12,4,5,119.0
2024-04-13,4,5,120.0
2024-04-14,4,5,113.0
2024-04-15,4,5,121.0
2024-04-16,4,5,132.0
2024-04-17,4,5,128.0
2024-04-18,4,5,125.0
2024-04-19,4,5,116.0
2024-04-20,4,5,113.0
2024-04-21,4,5,119.0
2024-04-22,4,5,131.0
2024-04-23,4,5,119.0
2024-04-24,4,5,122.0
2024-04-25,4,5,124.0
2024-04-26,4,5,118.0
2024-04-27,4,5,112.0
2024-04-28,4,5,112.0
2024-04-29,4,5,114.0
2024-04-30,4,5,123.0
2024-05-01,4,5,132.0
2024-05-02,4,5,124.0
2024-05-03,4,5,120.0
2024-05-04,4,5,106.0
2024-05-05,4,5,121.0
2024-05-06,4,5,116.0
2024-05-07,4,5,128.0
2024-05-08,4,5,126.0
2024-05-09,4,5,119.0
2024-05-10,4,5,117.0
2024-05-11,4,5,114.0
2024-05-12,4,5,126.0
2024-05-13,4,5,121.0
2024-05-14,4,5,127.0
2024-05-15,4,5,131.0
2024-05-16,4,5,123.0
2024-05-17,4,5,113.0
2024-05-18,4,5,111.0
2024-05-19,4,5,115.0
2024-05-20,4,5,123.0
2024-05-21,4,5,114.0
2024-05-22,4,5,113.0
2024-05-23,4,5,125.0
2024-05-24,4,5,107.0
2024-05-25,4,5,99.0
2024-05-26,4,5,99.0
2024-05-27,4,5,123.0
2024-05-28,4,5,124.0
2024-05-29,4,5,117.0
2024-05-30,4,5,112.0
2024-05-31,4,5,110.0
2024-06-01,4,5,109.0
2024-06-02,4,5,105.0
2024-06-03,4,5,108.0
2024-06-04,4,5,123.0
2024-06-05,4,5,118.0
2024-06-06,4,5,113.0
2024-06-07,4,5,110.0
2024-06-08,4,5,92.0
2024-06-09,4,5,106.0
2024-06-10,4,5,111.0
2024-06-11,4,5,108.0
2024-06-12,4,5,106.0
2024-06-13,4,5,108.0
2024-06-14,4,5,105.0
2024-06-15,4,5,101.0
2024-06-16,4,5,110.0
2024-06-17,4,5,107.0
2024-06-18,4,5,105.0
2024-06-19,4,5,112.0
2024-06-20,4,5,102.0
2024-06-21,4,5,101.0
2024-06-22,4,5,104.0
2024-06-23,4,5,101.0
2024-06-24,4,5,100.0
2024-06-25,4,5,112.0
2024-06-26,4,5,106.0
2024-06-27,4,5,92.0
2024-06-28,4,5,93.0
2024-06-29,4,5,97.0
2024-06-30,4,5,100.0
2024-07-01,4,5,110.0
2024-07-02,4,5,108.0
2024-07-03,4,5,115.0
2024-07-04,4,5,106.0
2024-07-05,4,5,101.0
2024-07-06,4,5,97.0
2024-07-07,4,5,95.0
2024-07-08,4,5,104.0
2024-07-09,4,5,100.0
2024-07-10,4,5,92.0
2024-07-11,4,5,104.0
2024-07-12,4,5,95.0
2024-07-13,4,5,85.0
2024-07-14,4,5,84.0
2024-07-15,4,5,96.0
2024-07-16,4,5,105.0
2024-07-17,4,5,105.0
2024-07-18,4,5,93.0
2024-07-19,4,5,87.0
2024-07-20,4,5,90.0
2024-07-21,4,5,88.0
2024-07-22,4,5,98.0
2024-07-23,4,5,97.0
2024-07-24,4,5,103.0
2024-07-25,4,5,95.0
2024-07-26,4,5,85.0
2024-07-27,4,5,89.0
2024-07-28,4,5,80.0
2024-07-29,4,5,91.0
2024-07-30,4,5,97.0
2024-07-31,4,5,97.0
2024-08-01,4,5,98.0
2024-08-02,4,5,89.0
2024-08-03,4,5,84.0
2024-08-04,4,5,83.0
2024-08-05,4,5,98.0
2024-08-06,4,5,101.0
2024-08-07,4,5,100.0
2024-08-08,4,5,94.0
2024-08-09,4,5,81.0
2024-08-10,4,5,79.0
2024-08-11,4,5,84.0
2024-08-12,4,5,91.0
2024-08-13,4,5,96.0
2024-08-14,4,5,96.0
2024-08-15,4,5,99.0
2024-08-16,4,5,81.0
2024-08-17,4,5,83.0
2024-08-18,4,5,83.0
2024-08-19,4,5,86.0
2024-08-20,4,5,92.0
2024-08-21,4,5,93.0
2024-08-22,4,5,83.0
2024-08-23,4,5,82.0
2024-08-24,4,5,80.0
2024-08-25,4,5,79.0
2024-08-26,4,5,73.0
2024-08-27,4,5,80.0
2024-08-28,4,5,85.0
2024-08-29,4,5,85.0
2024-08-30,4,5,75.0
2024-08-31,4,5,78.0
2024-09-01,4,5,82.0
2024-09-02,4,5,88.0
2024-09-03,4,5,89.0
2024-09-04,4,5,94.0
2024-09-05,4,5,81.0
2024-09-06,4,5,77.0
2024-09-07,4,5,67.0
2024-09-08,4,5,81.0
2024-09-09,4,5,90.0
2024-09-10,4,5,84.0
2024-09-11,4,5,76.0
2024-09-12,4,5,78.0
2024-09-13,4,5,73.0
2024-09-14,4,5,66.0
2024-09-15,4,5,69.0
2024-09-16,4,5,81.0
2024-09-17,4,5,89.0
2024-09-18,4,5,76.0
2024-09-19,4,5,80.0
2024-09-20,4,5,77.0
2024-09-21,4,5,67.0
2024-09-22,4,5,75.0
2024-09-23,4,5,79.0
2024-09-24,4,5,83.0
2024-09-25,4,5,82.0
2024-09-26,4,5,84.0
2024-09-27,4,5,72.0
2024-09-28,4,5,63.0
2024-09-29,4,5,74.0
2024-09-30,4,5,73.0
2024-10-01,4,5,77.0
2024-10-02,4,5,88.0
2024-10-03,4,5,82.0
2024-10-04,4,5,72.0
2024-10-05,4,5,74.0
2024-10-06,4,5,76.0
2024-10-07,4,5,81.0
2024-10-08,4,5,87.0
2024-10-09,4,5,80.0
2024-10-10,4,5,90.0
2024-10-11,4,5,23.59178173402949
2024-10-12,4,5,20.347911745600435
2024-10-13,4,5,22.117295375652645
2024-10-14,4,5,24.181576277380227
2024-10-15,4,5,25.65606263575707
2024-10-16,4,5,28.899932624186125
2024-10-17,4,5,22.117295375652645
2024-10-18,4,5,20.937706288951173
2024-10-19,4,5,63.0
2024-10-20,4,5,77.0
2024-10-21,4,5,85.0
2024-10-22,4,5,90.0
2024-10-23,4,5,89.0
2024-10-24,4,5,88.0
2024-10-25,4,5,78.0
2024-10-26,4,5,80.0
2024-10-27,4,5,83.0
2024-10-28,4,5,79.0
2024-10-29,4,5,89.0
2024-10-30,4,5,91.0
2024-10-31,4,5,95.0
2024-11-01,4,5,78.0
2024-11-02,4,5,84.0
2024-11-03,4,5,72.0
2024-11-04,4,5,92.0
2024-11-05,4,5,96.0
2024-11-06,4,5,93.0
2024-11-07,4,5,95.0
2024-11-08,4,5,81.0
2024-11-09,4,5,75.0
2024-11-10,4,5,91.0
2024-11-11,4,5,85.0
2024-11-12,4,5,98.0
2024-11-13,4,5,102.0
2024-11-14,4,5,97.0
2024-11-15,4,5,89.0
2024-11-16,4,5,86.0
2024-11-17,4,5,90.0
2024-11-18,4,5,92.0
2024-11-19,4,5,97.0
2024-11-20,4,5,92.0
2024-11-21,4,5,97.0
2024-11-22,4,5,94.0
2024-11-23,4,5,80.0
2024-11-24,4,5,86.0
2024-11-25,4,5,96.0
2024-11-26,4,5,108.0
2024-11-27,4,5,96.0
2024-11-28,4,5,102.0
2024-11-29,4,5,90.0
2024-11-30,4,5,85.0
2024-12-01,4,5,85.0
2024-12-02,4,5,93.0
2024-12-03,4,5,105.0
2024-12-04,4,5,104.0
2024-12-05,4,5,105.0
2024-12-06,4,5,89.0
2024-12-07,4,5,95.0
2024-12-08,4,5,95.0
2024-12-09,4,5,92.0
2024-12-10,4,5,114.0
2024-12-11,4,5,110.0
2024-12-12,4,5,108.0
2024-12-13,4,5,104.0
2024-12-14,4,5,100.0
2024-12-15,4,5,96.0
2024-12-16,4,5,107.0
2024-12-17,4,5,100.0
2024-12-18,4,5,113.0
2024-12-19,4,5,117.0
2024-12-20,4,5,98.0
2024-12-21,4,5,103.0
2024-12-22,4,5,109.0
2024-12-23,4,5,110.0
2024-12-24,4,5,118.0
2024-12-25,4,5,107.0
2024-12-26,4,5,106.0
2024-12-27,4,5,112.0
2024-12-28,4,5,106.0
2024-12-29,4,5,106.0
2024-12-30,4,5,108.0
2024-12-31,4,5,118.0
2025-01-01,4,5,127.0
2025-01-02,4,5,114.0
2025-01-03,4,5,112.0
2025-01-04,4,5,108.0
2025-01-05,4,5,103.0
2025-01-06,4,5,110.0
2025-01-07,4,5,128.0
2025-01-08,4,5,125.0
2025-01-09,4,5,115.0
2025-01-10,4,5,110.0
2025-01-11,4,5,103.0
2025-01-12,4,5,116.0
2025-01-13,4,5,115.0
2025-01-14,4,5,122.0
2025-01-15,4,5,129.0
2025-01-16,4,5,113.0
2025-01-17,4,5,115.0
2025-01-18,4,5,112.0
2025-01-19,4,5,112.0
2025-01-20,4,5,117.0
2025-01-21,4,5,123.0
2025-01-22,4,5,130.0
2025-01-23,4,5,120.0
2025-01-24,4,5,119.0
2025-01-25,4,5,112.0
2025-01-26,4,5,114.0
2025-01-27,4,5,124.0
2025-01-28,4,5,127.0
2025-01-29,4,5,138.0
2025-01-30,4,5,127.0
2025-01-31,4,5,127.0
2025-02-01,4,5,114.0
2025-02-02,4,5,116.0
2025-02-03,4,5,118.0
2025-02-04,4,5,130.0
2025-02-05,4,5,133.0
2025-02-06,4,5,131.0
2025-02-07,4,5,128.0
2025-02-08,4,5,124.0
2025-02-09,4,5,129.0
2025-02-10,4,5,125.0
2025-02-11,4,5,136.0
2025-02-12,4,5,132.0
2025-02-13,4,5,136.0
2025-02-14,4,5,137.0
2025-02-15,4,5,118.0
2025-02-16,4,5,129.0
2025-02-17,4,5,137.0
2025-02-18,4,5,134.0
2025-02-19,4,5,142.0
2025-02-20,4,5,134.0
2025-02-21,4,5,129.0
2025-02-22,4,5,124.0
2025-02-23,4,5,127.0
2025-02-24,4,5,140.0
2025-02-25,4,5,140.0
2025-02-26,4,5,139.0
2025-02-27,4,5,139.0
2025-02-28,4,5,121.0
2025-03-01,4,5,124.0
2025-03-02,4,5,136.0
2025-03-03,4,5,135.0
2025-03-04,4,5,140.0
2025-03-05,4,5,145.0
2025-03-06,4,5,144.0
2025-03-07,4,5,141.0
2025-03-08,4,5,128.0
2025-03-09,4,5,130.0
2025-03-10,4,5,137.0
2025-03-11,4,5,149.0
2025-03-12,4,5,146.0
2025-03-13,4,5,153.0
2025-03-14,4,5,135.0
2025-03-15,4,5,141.0
2025-03-16,4,5,129.0
2025-03-17,4,5,132.0
2025-03-18,4,5,145.0
2025-03-19,4,5,153.0
2025-03-20,4,5,141.0
2025-03-21,4,5,133.0
2025-03-22,4,5,138.0
2025-03-23,4,5,138.0
2025-03-24,4,5,136.0
2025-03-25,4,5,142.0
2025-03-26,4,5,152.0
2025-03-27,4,5,135.0
2025-03-28,4,5,143.0
2025-03-29,4,5,137.0
2025-03-30,4,5,123.0
2025-03-31,4,5,141.0
2025-04-01,4,5,137.0
2025-04-02,4,5,142.0
2025-04-03,4,5,142.0
2025-04-04,4,5,131.0
2025-04-05,4,5,145.0
2025-04-06,4,5,140.0
2025-04-07,4,5,148.0
2025-04-08,4,5,146.0
2025-04-09,4,5,149.0
2025-04-10,4,5,152.0
2025-04-11,4,5,140.0
2025-04-12,4,5,137.0
2025-04-13,4,5,130.0
2025-04-14,4,5,136.0
2025-04-15,4,5,148.0
2025-04-16,4,5,150.0
2025-04-17,4,5,139.0
2025-04-18,4,5,139.0
2025-04-19,4,5,127.0
2025-04-20,4,5,135.0
2025-04-21,4,5,133.0
2025-04-22,4,5,153.0
2025-04-23,4,5,146.0
2025-04-24,4,5,140.0
2025-04-25,4,5,131.0
2025-04-26,4,5,126.0
2025-04-27,4,5,136.0
2025-04-28,4,5,145.0
2025-04-29,4,5,150.0
2025-04-30,4,5,154.0
2025-05-01,4,5,151.0
2025-05-02,4,5,141.0
2025-05-03,4,5,129.0
2025-05-04,4,5,134.0
2025-05-05,4,5,127.0
2025-05-06,4,5,147.0
2025-05-07,4,5,146.0
2025-05-08,4,5,149.0
2025-05-09,4,5,130.0
2025-05-10,4,5,133.0
2025-05-11,4,5,126.0
2025-05-12,4,5,136.0
2025-05-13,4,5,134.0
2025-05-14,4,5,151.0
2025-05-15,4,5,145.0
2025-05-16,4,5,130.0
2025-05-17,4,5,130.0
2025-05-18,4,5,130.0
2025-05-19,4,5,132.0
2025-05-20,4,5,141.0
2025-05-21,4,5,140.0
2025-05-22,4,5,143.0
2025-05-23,4,5,130.0
2025-05-24,4,5,139.0
2025-05-25,4,5,127.0
2025-05-26,4,5,134.0
2025-05-27,4,5,141.0
2025-05-28,4,5,144.0
2025-05-29,4,5,136.0
2025-05-30,4,5,131.0
2025-05-31,4,5,125.0
2025-06-01,4,5,121.0
2025-06-02,4,5,125.0
2025-06-03,4,5,140.0
2025-06-04,4,5,145.0
2025-06-05,4,5,125.0
2025-06-06,4,5,119.0
2025-06-07,4,5,114.0
2025-06-08,4,5,127.0
2025-06-09,4,5,133.0
2025-06-10,4,5,129.0
2025-06-11,4,5,146.0
2025-06-12,4,5,28.533179918751134
2025-06-13,4,5,28.975554801212393
2025-06-14,4,5,27.20605527136736
2025-06-15,4,5,25.43655574152233
2025-06-16,4,5,27.427242712597987
2025-06-17,4,5,28.090805036289876
2025-06-18,4,5,27.648430153828617
2025-06-19,4,5,127.0
2025-06-20,4,5,115.0
2025-06-21,4,5,116.0
2025-06-22,4,5,127.0
2025-06-23,4,5,127.0
2025-06-24,4,5,126.0
2025-06-25,4,5,126.0
2025-06-26,4,5,123.0
2025-06-27,4,5,129.0
2025-06-28,4,5,108.0
2025-06-29,4,5,115.0
2025-06-30,4,5,123.0
2025-07-01,4,5,132.0
2025-07-02,4,5,125.0
2025-07-03,4,5,117.0
2025-07-04,4,5,117.0
2025-07-05,4,5,118.0
2025-07-06,4,5,111.0
2025-07-07,4,5,113.0
2025-07-08,4,5,124.0
2025-07-09,4,5,116.0
2025-07-10,4,5,119.0
2025-07-11,4,5,119.0
2025-07-12,4,5,113.0
2025-07-13,4,5,109.0
2025-07-14,4,5,123.0
2025-07-15,4,5,130.0
2025-07-16,4,5,125.0
2025-07-17,4,5,109.0
2025-07-18,4,5,100.0
2025-07-19,4,5,113.0
2025-07-20,4,5,108.0
2025-07-21,4,5,121.0
2025-07-22,4,5,111.0
2025-07-23,4,5,118.0
2025-07-24,4,5,120.0
2025-07-25,4,5,104.0
2025-07-26,4,5,108.0
2025-07-27,4,5,104.0
2025-07-28,4,5,110.0
2025-07-29,4,5,109.0
2025-07-30,4,5,118.0
2025-07-31,4,5,123.0
2025-08-01,4,5,107.0
2025-08-02,4,5,97.0
2025-08-03,4,5,109.0
2025-08-04,4,5,103.0
2025-08-05,4,5,122.0
2025-08-06,4,5,108.0
2025-08-07,4,5,111.0
2025-08-08,4,5,111.0
2025-08-09,4,5,94.0
2025-08-10,4,5,100.0
2025-08-11,4,5,111.0
2025-08-12,4,5,99.0
2025-08-13,4,5,117.0
2025-08-14,4,5,107.0
2025-08-15,4,5,108.0
2025-08-16,4,5,92.0
2025-08-17,4,5,91.0
2025-08-18,4,5,101.0
2025-08-19,4,5,106.0
2025-08-20,4,5,109.0
2025-08-21,4,5,103.0
2025-08-22,4,5,89.0
2025-08-23,4,5,94.0
2025-08-24,4,5,97.0
2025-08-25,4,5,101.0
2025-08-26,4,5,109.0
2025-08-27,4,5,109.0
2025-08-28,4,5,97.0
2025-08-29,4,5,96.0
2025-08-30,4,5,94.0
2025-08-31,4,5,93.0
2025-09-01,4,5,93.0
2025-09-02,4,5,112.0
2025-09-03,4,5,102.0
2025-09-04,4,5,97.0
2025-09-05,4,5,97.0
2025-09-06,4,5,91.0
2025-09-07,4,5,97.0
2025-09-08,4,5,104.0
2025-09-09,4,5,109.0
2025-09-10,4,5,106.0
2025-09-11,4,5,105.0
2025-09-12,4,5,88.0
2025-09-13,4,5,97.0
2025-09-14,4,5,91.0
2025-09-15,4,5,109.0
2025-09-16,4,5,110.0
2025-09-17,4,5,105.0
2025-09-18,4,5,102.0
2025-09-19,4,5,101.0
2025-09-20,4,5,79.0
2025-09-21,4,5,92.0
2025-09-22,4,5,107.0
2025-09-23,4,5,109.0
2025-09-24,4,5,101.0
2025-09-25,4,5,103.0
2025-09-26,4,5,90.0
2025-09-27,4,5,89.0
2025-09-28,4,5,94.0
2025-09-29,4,5,101.0
2025-09-30,4,5,108.0
2025-10-01,4,5,112.0
2025-10-02,4,5,96.0
2025-10-03,4,5,96.0
2025-10-04,4,5,87.0
2025-10-05,4,5,91.0
2025-10-06,4,5,95.0
2025-10-07,4,5,108.0
2025-10-08,4,5,112.0
2025-10-09,4,5,108.0
2025-10-10,4,5,90.0
2025-10-11,4,5,91.0
2025-10-12,4,5,88.0
2025-10-13,4,5,94.0
2025-10-14,4,5,102.0
2025-10-15,4,5,109.0
2025-10-16,4,5,106.0
2025-10-17,4,5,100.0
2025-10-18,4,5,96.0
2025-10-19,4,5,91.0
2025-10-20,4,5,107.0
2025-10-21,4,5,111.0
2025-10-22,4,5,107.0
2025-10-23,4,5,103.0
2025-10-24,4,5,95.0
2025-10-25,4,5,88.0
2025-10-26,4,5,100.0
2025-10-27,4,5,107.0
2025-10-28,4,5,104.0
2025-10-29,4,5,104.0
2025-10-30,4,5,102.0
2025-10-31,4,5,101.0
2025-11-01,4,5,89.0
2025-11-02,4,5,104.0
2025-11-03,4,5,110.0
2025-11-04,4,5,113.0
2025-11-05,4,5,117.0
2025-11-06,4,5,109.0
2025-11-07,4,5,105.0
2025-11-08,4,5,92.0
2025-11-09,4,5,108.0
2025-11-10,4,5,104.0
2025-11-11,4,5,112.0
2025-11-12,4,5,127.0
2025-11-13,4,5,110.0
2025-11-14,4,5,109.0
2025-11-15,4,5,104.0
2025-11-16,4,5,96.0
2025-11-17,4,5,104.0
2025-11-18,4,5,126.0
2025-11-19,4,5,120.0
2025-11-20,4,5,113.0
2025-11-21,4,5,105.0
2025-11-22,4,5,105.0
2025-11-23,4,5,108.0
2025-11-24,4,5,113.0
2025-11-25,4,5,124.0
2025-11-26,4,5,116.0
2025-11-27,4,5,111.0
2025-11-28,4,5,116.0
2025-11-29,4,5,117.0
2025-11-30,4,5,113.0
2025-12-01,4,5,122.0
2025-12-02,4,5,121.0
2025-12-03,4,5,124.0
2025-12-04,4,5,121.0
2025-12-05,4,5,113.0
2025-12-06,4,5,117.0
2025-12-07,4,5,117.0
2025-12-08,4,5,116.0
2025-12-09,4,5,116.0
2025-12-10,4,5,126.0
2025-12-11,4,5,117.0
2025-12-12,4,5,117.0
2025-12-13,4,5,107.0
2025-12-14,4,5,121.0
2025-12-15,4,5,125.0
2025-12-16,4,5,131.0
2025-12-17,4,5,135.0
2025-12-18,4,5,128.0
2025-12-19,4,5,123.0
2025-12-20,4,5,124.0
2025-12-21,4,5,118.0
2025-12-22,4,5,128.0
2025-12-23,4,5,126.0
2025-12-24,4,5,133.0
2025-12-25,4,5,141.0
2025-12-26,4,5,128.0
2025-12-27,4,5,119.0
2025-12-28,4,5,123.0
2025-12-29,4,5,128.0
2025-12-30,4,5,136.0
2024-01-01,5,1,125.0
2024-01-02,5,1,123.0
2024-01-03,5,1,130.0
2024-01-04,5,1,116.0
2024-01-05,5,1,128.0
2024-01-06,5,1,99.0
2024-01-07,5,1,130.0
2024-01-08,5,1,138.0
2024-01-09,5,1,106.0
2024-01-10,5,1,148.0
2024-01-11,5,1,142.0
2024-01-12,5,1,124.0
2024-01-13,5,1,112.0
2024-01-14,5,1,118.0
2024-01-15,5,1,125.0
2024-01-16,5,1,151.0
2024-01-17,5,1,137.0
2024-01-18,5,1,146.0
2024-01-19,5,1,131.0
2024-01-20,5,1,129.0
2024-01-21,5,1,116.0
2024-01-22,5,1,126.0
2024-01-23,5,1,156.0
2024-01-24,5,1,145.0
2024-01-25,5,1,145.0
2024-01-26,5,1,154.0
2024-01-27,5,1,132.0
2024-01-28,5,1,134.0
2024-01-29,5,1,153.0
2024-01-30,5,1,149.0
2024-01-31,5,1,154.0
2024-02-01,5,1,157.0
2024-02-02,5,1,141.0
2024-02-03,5,1,145.0
2024-02-04,5,1,139.0
2024-02-05,5,1,156.0
2024-02-06,5,1,157.0
2024-02-07,5,1,153.0
2024-02-08,5,1,153.0
2024-02-09,5,1,123.0
2024-02-10,5,1,153.0
2024-02-11,5,1,133.0
2024-02-12,5,1,141.0
2024-02-13,5,1,153.0
2024-02-14,5,1,143.0
2024-02-15,5,1,160.0
2024-02-16,5,1,153.0
2024-02-17,5,1,142.0
2024-02-18,5,1,142.0
2024-02-19,5,1,148.0
2024-02-20,5,1,167.0
2024-02-21,5,1,148.0
2024-02-22,5,1,156.0
2024-02-23,5,1,139.0
2024-02-24,5,1,157.0
2024-02-25,5,1,149.0
2024-02-26,5,1,163.0
2024-02-27,5,1,176.0
2024-02-28,5,1,178.0
2024-02-29,5,1,153.0
2024-03-01,5,1,160.0
2024-03-02,5,1,163.0
2024-03-03,5,1,161.0
2024-03-04,5,1,169.0
2024-03-05,5,1,151.0
2024-03-06,5,1,176.0
2024-03-07,5,1,158.0
2024-03-08,5,1,166.0
2024-03-09,5,1,162.0
2024-03-10,5,1,163.0
2024-03-11,5,1,163.0
2024-03-12,5,1,182.0
2024-03-13,5,1,177.0
2024-03-14,5,1,171.0
2024-03-15,5,1,153.0
2024-03-16,5,1,161.0
2024-03-17,5,1,178.0
2024-03-18,5,1,153.0
2024-03-19,5,1,179.0
2024-03-20,5,1,182.0
2024-03-21,5,1,186.0
2024-03-22,5,1,170.0
2024-03-23,5,1,159.0
2024-03-24,5,1,165.0
2024-03-25,5,1,165.0
2024-03-26,5,1,185.0
2024-03-27,5,1,160.0
2024-03-28,5,1,166.0
2024-03-29,5,1,168.0
2024-03-30,5,1,171.0
2024-03-31,5,1,162.0
2024-04-01,5,1,160.0
2024-04-02,5,1,172.0
2024-04-03,5,1,172.0
2024-04-04,5,1,168.0
2024-04-05,5,1,161.0
2024-04-06,5,1,156.0
2024-04-07,5,1,146.0
2024-04-08,5,1,171.0
2024-04-09,5,1,180.0
2024-04-10,5,1,189.0
2024-04-11,5,1,179.0
2024-04-12,5,1,172.0
2024-04-13,5,1,163.0
2024-04-14,5,1,145.0
2024-04-15,5,1,170.0
2024-04-16,5,1,175.0
2024-04-17,5,1,184.0
2024-04-18,5,1,176.0
2024-04-19,5,1,163.0
2024-04-20,5,1,178.0
2024-04-21,5,1,169.0
2024-04-22,5,1,170.0
2024-04-23,5,1,177.0
2024-04-24,5,1,174.0
2024-04-25,5,1,170.0
2024-04-26,5,1,142.0
2024-04-27,5,1,150.0
2024-04-28,5,1,154.0
2024-04-29,5,1,169.0
2024-04-30,5,1,155.0
2024-05-01,5,1,167.0
2024-05-02,5,1,162.0
2024-05-03,5,1,162.0
2024-05-04,5,1,161.0
2024-05-05,5,1,151.0
2024-05-06,5,1,158.0
2024-05-07,5,1,162.0
2024-05-08,5,1,166.0
2024-05-09,5,1,165.0
2024-05-10,5,1,171.0
2024-05-11,5,1,144.0
2024-05-12,5,1,171.0
2024-05-13,5,1,149.0
2024-05-14,5,1,175.0
2024-05-15,5,1,163.0
2024-05-16,5,1,154.0
2024-05-17,5,1,168.0
2024-05-18,5,1,152.0
2024-05-19,5,1,153.0
2024-05-20,5,1,155.0
2024-05-21,5,1,158.0
2024-05-22,5,1,163.0
2024-05-23,5,1,129.0
2024-05-24,5,1,135.0
2024-05-25,5,1,152.0
2024-05-26,5,1,160.0
2024-05-27,5,1,167.0
2024-05-28,5,1,151.0
2024-05-29,5,1,163.0
2024-05-30,5,1,136.0
2024-05-31,5,1,146.0
2024-06-01,5,1,152.0
2024-06-02,5,1,145.0
2024-06-03,5,1,148.0
2024-06-04,5,1,156.0
2024-06-05,5,1,169.0
2024-06-06,5,1,150.0
2024-06-07,5,1,146.0
2024-06-08,5,1,155.0
2024-06-09,5,1,139.0
2024-06-10,5,1,131.0
2024-06-11,5,1,165.0
2024-06-12,5,1,162.0
2024-06-13,5,1,128.0
2024-06-14,5,1,140.0
2024-06-15,5,1,136.0
2024-06-16,5,1,150.0
2024-06-17,5,1,142.0
2024-06-18,5,1,149.0
2024-06-19,5,1,151.0
2024-06-20,5,1,140.0
2024-06-21,5,1,149.0
2024-06-22,5,1,125.0
2024-06-23,5,1,128.0
2024-06-24,5,1,138.0
2024-06-25,5,1,131.0
2024-06-26,5,1,161.0
2024-06-27,5,1,140.0
2024-06-28,5,1,140.0
2024-06-29,5,1,119.0
2024-06-30,5,1,135.0
2024-07-01,5,1,141.0
2024-07-02,5,1,148.0
2024-07-03,5,1,158.0
2024-07-04,5,1,130.0
2024-07-05,5,1,126.0
2024-07-06,5,1,115.0
2024-07-07,5,1,123.0
2024-07-08,5,1,136.0
2024-07-09,5,1,141.0
2024-07-10,5,1,151.0
2024-07-11,5,1,136.0
2024-07-12,5,1,124.0
2024-07-13,5,1,109.0
2024-07-14,5,1,128.0
2024-07-15,5,1,124.0
2024-07-16,5,1,139.0
2024-07-17,5,1,127.0
2024-07-18,5,1,138.0
2024-07-19,5,1,123.0
2024-07-20,5,1,124.0
2024-07-21,5,1,119.0
2024-07-22,5,1,112.0
2024-07-23,5,1,123.0
2024-07-24,5,1,115.0
2024-07-25,5,1,124.0
2024-07-26,5,1,102.0
2024-07-27,5,1,113.0
2024-07-28,5,1,78.0
2024-07-29,5,1,125.0
2024-07-30,5,1,112.0
2024-07-31,5,1,114.0
2024-08-01,5,1,131.0
2024-08-02,5,1,115.0
2024-08-03,5,1,115.0
2024-08-04,5,1,98.0
2024-08-05,5,1,122.0
2024-08-06,5,1,117.0
2024-08-07,5,1,121.0
2024-08-08,5,1,129.0
2024-08-09,5,1,97.0
2024-08-10,5,1,112.0
2024-08-11,5,1,108.0
2024-08-12,5,1,108.0
2024-08-13,5,1,105.0
2024-08-14,5,1,114.0
2024-08-15,5,1,104.0
2024-08-16,5,1,116.0
2024-08-17,5,1,101.0
2024-08-18,5,1,95.0
2024-08-19,5,1,93.0
2024-08-20,5,1,108.0
2024-08-21,5,1,125.0
2024-08-22,5,1,110.0
2024-08-23,5,1,100.0
2024-08-24,5,1,113.0
2024-08-25,5,1,95.0
2024-08-26,5,1,97.0
2024-08-27,5,1,114.0
2024-08-28,5,1,115.0
2024-08-29,5,1,101.0
2024-08-30,5,1,92.0
2024-08-31,5,1,109.0
2024-09-01,5,1,92.0
2024-09-02,5,1,89.0
2024-09-03,5,1,110.0
2024-09-04,5,1,118.0
2024-09-05,5,1,103.0
2024-09-06,5,1,103.0
2024-09-07,5,1,84.0
2024-09-08,5,1,101.0
2024-09-09,5,1,92.0
2024-09-10,5,1,109.0
2024-09-11,5,1,115.0
2024-09-12,5,1,104.0
2024-09-13,5,1,85.0
2024-09-14,5,1,81.0
2024-09-15,5,1,109.0
2024-09-16,5,1,92.0
2024-09-17,5,1,113.0
2024-09-18,5,1,108.0
2024-09-19,5,1,93.0
2024-09-20,5,1,91.0
2024-09-21,5,1,108.0
2024-09-22,5,1,126.0
2024-09-23,5,1,96.0
2024-09-24,5,1,102.0
2024-09-25,5,1,91.0
2024-09-26,5,1,87.0
2024-09-27,5,1,88.0
2024-09-28,5,1,88.0
2024-09-29,5,1,93.0
2024-09-30,5,1,106.0
2024-10-01,5,1,107.0
2024-10-02,5,1,113.0
2024-10-03,5,1,97.0
2024-10-04,5,1,96.0
2024-10-05,5,1,89.0
2024-10-06,5,1,82.0
2024-10-07,5,1,82.0
2024-10-08,5,1,100.0
2024-10-09,5,1,85.0
2024-10-10,5,1,93.0
2024-10-11,5,1,102.0
2024-10-12,5,1,95.0
2024-10-13,5,1,95.0
2024-10-14,5,1,112.0
2024-10-15,5,1,101.0
2024-10-16,5,1,116.0
2024-10-17,5,1,98.0
2024-10-18,5,1,101.0
2024-10-19,5,1,96.0
2024-10-20,5,1,99.0
2024-10-21,5,1,99.0
2024-10-22,5,1,112.0
2024-10-23,5,1,115.0
2024-10-24,5,1,94.0
2024-10-25,5,1,109.0
2024-10-26,5,1,86.0
2024-10-27,5,1,91.0
2024-10-28,5,1,108.0
2024-10-29,5,1,117.0
2024-10-30,5,1,116.0
2024-10-31,5,1,113.0
2024-11-01,5,1,93.0
2024-11-02,5,1,95.0
2024-11-03,5,1,83.0
2024-11-04,5,1,31.737346390050924
2024-11-05,5,1,32.37209331785194
2024-11-06,5,1,37.132695276359584
2024-11-07,5,1,42.84541762656875
2024-11-08,5,1,36.18057488465806
2024-11-09,5,1,82.0
2024-11-10,5,1,91.0
2024-11-11,5,1,100.0
2024-11-12,5,1,102.0
2024-11-13,5,1,118.0
2024-11-14,5,1,119.0
2024-11-15,5,1,99.0
2024-11-16,5,1,105.0
2024-11-17,5,1,111.0
2024-11-18,5,1,122.0
2024-11-19,5,1,124.0
2024-11-20,5,1,127.0
2024-11-21,5,1,120.0
2024-11-22,5,1,105.0
2024-11-23,5,1,104.0
2024-11-24,5,1,101.0
2024-11-25,5,1,134.0
2024-11-26,5,1,113.0
2024-11-27,5,1,137.0
2024-11-28,5,1,111.0
2024-11-29,5,1,126.0
2024-11-30,5,1,125.0
2024-12-01,5,1,128.0
2024-12-02,5,1,115.0
2024-12-03,5,1,133.0
2024-12-04,5,1,128.0
2024-12-05,5,1,121.0
2024-12-06,5,1,124.0
2024-12-07,5,1,128.0
2024-12-08,5,1,117.0
2024-12-09,5,1,132.0
2024-12-10,5,1,127.0
2024-12-11,5,1,128.0
2024-12-12,5,1,132.0
2024-12-13,5,1,126.0
2024-12-14,5,1,132.0
2024-12-15,5,1,116.0
2024-12-16,5,1,154.0
2024-12-17,5,1,124.0
2024-12-18,5,1,145.0
2024-12-19,5,1,137.0
2024-12-20,5,1,128.0
2024-12-21,5,1,129.0
2024-12-22,5,1,139.0
2024-12-23,5,1,147.0
2024-12-24,5,1,144.0
2024-12-25,5,1,152.0
2024-12-26,5,1,133.0
2024-12-27,5,1,138.0
2024-12-28,5,1,140.0
2024-12-29,5,1,117.0
2024-12-30,5,1,146.0
2024-12-31,5,1,150.0
2025-01-01,5,1,166.0
2025-01-02,5,1,152.0
2025-01-03,5,1,149.0
2025-01-04,5,1,139.0
2025-01-05,5,1,149.0
2025-01-06,5,1,155.0
2025-01-07,5,1,145.0
2025-01-08,5,1,162.0
2025-01-09,5,1,167.0
2025-01-10,5,1,159.0
2025-01-11,5,1,147.0
2025-01-12,5,1,152.0
2025-01-13,5,1,164.0
2025-01-14,5,1,151.0
2025-01-15,5,1,169.0
2025-01-16,5,1,143.0
2025-01-17,5,1,163.0
2025-01-18,5,1,148.0
2025-01-19,5,1,153.0
2025-01-20,5,1,155.0
2025-01-21,5,1,167.0
2025-01-22,5,1,172.0
2025-01-23,5,1,173.0
2025-01-24,5,1,172.0
2025-01-25,5,1,157.0
2025-01-26,5,1,143.0
2025-01-27,5,1,178.0
2025-01-28,5,1,158.0
2025-01-29,5,1,170.0
2025-01-30,5,1,166.0
2025-01-31,5,1,165.0
2025-02-01,5,1,150.0
2025-02-02,5,1,151.0
2025-02-03,5,1,170.0
2025-02-04,5,1,169.0
2025-02-05,5,1,191.0
2025-02-06,5,1,170.0
2025-02-07,5,1,160.0
2025-02-08,5,1,181.0
2025-02-09,5,1,172.0
2025-02-10,5,1,200.0
2025-02-11,5,1,163.0
2025-02-12,5,1,185.0
2025-02-13,5,1,184.0
2025-02-14,5,1,174.0
2025-02-15,5,1,166.0
2025-02-16,5,1,183.0
2025-02-17,5,1,183.0
2025-02-18,5,1,169.0
2025-02-19,5,1,179.0
2025-02-20,5,1,172.0
2025-02-21,5,1,176.0
2025-02-22,5,1,182.0
2025-02-23,5,1,172.0
2025-02-24,5,1,180.0
2025-02-25,5,1,179.0
2025-02-26,5,1,197.0
2025-02-27,5,1,198.0
2025-02-28,5,1,180.0
2025-03-01,5,1,191.0
2025-03-02,5,1,173.0
2025-03-03,5,1,172.0
2025-03-04,5,1,199.0
2025-03-05,5,1,192.0
2025-03-06,5,1,184.0
2025-03-07,5,1,184.0
2025-03-08,5,1,165.0
2025-03-09,5,1,165.0
2025-03-10,5,1,188.0
2025-03-11,5,1,198.0
2025-03-12,5,1,209.0
2025-03-13,5,1,200.0
2025-03-14,5,1,191.0
2025-03-15,5,1,193.0
2025-03-16,5,1,188.0
2025-03-17,5,1,186.0
2025-03-18,5,1,204.0
2025-03-19,5,1,206.0
2025-03-20,5,1,193.0
2025-03-21,5,1,176.0
2025-03-22,5,1,166.0
2025-03-23,5,1,193.0
2025-03-24,5,1,195.0
2025-03-25,5,1,203.0
2025-03-26,5,1,207.0
2025-03-27,5,1,186.0
2025-03-28,5,1,171.0
2025-03-29,5,1,189.0
2025-03-30,5,1,197.0
2025-03-31,5,1,195.0
2025-04-01,5,1,184.0
2025-04-02,5,1,202.0
2025-04-03,5,1,185.0
2025-04-04,5,1,174.0
2025-04-05,5,1,184.0
2025-04-06,5,1,188.0
2025-04-07,5,1,191.0
2025-04-08,5,1,202.0
2025-04-09,5,1,192.0
2025-04-10,5,1,196.0
2025-04-11,5,1,184.0
2025-04-12,5,1,182.0
2025-04-13,5,1,188.0
2025-04-14,5,1,202.0
2025-04-15,5,1,200.0
2025-04-16,5,1,205.0
2025-04-17,5,1,195.0
2025-04-18,5,1,193.0
2025-04-19,5,1,193.0
2025-04-20,5,1,203.0
2025-04-21,5,1,202.0
2025-04-22,5,1,196.0
2025-04-23,5,1,209.0
2025-04-24,5,1,199.0
2025-04-25,5,1,181.0
2025-04-26,5,1,188.0
2025-04-27,5,1,173.0
2025-04-28,5,1,195.0
2025-04-29,5,1,211.0
2025-04-30,5,1,204.0
2025-05-01,5,1,203.0
2025-05-02,5,1,182.0
2025-05-03,5,1,185.0
2025-05-04,5,1,188.0
2025-05-05,5,1,185.0
2025-05-06,5,1,199.0
2025-05-07,5,1,199.0
2025-05-08,5,1,196.0
2025-05-09,5,1,173.0
2025-05-10,5,1,190.0
2025-05-11,5,1,184.0
2025-05-12,5,1,184.0
2025-05-13,5,1,190.0
2025-05-14,5,1,191.0
2025-05-15,5,1,179.0
2025-05-16,5,1,191.0
2025-05-17,5,1,185.0
2025-05-18,5,1,186.0
2025-05-19,5,1,196.0
2025-05-20,5,1,189.0
2025-05-21,5,1,173.0
2025-05-22,5,1,190.0
2025-05-23,5,1,182.0
2025-05-24,5,1,187.0
2025-05-25,5,1,183.0
2025-05-26,5,1,180.0
2025-05-27,5,1,183.0
2025-05-28,5,1,195.0
2025-05-29,5,1,156.0
2025-05-30,5,1,176.0
2025-05-31,5,1,178.0
2025-06-01,5,1,169.0
2025-06-02,5,1,172.0
2025-06-03,5,1,183.0
2025-06-04,5,1,194.0
2025-06-05,5,1,181.0
2025-06-06,5,1,163.0
2025-06-07,5,1,176.0
2025-06-08,5,1,179.0
2025-06-09,5,1,164.0
2025-06-10,5,1,203.0
2025-06-11,5,1,178.0
2025-06-12,5,1,182.0
2025-06-13,5,1,172.0
2025-06-14,5,1,154.0
2025-06-15,5,1,158.0
2025-06-16,5,1,168.0
2025-06-17,5,1,155.0
2025-06-18,5,1,181.0
2025-06-19,5,1,151.0
2025-06-20,5,1,162.0
2025-06-21,5,1,150.0
2025-06-22,5,1,163.0
2025-06-23,5,1,142.0
2025-06-24,5,1,153.0
2025-06-25,5,1,164.0
2025-06-26,5,1,169.0
2025-06-27,5,1,159.0
2025-06-28,5,1,162.0
2025-06-29,5,1,154.0
2025-06-30,5,1,158.0
2025-07-01,5,1,154.0
2025-07-02,5,1,163.0
2025-07-03,5,1,160.0
2025-07-04,5,1,134.0
2025-07-05,5,1,140.0
2025-07-06,5,1,153.0
2025-07-07,5,1,156.0
2025-07-08,5,1,157.0
2025-07-09,5,1,155.0
2025-07-10,5,1,139.0
2025-07-11,5,1,128.0
2025-07-12,5,1,141.0
2025-07-13,5,1,158.0
2025-07-14,5,1,150.0
2025-07-15,5,1,165.0
2025-07-16,5,1,145.0
2025-07-17,5,1,154.0
2025-07-18,5,1,138.0
2025-07-19,5,1,132.0
2025-07-20,5,1,147.0
2025-07-21,5,1,144.0
2025-07-22,5,1,138.0
2025-07-23,5,1,153.0
2025-07-24,5,1,141.0
2025-07-25,5,1,127.0
2025-07-26,5,1,126.0
2025-07-27,5,1,155.0
2025-07-28,5,1,153.0
2025-07-29,5,1,128.0
2025-07-30,5,1,146.0
2025-07-31,5,1,142.0
2025-08-01,5,1,134.0
2025-08-02,5,1,125.0
2025-08-03,5,1,139.0
2025-08-04,5,1,147.0
2025-08-05,5,1,153.0
2025-08-06,5,1,147.0
2025-08-07,5,1,145.0
2025-08-08,5,1,129.0
2025-08-09,5,1,113.0
2025-08-10,5,1,114.0
2025-08-11,5,1,126.0
2025-08-12,5,1,138.0
2025-08-13,5,1,129.0
2025-08-14,5,1,126.0
2025-08-15,5,1,126.0
2025-08-16,5,1,133.0
2025-08-17,5,1,129.0
2025-08-18,5,1,123.0
2025-08-19,5,1,137.0
2025-08-20,5,1,126.0
2025-08-21,5,1,125.0
2025-08-22,5,1,111.0
2025-08-23,5,1,126.0
2025-08-24,5,1,120.0
2025-08-25,5,1,127.0
2025-08-26,5,1,142.0
2025-08-27,5,1,126.0
2025-08-28,5,1,135.0
2025-08-29,5,1,143.0
2025-08-30,5,1,110.0
2025-08-31,5,1,106.0
2025-09-01,5,1,115.0
2025-09-02,5,1,136.0
2025-09-03,5,1,150.0
2025-09-04,5,1,224.3086885341328
2025-09-05,5,1,201.10434144439492
2025-09-06,5,1,194.91651555379818
2025-09-07,5,1,190.2756461358506
2025-09-08,5,1,204.19825438969332
2025-09-09,5,1,207.2921673349917
2025-09-10,5,1,193.36955908114896
2025-09-11,5,1,144.0
2025-09-12,5,1,133.0
2025-09-13,5,1,109.0
2025-09-14,5,1,124.0
2025-09-15,5,1,137.0
2025-09-16,5,1,134.0
2025-09-17,5,1,129.0
2025-09-18,5,1,140.0
2025-09-19,5,1,122.0
2025-09-20,5,1,110.0
2025-09-21,5,1,107.0
2025-09-22,5,1,96.0
2025-09-23,5,1,148.0
2025-09-24,5,1,123.0
2025-09-25,5,1,135.0
2025-09-26,5,1,111.0
2025-09-27,5,1,117.0
2025-09-28,5,1,121.0
2025-09-29,5,1,112.0
2025-09-30,5,1,138.0
2025-10-01,5,1,129.0
2025-10-02,5,1,132.0
2025-10-03,5,1,134.0
2025-10-04,5,1,123.0
2025-10-05,5,1,117.0
2025-10-06,5,1,142.0
2025-10-07,5,1,130.0
2025-10-08,5,1,132.0
2025-10-09,5,1,126.0
2025-10-10,5,1,110.0
2025-10-11,5,1,105.0
2025-10-12,5,1,114.0
2025-10-13,5,1,116.0
2025-10-14,5,1,129.0
2025-10-15,5,1,141.0
2025-10-16,5,1,125.0
2025-10-17,5,1,125.0
2025-10-18,5,1,114.0
2025-10-19,5,1,144.0
2025-10-20,5,1,141.0
2025-10-21,5,1,131.0
2025-10-22,5,1,137.0
2025-10-23,5,1,119.0
2025-10-24,5,1,123.0
2025-10-25,5,1,115.0
2025-10-26,5,1,130.0
2025-10-27,5,1,120.0
2025-10-28,5,1,151.0
2025-10-29,5,1,137.0
2025-10-30,5,1,125.0
2025-10-31,5,1,128.0
2025-11-01,5,1,130.0
2025-11-02,5,1,130.0
2025-11-03,5,1,133.0
2025-11-04,5,1,147.0
2025-11-05,5,1,148.0
2025-11-06,5,1,144.0
2025-11-07,5,1,128.0
2025-11-08,5,1,124.0
2025-11-09,5,1,127.0
2025-11-10,5,1,131.0
2025-11-11,5,1,143.0
2025-11-12,5,1,144.0
2025-11-13,5,1,156.0
2025-11-14,5,1,129.0
2025-11-15,5,1,121.0
2025-11-16,5,1,139.0
2025-11-17,5,1,140.0
2025-11-18,5,1,139.0
2025-11-19,5,1,155.0
2025-11-20,5,1,142.0
2025-11-21,5,1,152.0
2025-11-22,5,1,126.0
2025-11-23,5,1,131.0
2025-11-24,5,1,144.0
2025-11-25,5,1,162.0
2025-11-26,5,1,145.0
2025-11-27,5,1,152.0
2025-11-28,5,1,132.0
2025-11-29,5,1,148.0
2025-11-30,5,1,135.0
2025-12-01,5,1,154.0
2025-12-02,5,1,161.0
2025-12-03,5,1,140.0
2025-12-04,5,1,155.0
2025-12-05,5,1,142.0
2025-12-06,5,1,148.0
2025-12-07,5,1,138.0
2025-12-08,5,1,147.0
2025-12-09,5,1,170.0
2025-12-10,5,1,172.0
2025-12-11,5,1,149.0
2025-12-12,5,1,169.0
2025-12-13,5,1,125.0
2025-12-14,5,1,153.0
2025-12-15,5,1,146.0
2025-12-16,5,1,168.0
2025-12-17,5,1,164.0
2025-12-18,5,1,154.0
2025-12-19,5,1,150.0
2025-12-20,5,1,147.0
2025-12-21,5,1,157.0
2025-12-22,5,1,172.0
2025-12-23,5,1,188.0
2025-12-24,5,1,170.0
2025-12-25,5,1,171.0
2025-12-26,5,1,174.0
2025-12-27,5,1,155.0
2025-12-28,5,1,154.0
2025-12-29,5,1,186.0
2025-12-30,5,1,173.0
2024-01-01,5,2,104.0
2024-01-02,5,2,102.0
2024-01-03,5,2,90.0
2024-01-04,5,2,105.0
2024-01-05,5,2,81.0
2024-01-06,5,2,79.0
2024-01-07,5,2,79.0
2024-01-08,5,2,101.0
2024-01-09,5,2,96.0
2024-01-10,5,2,96.0
2024-01-11,5,2,93.0
2024-01-12,5,2,88.0
2024-01-13,5,2,95.0
2024-01-14,5,2,102.0
2024-01-15,5,2,110.0
2024-01-16,5,2,109.0
2024-01-17,5,2,112.0
2024-01-18,5,2,105.0
2024-01-19,5,2,103.0
2024-01-20,5,2,105.0
2024-01-21,5,2,95.0
2024-01-22,5,2,110.0
2024-01-23,5,2,101.0
2024-01-24,5,2,125.0
2024-01-25,5,2,113.0
2024-01-26,5,2,92.0
2024-01-27,5,2,108.0
2024-01-28,5,2,87.0
2024-01-29,5,2,85.0
2024-01-30,5,2,126.0
2024-01-31,5,2,124.0
2024-02-01,5,2,102.0
2024-02-02,5,2,110.0
2024-02-03,5,2,113.0
2024-02-04,5,2,106.0
2024-02-05,5,2,137.0
2024-02-06,5,2,112.0
2024-02-07,5,2,100.0
2024-02-08,5,2,103.0
2024-02-09,5,2,85.0
2024-02-10,5,2,126.0
2024-02-11,5,2,106.0
2024-02-12,5,2,135.0
2024-02-13,5,2,120.0
2024-02-14,5,2,116.0
2024-02-15,5,2,103.0
2024-02-16,5,2,108.0
2024-02-17,5,2,116.0
2024-02-18,5,2,107.0
2024-02-19,5,2,101.0
2024-02-20,5,2,133.0
2024-02-21,5,2,137.0
2024-02-22,5,2,118.0
2024-02-23,5,2,108.0
2024-02-24,5,2,92.0
2024-02-25,5,2,118.0
2024-02-26,5,2,115.0
2024-02-27,5,2,101.0
2024-02-28,5,2,116.0
2024-02-29,5,2,132.0
2024-03-01,5,2,114.0
2024-03-02,5,2,100.0
2024-03-03,5,2,115.0
2024-03-04,5,2,114.0
2024-03-05,5,2,124.0
2024-03-06,5,2,131.0
2024-03-07,5,2,146.0
2024-03-08,5,2,137.0
2024-03-09,5,2,93.0
2024-03-10,5,2,115.0
2024-03-11,5,2,109.0
2024-03-12,5,2,122.0
2024-03-13,5,2,116.0
2024-03-14,5,2,121.0
2024-03-15,5,2,108.0
2024-03-16,5,2,126.0
2024-03-17,5,2,109.0
2024-03-18,5,2,106.0
2024-03-19,5,2,134.0
2024-03-20,5,2,135.0
2024-03-21,5,2,128.0
2024-03-22,5,2,128.0
2024-03-23,5,2,129.0
2024-03-24,5,2,116.0
2024-03-25,5,2,130.0
2024-03-26,5,2,133.0
2024-03-27,5,2,143.0
2024-03-28,5,2,117.0
2024-03-29,5,2,129.0
2024-03-30,5,2,120.0
2024-03-31,5,2,109.0
2024-04-01,5,2,151.0
2024-04-02,5,2,122.0
2024-04-03,5,2,141.0
2024-04-04,5,2,122.0
2024-04-05,5,2,129.0
2024-04-06,5,2,139.0
2024-04-07,5,2,128.0
2024-04-08,5,2,127.0
2024-04-09,5,2,146.0
2024-04-10,5,2,132.0
2024-04-11,5,2,138.0
2024-04-12,5,2,124.0
2024-04-13,5,2,105.0
2024-04-14,5,2,138.0
2024-04-15,5,2,141.0
2024-04-16,5,2,127.0
2024-04-17,5,2,149.0
2024-04-18,5,2,120.0
2024-04-19,5,2,128.0
2024-04-20,5,2,118.0
2024-04-21,5,2,137.0
2024-04-22,5,2,131.0
2024-04-23,5,2,119.0
2024-04-24,5,2,148.0
2024-04-25,5,2,127.0
2024-04-26,5,2,117.0
2024-04-27,5,2,117.0
2024-04-28,5,2,112.0
2024-04-29,5,2,145.0
2024-04-30,5,2,143.0
2024-05-01,5,2,124.0
2024-05-02,5,2,123.0
2024-05-03,5,2,108.0
2024-05-04,5,2,126.0
2024-05-05,5,2,117.0
2024-05-06,5,2,115.0
2024-05-07,5,2,150.0
2024-05-08,5,2,140.0
2024-05-09,5,2,131.0
2024-05-10,5,2,121.0
2024-05-11,5,2,100.0
2024-05-12,5,2,122.0
2024-05-13,5,2,119.0
2024-05-14,5,2,141.0
2024-05-15,5,2,140.0
2024-05-16,5,2,127.0
2024-05-17,5,2,117.0
2024-05-18,5,2,129.0
2024-05-19,5,2,100.0
2024-05-20,5,2,116.0
2024-05-21,5,2,141.0
2024-05-22,5,2,147.0
2024-05-23,5,2,124.0
2024-05-24,5,2,109.0
2024-05-25,5,2,103.0
2024-05-26,5,2,97.0
2024-05-27,5,2,140.0
2024-05-28,5,2,126.0
2024-05-29,5,2,134.0
2024-05-30,5,2,128.0
2024-05-31,5,2,129.0
2024-06-01,5,2,103.0
2024-06-02,5,2,106.0
2024-06-03,5,2,126.0
2024-06-04,5,2,106.0
2024-06-05,5,2,142.0
2024-06-06,5,2,139.0
2024-06-07,5,2,114.0
2024-06-08,5,2,95.0
2024-06-09,5,2,116.0
2024-06-10,5,2,113.0
2024-06-11,5,2,124.0
2024-06-12,5,2,126.0
2024-06-13,5,2,111.0
2024-06-14,5,2,112.0
2024-06-15,5,2,87.0
2024-06-16,5,2,81.0
2024-06-17,5,2,116.0
2024-06-18,5,2,130.0
2024-06-19,5,2,116.0
2024-06-20,5,2,109.0
2024-06-21,5,2,112.0
2024-06-22,5,2,99.0
2024-06-23,5,2,95.0
2024-06-24,5,2,112.0
2024-06-25,5,2,117.0
2024-06-26,5,2,105.0
2024-06-27,5,2,111.0
2024-06-28,5,2,105.0
2024-06-29,5,2,91.0
2024-06-30,5,2,108.0
2024-07-01,5,2,111.0
2024-07-02,5,2,111.0
2024-07-03,5,2,117.0
2024-07-04,5,2,105.0
2024-07-05,5,2,97.0
2024-07-06,5,2,92.0
2024-07-07,5,2,77.0
2024-07-08,5,2,103.0
2024-07-09,5,2,114.0
2024-07-10,5,2,138.0
2024-07-11,5,2,111.0
2024-07-12,5,2,90.0
2024-07-13,5,2,74.0
2024-07-14,5,2,81.0
2024-07-15,5,2,95.0
2024-07-16,5,2,103.0
2024-07-17,5,2,107.0
2024-07-18,5,2,99.0
2024-07-19,5,2,92.0
2024-07-20,5,2,84.0
2024-07-21,5,2,90.0
2024-07-22,5,2,88.0
2024-07-23,5,2,92.0
2024-07-24,5,2,104.0
2024-07-25,5,2,105.0
2024-07-26,5,2,80.0
2024-07-27,5,2,79.0
2024-07-28,5,2,86.0
2024-07-29,5,2,93.0
2024-07-30,5,2,111.0
2024-07-31,5,2,114.0
2024-08-01,5,2,101.0
2024-08-02,5,2,102.0
2024-08-03,5,2,79.0
2024-08-04,5,2,93.0
2024-08-05,5,2,86.0
2024-08-06,5,2,103.0
2024-08-07,5,2,109.0
2024-08-08,5,2,97.0
2024-08-09,5,2,77.0
2024-08-10,5,2,63.0
2024-08-11,5,2,88.0
2024-08-12,5,2,87.0
2024-08-13,5,2,96.0
2024-08-14,5,2,116.0
2024-08-15,5,2,84.0
2024-08-16,5,2,92.0
2024-08-17,5,2,71.0
2024-08-18,5,2,79.0
2024-08-19,5,2,77.0
2024-08-20,5,2,88.0
2024-08-21,5,2,102.0
2024-08-22,5,2,106.0
2024-08-23,5,2,87.0
2024-08-24,5,2,80.0
2024-08-25,5,2,105.0
2024-08-26,5,2,92.0
2024-08-27,5,2,85.0
2024-08-28,5,2,79.0
2024-08-29,5,2,95.0
2024-08-30,5,2,67.0
2024-08-31,5,2,65.0
2024-09-01,5,2,80.0
2024-09-02,5,2,96.0
2024-09-03,5,2,90.0
2024-09-04,5,2,83.0
2024-09-05,5,2,88.0
2024-09-06,5,2,77.0
2024-09-07,5,2,76.0
2024-09-08,5,2,64.0
2024-09-09,5,2,76.0
2024-09-10,5,2,103.0
2024-09-11,5,2,102.0
2024-09-12,5,2,101.0
2024-09-13,5,2,60.0
2024-09-14,5,2,64.0
2024-09-15,5,2,86.0
2024-09-16,5,2,90.0
2024-09-17,5,2,96.0
2024-09-18,5,2,90.0
2024-09-19,5,2,82.0
2024-09-20,5,2,79.0
2024-09-21,5,2,69.0
2024-09-22,5,2,81.0
2024-09-23,5,2,84.0
2024-09-24,5,2,82.0
2024-09-25,5,2,100.0
2024-09-26,5,2,101.0
2024-09-27,5,2,93.0
2024-09-28,5,2,81.0
2024-09-29,5,2,83.0
2024-09-30,5,2,72.0
2024-10-01,5,2,85.0
2024-10-02,5,2,92.0
2024-10-03,5,2,95.0
2024-10-04,5,2,73.0
2024-10-05,5,2,71.0
2024-10-06,5,2,82.0
2024-10-07,5,2,86.0
2024-10-08,5,2,96.0
2024-10-09,5,2,87.0
2024-10-10,5,2,86.0
2024-10-11,5,2,76.0
2024-10-12,5,2,75.0
2024-10-13,5,2,73.0
2024-10-14,5,2,80.0
2024-10-15,5,2,95.0
2024-10-16,5,2,118.0
2024-10-17,5,2,97.0
2024-10-18,5,2,63.0
2024-10-19,5,2,80.0
2024-10-20,5,2,73.0
2024-10-21,5,2,77.0
2024-10-22,5,2,103.0
2024-10-23,5,2,98.0
2024-10-24,5,2,118.0
2024-10-25,5,2,82.0
2024-10-26,5,2,76.0
2024-10-27,5,2,93.0
2024-10-28,5,2,89.0
2024-10-29,5,2,86.0
2024-10-30,5,2,90.0
2024-10-31,5,2,91.0
2024-11-01,5,2,92.0
2024-11-02,5,2,93.0
2024-11-03,5,2,91.0
2024-11-04,5,2,97.0
2024-11-05,5,2,111.0
2024-11-06,5,2,108.0
2024-11-07,5,2,87.0
2024-11-08,5,2,86.0
2024-11-09,5,2,77.0
2024-11-10,5,2,98.0
2024-11-11,5,2,83.0
2024-11-12,5,2,92.0
2024-11-13,5,2,106.0
2024-11-14,5,2,119.0
2024-11-15,5,2,98.0
2024-11-16,5,2,96.0
2024-11-17,5,2,76.0
2024-11-18,5,2,103.0
2024-11-19,5,2,93.0
2024-11-20,5,2,115.0
2024-11-21,5,2,86.0
2024-11-22,5,2,90.0
2024-11-23,5,2,67.0
2024-11-24,5,2,82.0
2024-11-25,5,2,85.0
2024-11-26,5,2,115.0
2024-11-27,5,2,112.0
2024-11-28,5,2,100.0
2024-11-29,5,2,98.0
2024-11-30,5,2,83.0
2024-12-01,5,2,97.0
2024-12-02,5,2,102.0
2024-12-03,5,2,135.0
2024-12-04,5,2,131.0
2024-12-05,5,2,119.0
2024-12-06,5,2,103.0
2024-12-07,5,2,99.0
2024-12-08,5,2,111.0
2024-12-09,5,2,109.0
2024-12-10,5,2,119.0
2024-12-11,5,2,111.0
2024-12-12,5,2,105.0
2024-12-13,5,2,103.0
2024-12-14,5,2,71.0
2024-12-15,5,2,101.0
2024-12-16,5,2,107.0
2024-12-17,5,2,128.0
2024-12-18,5,2,134.0
2024-12-19,5,2,143.0
2024-12-20,5,2,114.0
2024-12-21,5,2,104.0
2024-12-22,5,2,99.0
2024-12-23,5,2,103.0
2024-12-24,5,2,132.0
2024-12-25,5,2,125.0
2024-12-26,5,2,124.0
2024-12-27,5,2,112.0
2024-12-28,5,2,107.0
2024-12-29,5,2,111.0
2024-12-30,5,2,122.0
2024-12-31,5,2,136.0
2025-01-01,5,2,116.0
2025-01-02,5,2,130.0
2025-01-03,5,2,102.0
2025-01-04,5,2,117.0
2025-01-05,5,2,116.0
2025-01-06,5,2,121.0
2025-01-07,5,2,130.0
2025-01-08,5,2,134.0
2025-01-09,5,2,204.53192324985483
2025-01-10,5,2,191.28884908259803
2025-01-11,5,2,180.98868028584275
2025-01-12,5,2,150.08817389557692
2025-01-13,5,2,192.7603017678488
2025-01-14,5,2,160.3883426923322
2025-01-15,5,2,167.74560611858598
2025-01-16,5,2,143.0
2025-01-17,5,2,108.0
2025-01-18,5,2,116.0
2025-01-19,5,2,135.0
2025-01-20,5,2,135.0
2025-01-21,5,2,142.0
2025-01-22,5,2,140.0
2025-01-23,5,2,136.0
2025-01-24,5,2,120.0
2025-01-25,5,2,116.0
2025-01-26,5,2,125.0
2025-01-27,5,2,135.0
2025-01-28,5,2,140.0
2025-01-29,5,2,120.0
2025-01-30,5,2,155.0
2025-01-31,5,2,140.0
2025-02-01,5,2,123.0
2025-02-02,5,2,137.0
2025-02-03,5,2,132.0
2025-02-04,5,2,148.0
2025-02-05,5,2,127.0
2025-02-06,5,2,145.0
2025-02-07,5,2,130.0
2025-02-08,5,2,130.0
2025-02-09,5,2,148.0
2025-02-10,5,2,139.0
2025-02-11,5,2,143.0
2025-02-12,5,2,145.0
2025-02-13,5,2,130.0
2025-02-14,5,2,140.0
2025-02-15,5,2,137.0
2025-02-16,5,2,134.0
2025-02-17,5,2,152.0
2025-02-18,5,2,160.0
2025-02-19,5,2,154.0
2025-02-20,5,2,154.0
2025-02-21,5,2,162.0
2025-02-22,5,2,125.0
2025-02-23,5,2,144.0
2025-02-24,5,2,146.0
2025-02-25,5,2,164.0
2025-02-26,5,2,147.0
2025-02-27,5,2,152.0
2025-02-28,5,2,134.0
2025-03-01,5,2,118.0
2025-03-02,5,2,153.0
2025-03-03,5,2,142.0
2025-03-04,5,2,147.0
2025-03-05,5,2,152.0
2025-03-06,5,2,171.0
2025-03-07,5,2,157.0
2025-03-08,5,2,136.0
2025-03-09,5,2,149.0
2025-03-10,5,2,138.0
2025-03-11,5,2,163.0
2025-03-12,5,2,155.0
2025-03-13,5,2,159.0
2025-03-14,5,2,131.0
2025-03-15,5,2,134.0
2025-03-16,5,2,144.0
2025-03-17,5,2,152.0
2025-03-18,5,2,143.0
2025-03-19,5,2,151.0
2025-03-20,5,2,160.0
2025-03-21,5,2,150.0
2025-03-22,5,2,148.0
2025-03-23,5,2,145.0
2025-03-24,5,2,141.0
2025-03-25,5,2,156.0
2025-03-26,5,2,168.0
2025-03-27,5,2,146.0
2025-03-28,5,2,136.0
2025-03-29,5,2,139.0
2025-03-30,5,2,147.0
2025-03-31,5,2,133.0
2025-04-01,5,2,158.0
2025-04-02,5,2,168.0
2025-04-03,5,2,164.0
2025-04-04,5,2,137.0
2025-04-05,5,2,146.0
2025-04-06,5,2,155.0
2025-04-07,5,2,159.0
2025-04-08,5,2,156.0
2025-04-09,5,2,138.0
2025-04-10,5,2,159.0
2025-04-11,5,2,165.0
2025-04-12,5,2,151.0
2025-04-13,5,2,152.0
2025-04-14,5,2,154.0
2025-04-15,5,2,170.0
2025-04-16,5,2,166.0
2025-04-17,5,2,139.0
2025-04-18,5,2,157.0
2025-04-19,5,2,133.0
2025-04-20,5,2,145.0
2025-04-21,5,2,160.0
2025-04-22,5,2,152.0
2025-04-23,5,2,152.0
2025-04-24,5,2,161.0
2025-04-25,5,2,135.0
2025-04-26,5,2,139.0
2025-04-27,5,2,155.0
2025-04-28,5,2,168.0
2025-04-29,5,2,141.0
2025-04-30,5,2,159.0
2025-05-01,5,2,169.0
2025-05-02,5,2,142.0
2025-05-03,5,2,148.0
2025-05-04,5,2,151.0
2025-05-05,5,2,144.0
2025-05-06,5,2,162.0
2025-05-07,5,2,165.0
2025-05-08,5,2,163.0
2025-05-09,5,2,128.0
2025-05-10,5,2,152.0
2025-05-11,5,2,148.0
2025-05-12,5,2,137.0
2025-05-13,5,2,155.0
2025-05-14,5,2,167.0
2025-05-15,5,2,141.0
2025-05-16,5,2,133.0
2025-05-17,5,2,137.0
2025-05-18,5,2,134.0
2025-05-19,5,2,149.0
2025-05-20,5,2,163.0
2025-05-21,5,2,159.0
2025-05-22,5,2,150.0
2025-05-23,5,2,150.0
2025-05-24,5,2,134.0
2025-05-25,5,2,129.0
2025-05-26,5,2,157.0
2025-05-27,5,2,127.0
2025-05-28,5,2,155.0
2025-05-29,5,2,144.0
2025-05-30,5,2,129.0
2025-05-31,5,2,136.0
2025-06-01,5,2,139.0
2025-06-02,5,2,133.0
2025-06-03,5,2,135.0
2025-06-04,5,2,138.0
2025-06-05,5,2,165.0
2025-06-06,5,2,156.0
2025-06-07,5,2,130.0
2025-06-08,5,2,117.0
2025-06-09,5,2,138.0
2025-06-10,5,2,124.0
2025-06-11,5,2,152.0
2025-06-12,5,2,133.0
2025-06-13,5,2,121.0
2025-06-14,5,2,138.0
2025-06-15,5,2,127.0
2025-06-16,5,2,146.0
2025-06-17,5,2,157.0
2025-06-18,5,2,145.0
2025-06-19,5,2,140.0
2025-06-20,5,2,142.0
2025-06-21,5,2,119.0
2025-06-22,5,2,138.0
2025-06-23,5,2,113.0
2025-06-24,5,2,138.0
2025-06-25,5,2,145.0
2025-06-26,5,2,125.0
2025-06-27,5,2,132.0
2025-06-28,5,2,124.0
2025-06-29,5,2,116.0
2025-06-30,5,2,123.0
2025-07-01,5,2,130.0
2025-07-02,5,2,124.0
2025-07-03,5,2,151.0
2025-07-04,5,2,123.0
2025-07-05,5,2,105.0
2025-07-06,5,2,119.0
2025-07-07,5,2,131.0
2025-07-08,5,2,127.0
2025-07-09,5,2,134.0
2025-07-10,5,2,145.0
2025-07-11,5,2,110.0
2025-07-12,5,2,110.0
2025-07-13,5,2,97.0
2025-07-14,5,2,144.0
2025-07-15,5,2,140.0
2025-07-16,5,2,134.0
2025-07-17,5,2,121.0
2025-07-18,5,2,111.0
2025-07-19,5,2,110.0
2025-07-20,5,2,120.0
2025-07-21,5,2,111.0
2025-07-22,5,2,125.0
2025-07-23,5,2,141.0
2025-07-24,5,2,143.0
2025-07-25,5,2,122.0
2025-07-26,5,2,103.0
2025-07-27,5,2,110.0
2025-07-28,5,2,124.0
2025-07-29,5,2,125.0
2025-07-30,5,2,137.0
2025-07-31,5,2,116.0
2025-08-01,5,2,131.0
2025-08-02,5,2,107.0
2025-08-03,5,2,103.0
2025-08-04,5,2,124.0
2025-08-05,5,2,115.0
2025-08-06,5,2,128.0
2025-08-07,5,2,136.0
2025-08-08,5,2,99.0
2025-08-09,5,2,118.0
2025-08-10,5,2,94.0
2025-08-11,5,2,124.0
2025-08-12,5,2,113.0
2025-08-13,5,2,137.0
2025-08-14,5,2,113.0
2025-08-15,5,2,106.0
2025-08-16,5,2,94.0
2025-08-17,5,2,80.0
2025-08-18,5,2,101.0
2025-08-19,5,2,103.0
2025-08-20,5,2,102.0
2025-08-21,5,2,120.0
2025-08-22,5,2,124.0
2025-08-23,5,2,121.0
2025-08-24,5,2,91.0
2025-08-25,5,2,110.0
2025-08-26,5,2,132.0
2025-08-27,5,2,108.0
2025-08-28,5,2,128.0
2025-08-29,5,2,119.0
2025-08-30,5,2,80.0
2025-08-31,5,2,77.0
2025-09-01,5,2,106.0
2025-09-02,5,2,128.0
2025-09-03,5,2,104.0
2025-09-04,5,2,93.0
2025-09-05,5,2,106.0
2025-09-06,5,2,106.0
2025-09-07,5,2,94.0
2025-09-08,5,2,103.0
2025-09-09,5,2,124.0
2025-09-10,5,2,110.0
2025-09-11,5,2,105.0
2025-09-12,5,2,107.0
2025-09-13,5,2,103.0
2025-09-14,5,2,98.0
2025-09-15,5,2,124.0
2025-09-16,5,2,124.0
2025-09-17,5,2,115.0
2025-09-18,5,2,99.0
2025-09-19,5,2,114.0
2025-09-20,5,2,109.0
2025-09-21,5,2,99.0
2025-09-22,5,2,23.721423665111402
2025-09-23,5,2,26.499608418683007
2025-09-24,5,2,28.850380133243597
2025-09-25,5,2,26.07219537967199
2025-09-26,5,2,23.080304106594877
2025-09-27,5,2,23.080304106594877
2025-09-28,5,2,23.93513018461691
2025-09-29,5,2,111.0
2025-09-30,5,2,126.0
2025-10-01,5,2,112.0
2025-10-02,5,2,124.0
2025-10-03,5,2,97.0
2025-10-04,5,2,88.0
2025-10-05,5,2,99.0
2025-10-06,5,2,95.0
2025-10-07,5,2,111.0
2025-10-08,5,2,123.0
2025-10-09,5,2,117.0
2025-10-10,5,2,112.0
2025-10-11,5,2,106.0
2025-10-12,5,2,106.0
2025-10-13,5,2,101.0
2025-10-14,5,2,128.0
2025-10-15,5,2,119.0
2025-10-16,5,2,118.0
2025-10-17,5,2,107.0
2025-10-18,5,2,117.0
2025-10-19,5,2,90.0
2025-10-20,5,2,108.0
2025-10-21,5,2,125.0
2025-10-22,5,2,122.0
2025-10-23,5,2,112.0
2025-10-24,5,2,88.0
2025-10-25,5,2,99.0
2025-10-26,5,2,108.0
2025-10-27,5,2,119.0
2025-10-28,5,2,120.0
2025-10-29,5,2,126.0
2025-10-30,5,2,107.0
2025-10-31,5,2,114.0
2025-11-01,5,2,105.0
2025-11-02,5,2,108.0
2025-11-03,5,2,113.0
2025-11-04,5,2,126.0
2025-11-05,5,2,133.0
2025-11-06,5,2,123.0
2025-11-07,5,2,93.0
2025-11-08,5,2,110.0
2025-11-09,5,2,105.0
2025-11-10,5,2,110.0
2025-11-11,5,2,140.0
2025-11-12,5,2,119.0
2025-11-13,5,2,115.0
2025-11-14,5,2,91.0
2025-11-15,5,2,125.0
2025-11-16,5,2,121.0
2025-11-17,5,2,117.0
2025-11-18,5,2,136.0
2025-11-19,5,2,108.0
2025-11-20,5,2,131.0
2025-11-21,5,2,109.0
2025-11-22,5,2,130.0
2025-11-23,5,2,119.0
2025-11-24,5,2,125.0
2025-11-25,5,2,124.0
2025-11-26,5,2,126.0
2025-11-27,5,2,136.0
2025-11-28,5,2,112.0
2025-11-29,5,2,107.0
2025-11-30,5,2,133.0
2025-12-01,5,2,130.0
2025-12-02,5,2,124.0
2025-12-03,5,2,144.0
2025-12-04,5,2,130.0
2025-12-05,5,2,106.0
2025-12-06,5,2,114.0
2025-12-07,5,2,111.0
2025-12-08,5,2,133.0
2025-12-09,5,2,132.0
2025-12-10,5,2,143.0
2025-12-11,5,2,143.0
2025-12-12,5,2,153.0
2025-12-13,5,2,143.0
2025-12-14,5,2,128.0
2025-12-15,5,2,133.0
2025-12-16,5,2,137.0
2025-12-17,5,2,128.0
2025-12-18,5,2,116.0
2025-12-19,5,2,123.0
2025-12-20,5,2,144.0
2025-12-21,5,2,146.0
2025-12-22,5,2,139.0
2025-12-23,5,2,151.0
2025-12-24,5,2,143.0
2025-12-25,5,2,144.0
2025-12-26,5,2,127.0
2025-12-27,5,2,122.0
2025-12-28,5,2,139.0
2025-12-29,5,2,135.0
2025-12-30,5,2,156.0
2024-01-01,5,3,163.0
2024-01-02,5,3,148.0
2024-01-03,5,3,163.0
2024-01-04,5,3,165.0
2024-01-05,5,3,147.0
2024-01-06,5,3,120.0
2024-01-07,5,3,148.0
2024-01-08,5,3,161.0
2024-01-09,5,3,153.0
2024-01-10,5,3,162.0
2024-01-11,5,3,149.0
2024-01-12,5,3,128.0
2024-01-13,5,3,159.0
2024-01-14,5,3,151.0
2024-01-15,5,3,176.0
2024-01-16,5,3,177.0
2024-01-17,5,3,168.0
2024-01-18,5,3,166.0
2024-01-19,5,3,165.0
2024-01-20,5,3,164.0
2024-01-21,5,3,161.0
2024-01-22,5,3,177.0
2024-01-23,5,3,172.0
2024-01-24,5,3,167.0
2024-01-25,5,3,172.0
2024-01-26,5,3,167.0
2024-01-27,5,3,149.0
2024-01-28,5,3,150.0
2024-01-29,5,3,176.0
2024-01-30,5,3,176.0
2024-01-31,5,3,181.0
2024-02-01,5,3,175.0
2024-02-02,5,3,186.0
2024-02-03,5,3,179.0
2024-02-04,5,3,157.0
2024-02-05,5,3,172.0
2024-02-06,5,3,194.0
2024-02-07,5,3,194.0
2024-02-08,5,3,183.0
2024-02-09,5,3,165.0
2024-02-10,5,3,165.0
2024-02-11,5,3,169.0
2024-02-12,5,3,185.0
2024-02-13,5,3,208.0
2024-02-14,5,3,187.0
2024-02-15,5,3,179.0
2024-02-16,5,3,180.0
2024-02-17,5,3,187.0
2024-02-18,5,3,165.0
2024-02-19,5,3,201.0
2024-02-20,5,3,194.0
2024-02-21,5,3,191.0
2024-02-22,5,3,178.0
2024-02-23,5,3,192.0
2024-02-24,5,3,179.0
2024-02-25,5,3,185.0
2024-02-26,5,3,182.0
2024-02-27,5,3,196.0
2024-02-28,5,3,197.0
2024-02-29,5,3,196.0
2024-03-01,5,3,183.0
2024-03-02,5,3,169.0
2024-03-03,5,3,214.0
2024-03-04,5,3,181.0
2024-03-05,5,3,205.0
2024-03-06,5,3,188.0
2024-03-07,5,3,181.0
2024-03-08,5,3,193.0
2024-03-09,5,3,189.0
2024-03-10,5,3,202.0
2024-03-11,5,3,202.0
2024-03-12,5,3,204.0
2024-03-13,5,3,199.0
2024-03-14,5,3,218.0
2024-03-15,5,3,204.0
2024-03-16,5,3,178.0
2024-03-17,5,3,192.0
2024-03-18,5,3,201.0
2024-03-19,5,3,204.0
2024-03-20,5,3,218.0
2024-03-21,5,3,213.0
2024-03-22,5,3,195.0
2024-03-23,5,3,189.0
2024-03-24,5,3,209.0
2024-03-25,5,3,211.0
2024-03-26,5,3,210.0
2024-03-27,5,3,195.0
2024-03-28,5,3,210.0
2024-03-29,5,3,205.0
2024-03-30,5,3,166.0
2024-03-31,5,3,197.0
2024-04-01,5,3,198.0
2024-04-02,5,3,208.0
2024-04-03,5,3,203.0
2024-04-04,5,3,205.0
2024-04-05,5,3,212.0
2024-04-06,5,3,189.0
2024-04-07,5,3,204.0
2024-04-08,5,3,195.0
2024-04-09,5,3,218.0
2024-04-10,5,3,212.0
2024-04-11,5,3,210.0
2024-04-12,5,3,198.0
2024-04-13,5,3,199.0
2024-04-14,5,3,169.0
2024-04-15,5,3,188.0
2024-04-16,5,3,214.0
2024-04-17,5,3,191.0
2024-04-18,5,3,201.0
2024-04-19,5,3,197.0
2024-04-20,5,3,184.0
2024-04-21,5,3,187.0
2024-04-22,5,3,203.0
2024-04-23,5,3,218.0
2024-04-24,5,3,200.0
2024-04-25,5,3,199.0
2024-04-26,5,3,188.0
2024-04-27,5,3,166.0
2024-04-28,5,3,193.0
2024-04-29,5,3,208.0
2024-04-30,5,3,216.0
2024-05-01,5,3,199.0
2024-05-02,5,3,190.0
2024-05-03,5,3,194.0
2024-05-04,5,3,196.0
2024-05-05,5,3,191.0
2024-05-06,5,3,199.0
2024-05-07,5,3,215.0
2024-05-08,5,3,198.0
2024-05-09,5,3,197.0
2024-05-10,5,3,207.0
2024-05-11,5,3,183.0
2024-05-12,5,3,174.0
2024-05-13,5,3,187.0
2024-05-14,5,3,191.0
2024-05-15,5,3,205.0
2024-05-16,5,3,187.0
2024-05-17,5,3,190.0
2024-05-18,5,3,174.0
2024-05-19,5,3,162.0
2024-05-20,5,3,193.0
2024-05-21,5,3,198.0
2024-05-22,5,3,203.0
2024-05-23,5,3,186.0
2024-05-24,5,3,175.0
2024-05-25,5,3,181.0
2024-05-26,5,3,193.0
2024-05-27,5,3,186.0
2024-05-28,5,3,197.0
2024-05-29,5,3,191.0
2024-05-30,5,3,173.0
2024-05-31,5,3,188.0
2024-06-01,5,3,182.0
2024-06-02,5,3,181.0
2024-06-03,5,3,179.0
2024-06-04,5,3,194.0
2024-06-05,5,3,95.0266311452034
2024-06-06,5,3,95.50656362573473
2024-06-07,5,3,88.30757641776478
2024-06-08,5,3,81.10858920979483
2024-06-09,5,3,74.86946696288753
2024-06-10,5,3,85.4279815345768
2024-06-11,5,3,89.26744137882744
2024-06-12,5,3,191.0
2024-06-13,5,3,192.0
2024-06-14,5,3,168.0
2024-06-15,5,3,184.0
2024-06-16,5,3,147.0
2024-06-17,5,3,175.0
2024-06-18,5,3,170.0
2024-06-19,5,3,160.0
2024-06-20,5,3,171.0
2024-06-21,5,3,150.0
2024-06-22,5,3,156.0
2024-06-23,5,3,159.0
2024-06-24,5,3,177.0
2024-06-25,5,3,158.0
2024-06-26,5,3,183.0
2024-06-27,5,3,169.0
2024-06-28,5,3,169.0
2024-06-29,5,3,148.0
2024-06-30,5,3,141.0
2024-07-01,5,3,148.0
2024-07-02,5,3,155.0
2024-07-03,5,3,173.0
2024-07-04,5,3,177.0
2024-07-05,5,3,148.0
2024-07-06,5,3,153.0
2024-07-07,5,3,133.0
2024-07-08,5,3,157.0
2024-07-09,5,3,168.0
2024-07-10,5,3,149.0
2024-07-11,5,3,155.0
2024-07-12,5,3,155.0
2024-07-13,5,3,113.0
2024-07-14,5,3,156.0
2024-07-15,5,3,153.0
2024-07-16,5,3,164.0
2024-07-17,5,3,154.0
2024-07-18,5,3,135.0
2024-07-19,5,3,148.0
2024-07-20,5,3,136.0
2024-07-21,5,3,138.0
2024-07-22,5,3,155.0
2024-07-23,5,3,159.0
2024-07-24,5,3,172.0
2024-07-25,5,3,148.0
2024-07-26,5,3,131.0
2024-07-27,5,3,130.0
2024-07-28,5,3,137.0
2024-07-29,5,3,150.0
2024-07-30,5,3,132.0
2024-07-31,5,3,148.0
2024-08-01,5,3,158.0
2024-08-02,5,3,131.0
2024-08-03,5,3,136.0
2024-08-04,5,3,133.0
2024-08-05,5,3,145.0
2024-08-06,5,3,134.0
2024-08-07,5,3,136.0
2024-08-08,5,3,138.0
2024-08-09,5,3,113.0
2024-08-10,5,3,120.0
2024-08-11,5,3,126.0
2024-08-12,5,3,149.0
2024-08-13,5,3,142.0
2024-08-14,5,3,146.0
2024-08-15,5,3,145.0
2024-08-16,5,3,115.0
2024-08-17,5,3,117.0
2024-08-18,5,3,144.0
2024-08-19,5,3,127.0
2024-08-20,5,3,145.0
2024-08-21,5,3,145.0
2024-08-22,5,3,116.0
2024-08-23,5,3,124.0
2024-08-24,5,3,117.0
2024-08-25,5,3,120.0
2024-08-26,5,3,117.0
2024-08-27,5,3,120.0
2024-08-28,5,3,128.0
2024-08-29,5,3,126.0
2024-08-30,5,3,130.0
2024-08-31,5,3,131.0
2024-09-01,5,3,128.0
2024-09-02,5,3,130.0
2024-09-03,5,3,119.0
2024-09-04,5,3,126.0
2024-09-05,5,3,127.0
2024-09-06,5,3,110.0
2024-09-07,5,3,116.0
2024-09-08,5,3,119.0
2024-09-09,5,3,125.0
2024-09-10,5,3,137.0
2024-09-11,5,3,120.0
2024-09-12,5,3,132.0
2024-09-13,5,3,108.0
2024-09-14,5,3,100.0
2024-09-15,5,3,116.0
2024-09-16,5,3,130.0
2024-09-17,5,3,130.0
2024-09-18,5,3,128.0
2024-09-19,5,3,125.0
2024-09-20,5,3,115.0
2024-09-21,5,3,97.0
2024-09-22,5,3,98.0
2024-09-23,5,3,117.0
2024-09-24,5,3,126.0
2024-09-25,5,3,127.0
2024-09-26,5,3,128.0
2024-09-27,5,3,111.0
2024-09-28,5,3,114.0
2024-09-29,5,3,109.0
2024-09-30,5,3,136.0
2024-10-01,5,3,126.0
2024-10-02,5,3,150.0
2024-10-03,5,3,126.0
2024-10-04,5,3,112.0
2024-10-05,5,3,100.0
2024-10-06,5,3,96.0
2024-10-07,5,3,109.0
2024-10-08,5,3,118.0
2024-10-09,5,3,132.0
2024-10-10,5,3,118.0
2024-10-11,5,3,117.0
2024-10-12,5,3,122.0
2024-10-13,5,3,111.0
2024-10-14,5,3,140.0
2024-10-15,5,3,116.0
2024-10-16,5,3,128.0
2024-10-17,5,3,120.0
2024-10-18,5,3,126.0
2024-10-19,5,3,90.0
2024-10-20,5,3,100.0
2024-10-21,5,3,121.0
2024-10-22,5,3,145.0
2024-10-23,5,3,134.0
2024-10-24,5,3,114.0
2024-10-25,5,3,108.0
2024-10-26,5,3,131.0
2024-10-27,5,3,111.0
2024-10-28,5,3,116.0
2024-10-29,5,3,147.0
2024-10-30,5,3,145.0
2024-10-31,5,3,143.0
2024-11-01,5,3,113.0
2024-11-02,5,3,103.0
2024-11-03,5,3,121.0
2024-11-04,5,3,132.0
2024-11-05,5,3,140.0
2024-11-06,5,3,153.0
2024-11-07,5,3,117.0
2024-11-08,5,3,135.0
2024-11-09,5,3,111.0
2024-11-10,5,3,133.0
2024-11-11,5,3,128.0
2024-11-12,5,3,133.0
2024-11-13,5,3,137.0
2024-11-14,5,3,124.0
2024-11-15,5,3,131.0
2024-11-16,5,3,118.0
2024-11-17,5,3,136.0
2024-11-18,5,3,143.0
2024-11-19,5,3,162.0
2024-11-20,5,3,151.0
2024-11-21,5,3,148.0
2024-11-22,5,3,149.0
2024-11-23,5,3,125.0
2024-11-24,5,3,119.0
2024-11-25,5,3,144.0
2024-11-26,5,3,136.0
2024-11-27,5,3,177.0
2024-11-28,5,3,163.0
2024-11-29,5,3,162.0
2024-11-30,5,3,137.0
2024-12-01,5,3,144.0
2024-12-02,5,3,143.0
2024-12-03,5,3,164.0
2024-12-04,5,3,147.0
2024-12-05,5,3,129.0
2024-12-06,5,3,139.0
2024-12-07,5,3,128.0
2024-12-08,5,3,159.0
2024-12-09,5,3,171.0
2024-12-10,5,3,148.0
2024-12-11,5,3,177.0
2024-12-12,5,3,169.0
2024-12-13,5,3,137.0
2024-12-14,5,3,144.0
2024-12-15,5,3,145.0
2024-12-16,5,3,167.0
2024-12-17,5,3,156.0
2024-12-18,5,3,170.0
2024-12-19,5,3,159.0
2024-12-20,5,3,163.0
2024-12-21,5,3,152.0
2024-12-22,5,3,152.0
2024-12-23,5,3,163.0
2024-12-24,5,3,194.0
2024-12-25,5,3,173.0
2024-12-26,5,3,162.0
2024-12-27,5,3,171.0
2024-12-28,5,3,159.0
2024-12-29,5,3,149.0
2024-12-30,5,3,194.0
2024-12-31,5,3,177.0
2025-01-01,5,3,179.0
2025-01-02,5,3,298.94365012777723
2025-01-03,5,3,312.23003457790065
2025-01-04,5,3,249.11970843981436
2025-01-05,5,3,285.6572656776538
2025-01-06,5,3,330.4988131968204
2025-01-07,5,3,312.23003457790065
2025-01-08,5,3,293.9612559589809
2025-01-09,5,3,297.2828520715118
2025-01-10,5,3,298.94365012777723
2025-01-11,5,3,186.0
2025-01-12,5,3,173.0
2025-01-13,5,3,193.0
2025-01-14,5,3,179.0
2025-01-15,5,3,182.0
2025-01-16,5,3,187.0
2025-01-17,5,3,198.0
2025-01-18,5,3,180.0
2025-01-19,5,3,185.0
2025-01-20,5,3,193.0
2025-01-21,5,3,210.0
2025-01-22,5,3,196.0
2025-01-23,5,3,204.0
2025-01-24,5,3,182.0
2025-01-25,5,3,205.0
2025-01-26,5,3,180.0
2025-01-27,5,3,188.0
2025-01-28,5,3,210.0
2025-01-29,5,3,208.0
2025-01-30,5,3,206.0
2025-01-31,5,3,198.0
2025-02-01,5,3,180.0
2025-02-02,5,3,210.0
2025-02-03,5,3,211.0
2025-02-04,5,3,224.0
2025-02-05,5,3,208.0
2025-02-06,5,3,213.0
2025-02-07,5,3,203.0
2025-02-08,5,3,207.0
2025-02-09,5,3,210.0
2025-02-10,5,3,209.0
2025-02-11,5,3,201.0
2025-02-12,5,3,236.0
2025-02-13,5,3,219.0
2025-02-14,5,3,200.0
2025-02-15,5,3,205.0
2025-02-16,5,3,189.0
2025-02-17,5,3,222.0
2025-02-18,5,3,206.0
2025-02-19,5,3,221.0
2025-02-20,5,3,220.0
2025-02-21,5,3,220.0
2025-02-22,5,3,207.0
2025-02-23,5,3,214.0
2025-02-24,5,3,216.0
2025-02-25,5,3,224.0
2025-02-26,5,3,228.0
2025-02-27,5,3,220.0
2025-02-28,5,3,197.0
2025-03-01,5,3,202.0
2025-03-02,5,3,214.0
2025-03-03,5,3,217.0
2025-03-04,5,3,226.0
2025-03-05,5,3,227.0
2025-03-06,5,3,217.0
2025-03-07,5,3,212.0
2025-03-08,5,3,209.0
2025-03-09,5,3,215.0
2025-03-10,5,3,227.0
2025-03-11,5,3,229.0
2025-03-12,5,3,223.0
2025-03-13,5,3,214.0
2025-03-14,5,3,245.0
2025-03-15,5,3,204.0
2025-03-16,5,3,212.0
2025-03-17,5,3,230.0
2025-03-18,5,3,237.0
2025-03-19,5,3,240.0
2025-03-20,5,3,226.0
2025-03-21,5,3,224.0
2025-03-22,5,3,217.0
2025-03-23,5,3,216.0
2025-03-24,5,3,229.0
2025-03-25,5,3,245.0
2025-03-26,5,3,236.0
2025-03-27,5,3,231.0
2025-03-28,5,3,234.0
2025-03-29,5,3,228.0
2025-03-30,5,3,236.0
2025-03-31,5,3,210.0
2025-04-01,5,3,244.0
2025-04-02,5,3,243.0
2025-04-03,5,3,223.0
2025-04-04,5,3,226.0
2025-04-05,5,3,229.0
2025-04-06,5,3,212.0
2025-04-07,5,3,232.0
2025-04-08,5,3,244.0
2025-04-09,5,3,227.0
2025-04-10,5,3,231.0
2025-04-11,5,3,227.0
2025-04-12,5,3,210.0
2025-04-13,5,3,211.0
2025-04-14,5,3,226.0
2025-04-15,5,3,243.0
2025-04-16,5,3,243.0
2025-04-17,5,3,223.0
2025-04-18,5,3,229.0
2025-04-19,5,3,209.0
2025-04-20,5,3,203.0
2025-04-21,5,3,223.0
2025-04-22,5,3,245.0
2025-04-23,5,3,242.0
2025-04-24,5,3,230.0
2025-04-25,5,3,217.0
2025-04-26,5,3,212.0
2025-04-27,5,3,218.0
2025-04-28,5,3,214.0
2025-04-29,5,3,229.0
2025-04-30,5,3,231.0
2025-05-01,5,3,215.0
2025-05-02,5,3,211.0
2025-05-03,5,3,217.0
2025-05-04,5,3,215.0
2025-05-05,5,3,219.0
2025-05-06,5,3,220.0
2025-05-07,5,3,246.0
2025-05-08,5,3,217.0
2025-05-09,5,3,219.0
2025-05-10,5,3,206.0
2025-05-11,5,3,212.0
2025-05-12,5,3,224.0
2025-05-13,5,3,213.0
2025-05-14,5,3,228.0
2025-05-15,5,3,234.0
2025-05-16,5,3,230.0
2025-05-17,5,3,206.0
2025-05-18,5,3,209.0
2025-05-19,5,3,237.0
2025-05-20,5,3,234.0
2025-05-21,5,3,218.0
2025-05-22,5,3,212.0
2025-05-23,5,3,219.0
2025-05-24,5,3,193.0
2025-05-25,5,3,215.0
2025-05-26,5,3,215.0
2025-05-27,5,3,224.0
2025-05-28,5,3,217.0
2025-05-29,5,3,208.0
2025-05-30,5,3,219.0
2025-05-31,5,3,197.0
2025-06-01,5,3,196.0
2025-06-02,5,3,206.0
2025-06-03,5,3,216.0
2025-06-04,5,3,205.0
2025-06-05,5,3,204.0
2025-06-06,5,3,194.0
2025-06-07,5,3,203.0
2025-06-08,5,3,187.0
2025-06-09,5,3,185.0
2025-06-10,5,3,190.0
2025-06-11,5,3,196.0
2025-06-12,5,3,218.0
2025-06-13,5,3,195.0
2025-06-14,5,3,194.0
2025-06-15,5,3,196.0
2025-06-16,5,3,198.0
2025-06-17,5,3,203.0
2025-06-18,5,3,215.0
2025-06-19,5,3,201.0
2025-06-20,5,3,204.0
2025-06-21,5,3,190.0
2025-06-22,5,3,179.0
2025-06-23,5,3,187.0
2025-06-24,5,3,192.0
2025-06-25,5,3,212.0
2025-06-26,5,3,190.0
2025-06-27,5,3,177.0
2025-06-28,5,3,182.0
2025-06-29,5,3,179.0
2025-06-30,5,3,190.0
2025-07-01,5,3,212.0
2025-07-02,5,3,204.0
2025-07-03,5,3,189.0
2025-07-04,5,3,165.0
2025-07-05,5,3,168.0
2025-07-06,5,3,181.0
2025-07-07,5,3,170.0
2025-07-08,5,3,209.0
2025-07-09,5,3,189.0
2025-07-10,5,3,184.0
2025-07-11,5,3,167.0
2025-07-12,5,3,173.0
2025-07-13,5,3,158.0
2025-07-14,5,3,197.0
2025-07-15,5,3,196.0
2025-07-16,5,3,194.0
2025-07-17,5,3,164.0
2025-07-18,5,3,171.0
2025-07-19,5,3,175.0
2025-07-20,5,3,170.0
2025-07-21,5,3,161.0
2025-07-22,5,3,171.0
2025-07-23,5,3,174.0
2025-07-24,5,3,167.0
2025-07-25,5,3,179.0
2025-07-26,5,3,139.0
2025-07-27,5,3,165.0
2025-07-28,5,3,153.0
2025-07-29,5,3,163.0
2025-07-30,5,3,154.0
2025-07-31,5,3,163.0
2025-08-01,5,3,174.0
2025-08-02,5,3,156.0
2025-08-03,5,3,142.0
2025-08-04,5,3,171.0
2025-08-05,5,3,180.0
2025-08-06,5,3,170.0
2025-08-07,5,3,184.0
2025-08-08,5,3,163.0
2025-08-09,5,3,155.0
2025-08-10,5,3,142.0
2025-08-11,5,3,163.0
2025-08-12,5,3,166.0
2025-08-13,5,3,170.0
2025-08-14,5,3,153.0
2025-08-15,5,3,152.0
2025-08-16,5,3,137.0
2025-08-17,5,3,125.0
2025-08-18,5,3,163.0
2025-08-19,5,3,146.0
2025-08-20,5,3,163.0
2025-08-21,5,3,159.0
2025-08-22,5,3,150.0
2025-08-23,5,3,139.0
2025-08-24,5,3,145.0
2025-08-25,5,3,155.0
2025-08-26,5,3,164.0
2025-08-27,5,3,176.0
2025-08-28,5,3,155.0
2025-08-29,5,3,145.0
2025-08-30,5,3,130.0
2025-08-31,5,3,144.0
2025-09-01,5,3,154.0
2025-09-02,5,3,153.0
2025-09-03,5,3,161.0
2025-09-04,5,3,148.0
2025-09-05,5,3,148.0
2025-09-06,5,3,145.0
2025-09-07,5,3,147.0
2025-09-08,5,3,146.0
2025-09-09,5,3,142.0
2025-09-10,5,3,148.0
2025-09-11,5,3,155.0
2025-09-12,5,3,164.0
2025-09-13,5,3,131.0
2025-09-14,5,3,141.0
2025-09-15,5,3,138.0
2025-09-16,5,3,142.0
2025-09-17,5,3,146.0
2025-09-18,5,3,127.0
2025-09-19,5,3,152.0
2025-09-20,5,3,112.0
2025-09-21,5,3,133.0
2025-09-22,5,3,131.0
2025-09-23,5,3,142.0
2025-09-24,5,3,166.0
2025-09-25,5,3,149.0
2025-09-26,5,3,129.0
2025-09-27,5,3,128.0
2025-09-28,5,3,128.0
2025-09-29,5,3,143.0
2025-09-30,5,3,152.0
2025-10-01,5,3,171.0
2025-10-02,5,3,129.0
2025-10-03,5,3,139.0
2025-10-04,5,3,131.0
2025-10-05,5,3,145.0
2025-10-06,5,3,147.0
2025-10-07,5,3,157.0
2025-10-08,5,3,157.0
2025-10-09,5,3,139.0
2025-10-10,5,3,152.0
2025-10-11,5,3,143.0
2025-10-12,5,3,146.0
2025-10-13,5,3,157.0
2025-10-14,5,3,157.0
2025-10-15,5,3,170.0
2025-10-16,5,3,154.0
2025-10-17,5,3,140.0
2025-10-18,5,3,137.0
2025-10-19,5,3,139.0
2025-10-20,5,3,142.0
2025-10-21,5,3,171.0
2025-10-22,5,3,160.0
2025-10-23,5,3,153.0
2025-10-24,5,3,148.0
2025-10-25,5,3,169.0
2025-10-26,5,3,131.0
2025-10-27,5,3,141.0
2025-10-28,5,3,144.0
2025-10-29,5,3,158.0
2025-10-30,5,3,158.0
2025-10-31,5,3,143.0
2025-11-01,5,3,137.0
2025-11-02,5,3,146.0
2025-11-03,5,3,148.0
2025-11-04,5,3,164.0
2025-11-05,5,3,175.0
2025-11-06,5,3,166.0
2025-11-07,5,3,160.0
2025-11-08,5,3,157.0
2025-11-09,5,3,152.0
2025-11-10,5,3,156.0
2025-11-11,5,3,158.0
2025-11-12,5,3,164.0
2025-11-13,5,3,158.0
2025-11-14,5,3,163.0
2025-11-15,5,3,154.0
2025-11-16,5,3,160.0
2025-11-17,5,3,150.0
2025-11-18,5,3,184.0
2025-11-19,5,3,168.0
2025-11-20,5,3,157.0
2025-11-21,5,3,156.0
2025-11-22,5,3,180.0
2025-11-23,5,3,154.0
2025-11-24,5,3,163.0
2025-11-25,5,3,173.0
2025-11-26,5,3,176.0
2025-11-27,5,3,165.0
2025-11-28,5,3,167.0
2025-11-29,5,3,171.0
2025-11-30,5,3,167.0
2025-12-01,5,3,161.0
2025-12-02,5,3,177.0
2025-12-03,5,3,178.0
2025-12-04,5,3,179.0
2025-12-05,5,3,184.0
2025-12-06,5,3,165.0
2025-12-07,5,3,168.0
2025-12-08,5,3,195.0
2025-12-09,5,3,195.0
2025-12-10,5,3,195.0
2025-12-11,5,3,204.0
2025-12-12,5,3,182.0
2025-12-13,5,3,153.0
2025-12-14,5,3,183.0
2025-12-15,5,3,168.0
2025-12-16,5,3,197.0
2025-12-17,5,3,178.0
2025-12-18,5,3,186.0
2025-12-19,5,3,180.0
2025-12-20,5,3,171.0
2025-12-21,5,3,178.0
2025-12-22,5,3,200.0
2025-12-23,5,3,192.0
2025-12-24,5,3,207.0
2025-12-25,5,3,187.0
2025-12-26,5,3,188.0
2025-12-27,5,3,188.0
2025-12-28,5,3,178.0
2025-12-29,5,3,183.0
2025-12-30,5,3,210.0
2024-01-01,5,4,58.0
2024-01-02,5,4,78.0
2024-01-03,5,4,81.0
2024-01-04,5,4,78.0
2024-01-05,5,4,63.0
2024-01-06,5,4,44.0
2024-01-07,5,4,69.0
2024-01-08,5,4,79.0
2024-01-09,5,4,71.0
2024-01-10,5,4,87.0
2024-01-11,5,4,72.0
2024-01-12,5,4,67.0
2024-01-13,5,4,67.0
2024-01-14,5,4,79.0
2024-01-15,5,4,79.0
2024-01-16,5,4,87.0
2024-01-17,5,4,86.0
2024-01-18,5,4,83.0
2024-01-19,5,4,81.0
2024-01-20,5,4,62.0
2024-01-21,5,4,59.0
2024-01-22,5,4,65.0
2024-01-23,5,4,93.0
2024-01-24,5,4,95.0
2024-01-25,5,4,80.0
2024-01-26,5,4,82.0
2024-01-27,5,4,63.0
2024-01-28,5,4,69.0
2024-01-29,5,4,81.0
2024-01-30,5,4,90.0
2024-01-31,5,4,98.0
2024-02-01,5,4,99.0
2024-02-02,5,4,69.0
2024-02-03,5,4,74.0
2024-02-04,5,4,75.0
2024-02-05,5,4,87.0
2024-02-06,5,4,104.0
2024-02-07,5,4,101.0
2024-02-08,5,4,97.0
2024-02-09,5,4,87.0
2024-02-10,5,4,70.0
2024-02-11,5,4,80.0
2024-02-12,5,4,87.0
2024-02-13,5,4,99.0
2024-02-14,5,4,101.0
2024-02-15,5,4,100.0
2024-02-16,5,4,85.0
2024-02-17,5,4,81.0
2024-02-18,5,4,81.0
2024-02-19,5,4,79.0
2024-02-20,5,4,104.0
2024-02-21,5,4,107.0
2024-02-22,5,4,102.0
2024-02-23,5,4,83.0
2024-02-24,5,4,71.0
2024-02-25,5,4,89.0
2024-02-26,5,4,93.0
2024-02-27,5,4,108.0
2024-02-28,5,4,107.0
2024-02-29,5,4,102.0
2024-03-01,5,4,87.0
2024-03-02,5,4,75.0
2024-03-03,5,4,90.0
2024-03-04,5,4,93.0
2024-03-05,5,4,110.0
2024-03-06,5,4,115.0
2024-03-07,5,4,100.0
2024-03-08,5,4,83.0
2024-03-09,5,4,105.0
2024-03-10,5,4,84.0
2024-03-11,5,4,105.0
2024-03-12,5,4,127.0
2024-03-13,5,4,120.0
2024-03-14,5,4,104.0
2024-03-15,5,4,94.0
2024-03-16,5,4,80.0
2024-03-17,5,4,97.0
2024-03-18,5,4,106.0
2024-03-19,5,4,109.0
2024-03-20,5,4,107.0
2024-03-21,5,4,98.0
2024-03-22,5,4,104.0
2024-03-23,5,4,90.0
2024-03-24,5,4,93.0
2024-03-25,5,4,96.0
2024-03-26,5,4,102.0
2024-03-27,5,4,124.0
2024-03-28,5,4,110.0
2024-03-29,5,4,104.0
2024-03-30,5,4,86.0
2024-03-31,5,4,90.0
2024-04-01,5,4,109.0
2024-04-02,5,4,120.0
2024-04-03,5,4,124.0
2024-04-04,5,4,107.0
2024-04-05,5,4,102.0
2024-04-06,5,4,99.0
2024-04-07,5,4,92.0
2024-04-08,5,4,100.0
2024-04-09,5,4,126.0
2024-04-10,5,4,112.0
2024-04-11,5,4,115.0
2024-04-12,5,4,97.0
2024-04-13,5,4,75.0
2024-04-14,5,4,102.0
2024-04-15,5,4,82.0
2024-04-16,5,4,99.0
2024-04-17,5,4,122.0
2024-04-18,5,4,114.0
2024-04-19,5,4,92.0
2024-04-20,5,4,91.0
2024-04-21,5,4,72.0
2024-04-22,5,4,109.0
2024-04-23,5,4,116.0
2024-04-24,5,4,116.0
2024-04-25,5,4,109.0
2024-04-26,5,4,100.0
2024-04-27,5,4,88.0
2024-04-28,5,4,76.0
2024-04-29,5,4,120.0
2024-04-30,5,4,123.0
2024-05-01,5,4,105.0
2024-05-02,5,4,105.0
2024-05-03,5,4,93.0
2024-05-04,5,4,96.0
2024-05-05,5,4,73.0
2024-05-06,5,4,97.0
2024-05-07,5,4,97.0
2024-05-08,5,4,112.0
2024-05-09,5,4,102.0
2024-05-10,5,4,94.0
2024-05-11,5,4,81.0
2024-05-12,5,4,82.0
2024-05-13,5,4,104.0
2024-05-14,5,4,113.0
2024-05-15,5,4,117.0
2024-05-16,5,4,103.0
2024-05-17,5,4,87.0
2024-05-18,5,4,83.0
2024-05-19,5,4,90.0
2024-05-20,5,4,79.0
2024-05-21,5,4,111.0
2024-05-22,5,4,112.0
2024-05-23,5,4,102.0
2024-05-24,5,4,88.0
2024-05-25,5,4,61.0
2024-05-26,5,4,80.0
2024-05-27,5,4,109.0
2024-05-28,5,4,105.0
2024-05-29,5,4,105.0
2024-05-30,5,4,100.0
2024-05-31,5,4,90.0
2024-06-01,5,4,84.0
2024-06-02,5,4,79.0
2024-06-03,5,4,95.0
2024-06-04,5,4,116.0
2024-06-05,5,4,113.0
2024-06-06,5,4,115.0
2024-06-07,5,4,79.0
2024-06-08,5,4,89.0
2024-06-09,5,4,72.0
2024-06-10,5,4,92.0
2024-06-11,5,4,105.0
2024-06-12,5,4,98.0
2024-06-13,5,4,94.0
2024-06-14,5,4,88.0
2024-06-15,5,4,67.0
2024-06-16,5,4,89.0
2024-06-17,5,4,75.0
2024-06-18,5,4,112.0
2024-06-19,5,4,107.0
2024-06-20,5,4,90.0
2024-06-21,5,4,75.0
2024-06-22,5,4,66.0
2024-06-23,5,4,71.0
2024-06-24,5,4,82.0
2024-06-25,5,4,103.0
2024-06-26,5,4,111.0
2024-06-27,5,4,89.0
2024-06-28,5,4,68.0
2024-06-29,5,4,62.0
2024-06-30,5,4,67.0
2024-07-01,5,4,71.0
2024-07-02,5,4,81.0
2024-07-03,5,4,109.0
2024-07-04,5,4,87.0
2024-07-05,5,4,65.0
2024-07-06,5,4,70.0
2024-07-07,5,4,56.0
2024-07-08,5,4,67.0
2024-07-09,5,4,80.0
2024-07-10,5,4,102.0
2024-07-11,5,4,79.0
2024-07-12,5,4,49.0
2024-07-13,5,4,70.0
2024-07-14,5,4,60.0
2024-07-15,5,4,58.0
2024-07-16,5,4,81.0
2024-07-17,5,4,90.0
2024-07-18,5,4,81.0
2024-07-19,5,4,79.0
2024-07-20,5,4,50.0
2024-07-21,5,4,60.0
2024-07-22,5,4,64.0
2024-07-23,5,4,68.0
2024-07-24,5,4,90.0
2024-07-25,5,4,78.0
2024-07-26,5,4,64.0
2024-07-27,5,4,57.0
2024-07-28,5,4,51.0
2024-07-29,5,4,59.0
2024-07-30,5,4,78.0
2024-07-31,5,4,89.0
2024-08-01,5,4,85.0
2024-08-02,5,4,66.0
2024-08-03,5,4,51.0
2024-08-04,5,4,56.0
2024-08-05,5,4,64.0
2024-08-06,5,4,67.0
2024-08-07,5,4,78.0
2024-08-08,5,4,59.0
2024-08-09,5,4,56.0
2024-08-10,5,4,62.0
2024-08-11,5,4,58.0
2024-08-12,5,4,54.0
2024-08-13,5,4,72.0
2024-08-14,5,4,68.0
2024-08-15,5,4,66.0
2024-08-16,5,4,63.0
2024-08-17,5,4,52.0
2024-08-18,5,4,69.0
2024-08-19,5,4,69.0
2024-08-20,5,4,72.0
2024-08-21,5,4,78.0
2024-08-22,5,4,63.0
2024-08-23,5,4,43.0
2024-08-24,5,4,55.0
2024-08-25,5,4,55.0
2024-08-26,5,4,56.0
2024-08-27,5,4,71.0
2024-08-28,5,4,81.0
2024-08-29,5,4,70.0
2024-08-30,5,4,39.0
2024-08-31,5,4,45.0
2024-09-01,5,4,44.0
2024-09-02,5,4,65.0
2024-09-03,5,4,76.0
2024-09-04,5,4,80.0
2024-09-05,5,4,53.0
2024-09-06,5,4,43.0
2024-09-07,5,4,51.0
2024-09-08,5,4,40.0
2024-09-09,5,4,43.0
2024-09-10,5,4,71.0
2024-09-11,5,4,65.0
2024-09-12,5,4,75.0
2024-09-13,5,4,51.0
2024-09-14,5,4,42.0
2024-09-15,5,4,41.0
2024-09-16,5,4,67.0
2024-09-17,5,4,69.0
2024-09-18,5,4,65.0
2024-09-19,5,4,54.0
2024-09-20,5,4,48.0
2024-09-21,5,4,33.0
2024-09-22,5,4,52.0
2024-09-23,5,4,40.0
2024-09-24,5,4,64.0
2024-09-25,5,4,73.0
2024-09-26,5,4,63.0
2024-09-27,5,4,43.0
2024-09-28,5,4,46.0
2024-09-29,5,4,37.0
2024-09-30,5,4,55.0
2024-10-01,5,4,71.0
2024-10-02,5,4,72.0
2024-10-03,5,4,56.0
2024-10-04,5,4,59.0
2024-10-05,5,4,42.0
2024-10-06,5,4,50.0
2024-10-07,5,4,68.0
2024-10-08,5,4,76.0
2024-10-09,5,4,27.33568018454632
2024-10-10,5,4,22.145361162164107
2024-10-11,5,4,19.377191016893594
2024-10-12,5,4,15.224935798987824
2024-10-13,5,4,12.45676565371731
2024-10-14,5,4,20.415254821370038
2024-10-15,5,4,24.22148877111699
2024-10-16,5,4,26.297616380069876
2024-10-17,5,4,62.0
2024-10-18,5,4,45.0
2024-10-19,5,4,49.0
2024-10-20,5,4,37.0
2024-10-21,5,4,70.0
2024-10-22,5,4,68.0
2024-10-23,5,4,75.0
2024-10-24,5,4,70.0
2024-10-25,5,4,58.0
2024-10-26,5,4,35.0
2024-10-27,5,4,56.0
2024-10-28,5,4,63.0
2024-10-29,5,4,67.0
2024-10-30,5,4,69.0
2024-10-31,5,4,65.0
2024-11-01,5,4,45.0
2024-11-02,5,4,62.0
2024-11-03,5,4,63.0
2024-11-04,5,4,66.0
2024-11-05,5,4,73.0
2024-11-06,5,4,76.0
2024-11-07,5,4,76.0
2024-11-08,5,4,72.0
2024-11-09,5,4,47.0
2024-11-10,5,4,45.0
2024-11-11,5,4,78.0
2024-11-12,5,4,63.0
2024-11-13,5,4,72.0
2024-11-14,5,4,71.0
2024-11-15,5,4,49.0
2024-11-16,5,4,63.0
2024-11-17,5,4,64.0
2024-11-18,5,4,64.0
2024-11-19,5,4,91.0
2024-11-20,5,4,95.0
2024-11-21,5,4,76.0
2024-11-22,5,4,61.0
2024-11-23,5,4,76.0
2024-11-24,5,4,67.0
2024-11-25,5,4,74.0
2024-11-26,5,4,95.0
2024-11-27,5,4,90.0
2024-11-28,5,4,76.0
2024-11-29,5,4,69.0
2024-11-30,5,4,70.0
2024-12-01,5,4,49.0
2024-12-02,5,4,74.0
2024-12-03,5,4,99.0
2024-12-04,5,4,87.0
2024-12-05,5,4,96.0
2024-12-06,5,4,84.0
2024-12-07,5,4,65.0
2024-12-08,5,4,64.0
2024-12-09,5,4,78.0
2024-12-10,5,4,113.0
2024-12-11,5,4,110.0
2024-12-12,5,4,89.0
2024-12-13,5,4,71.0
2024-12-14,5,4,70.0
2024-12-15,5,4,75.0
2024-12-16,5,4,74.0
2024-12-17,5,4,97.0
2024-12-18,5,4,110.0
2024-12-19,5,4,78.0
2024-12-20,5,4,87.0
2024-12-21,5,4,85.0
2024-12-22,5,4,72.0
2024-12-23,5,4,102.0
2024-12-24,5,4,95.0
2024-12-25,5,4,107.0
2024-12-26,5,4,94.0
2024-12-27,5,4,82.0
2024-12-28,5,4,73.0
2024-12-29,5,4,87.0
2024-12-30,5,4,100.0
2024-12-31,5,4,104.0
2025-01-01,5,4,97.0
2025-01-02,5,4,104.0
2025-01-03,5,4,93.0
2025-01-04,5,4,80.0
2025-01-05,5,4,100.0
2025-01-06,5,4,22.986987666474608
2025-01-07,5,4,24.609598560578696
2025-01-08,5,4,28.666125795838923
2025-01-09,5,4,111.0
2025-01-10,5,4,85.0
2025-01-11,5,4,79.0
2025-01-12,5,4,97.0
2025-01-13,5,4,105.0
2025-01-14,5,4,116.0
2025-01-15,5,4,123.0
2025-01-16,5,4,106.0
2025-01-17,5,4,95.0
2025-01-18,5,4,97.0
2025-01-19,5,4,83.0
2025-01-20,5,4,89.0
2025-01-21,5,4,114.0
2025-01-22,5,4,128.0
2025-01-23,5,4,116.0
2025-01-24,5,4,109.0
2025-01-25,5,4,79.0
2025-01-26,5,4,101.0
2025-01-27,5,4,115.0
2025-01-28,5,4,111.0
2025-01-29,5,4,132.0
2025-01-30,5,4,117.0
2025-01-31,5,4,130.0
2025-02-01,5,4,81.0
2025-02-02,5,4,113.0
2025-02-03,5,4,110.0
2025-02-04,5,4,112.0
2025-02-05,5,4,124.0
2025-02-06,5,4,123.0
2025-02-07,5,4,118.0
2025-02-08,5,4,116.0
2025-02-09,5,4,117.0
2025-02-10,5,4,109.0
2025-02-11,5,4,138.0
2025-02-12,5,4,135.0
2025-02-13,5,4,119.0
2025-02-14,5,4,111.0
2025-02-15,5,4,100.0
2025-02-16,5,4,109.0
2025-02-17,5,4,115.0
2025-02-18,5,4,124.0
2025-02-19,5,4,139.0
2025-02-20,5,4,133.0
2025-02-21,5,4,115.0
2025-02-22,5,4,120.0
2025-02-23,5,4,110.0
2025-02-24,5,4,121.0
2025-02-25,5,4,140.0
2025-02-26,5,4,137.0
2025-02-27,5,4,131.0
2025-02-28,5,4,99.0
2025-03-01,5,4,112.0
2025-03-02,5,4,100.0
2025-03-03,5,4,116.0
2025-03-04,5,4,127.0
2025-03-05,5,4,132.0
2025-03-06,5,4,129.0
2025-03-07,5,4,117.0
2025-03-08,5,4,119.0
2025-03-09,5,4,119.0
2025-03-10,5,4,113.0
2025-03-11,5,4,140.0
2025-03-12,5,4,145.0
2025-03-13,5,4,132.0
2025-03-14,5,4,123.0
2025-03-15,5,4,117.0
2025-03-16,5,4,125.0
2025-03-17,5,4,117.0
2025-03-18,5,4,139.0
2025-03-19,5,4,156.0
2025-03-20,5,4,148.0
2025-03-21,5,4,131.0
2025-03-22,5,4,121.0
2025-03-23,5,4,133.0
2025-03-24,5,4,147.0
2025-03-25,5,4,141.0
2025-03-26,5,4,137.0
2025-03-27,5,4,136.0
2025-03-28,5,4,150.0
2025-03-29,5,4,105.0
2025-03-30,5,4,117.0
2025-03-31,5,4,121.0
2025-04-01,5,4,144.0
2025-04-02,5,4,136.0
2025-04-03,5,4,138.0
2025-04-04,5,4,111.0
2025-04-05,5,4,124.0
2025-04-06,5,4,131.0
2025-04-07,5,4,129.0
2025-04-08,5,4,142.0
2025-04-09,5,4,145.0
2025-04-10,5,4,140.0
2025-04-11,5,4,126.0
2025-04-12,5,4,125.0
2025-04-13,5,4,131.0
2025-04-14,5,4,126.0
2025-04-15,5,4,141.0
2025-04-16,5,4,153.0
2025-04-17,5,4,127.0
2025-04-18,5,4,110.0
2025-04-19,5,4,120.0
2025-04-20,5,4,125.0
2025-04-21,5,4,126.0
2025-04-22,5,4,138.0
2025-04-23,5,4,139.0
2025-04-24,5,4,131.0
2025-04-25,5,4,131.0
2025-04-26,5,4,108.0
2025-04-27,5,4,118.0
2025-04-28,5,4,124.0
2025-04-29,5,4,130.0
2025-04-30,5,4,151.0
2025-05-01,5,4,132.0
2025-05-02,5,4,126.0
2025-05-03,5,4,104.0
2025-05-04,5,4,113.0
2025-05-05,5,4,136.0
2025-05-06,5,4,161.0
2025-05-07,5,4,127.0
2025-05-08,5,4,133.0
2025-05-09,5,4,126.0
2025-05-10,5,4,110.0
2025-05-11,5,4,124.0
2025-05-12,5,4,121.0
2025-05-13,5,4,140.0
2025-05-14,5,4,137.0
2025-05-15,5,4,143.0
2025-05-16,5,4,115.0
2025-05-17,5,4,110.0
2025-05-18,5,4,123.0
2025-05-19,5,4,118.0
2025-05-20,5,4,137.0
2025-05-21,5,4,124.0
2025-05-22,5,4,122.0
2025-05-23,5,4,121.0
2025-05-24,5,4,102.0
2025-05-25,5,4,108.0
2025-05-26,5,4,127.0
2025-05-27,5,4,130.0
2025-05-28,5,4,143.0
2025-05-29,5,4,130.0
2025-05-30,5,4,119.0
2025-05-31,5,4,118.0
2025-06-01,5,4,113.0
2025-06-02,5,4,133.0
2025-06-03,5,4,139.0
2025-06-04,5,4,130.0
2025-06-05,5,4,136.0
2025-06-06,5,4,115.0
2025-06-07,5,4,102.0
2025-06-08,5,4,110.0
2025-06-09,5,4,127.0
2025-06-10,5,4,132.0
2025-06-11,5,4,145.0
2025-06-12,5,4,132.0
2025-06-13,5,4,114.0
2025-06-14,5,4,94.0
2025-06-15,5,4,103.0
2025-06-16,5,4,115.0
2025-06-17,5,4,131.0
2025-06-18,5,4,133.0
2025-06-19,5,4,121.0
2025-06-20,5,4,108.0
2025-06-21,5,4,105.0
2025-06-22,5,4,94.0
2025-06-23,5,4,125.0
2025-06-24,5,4,106.0
2025-06-25,5,4,136.0
2025-06-26,5,4,116.0
2025-06-27,5,4,112.0
2025-06-28,5,4,99.0
2025-06-29,5,4,101.0
2025-06-30,5,4,113.0
2025-07-01,5,4,126.0
2025-07-02,5,4,119.0
2025-07-03,5,4,122.0
2025-07-04,5,4,92.0
2025-07-05,5,4,92.0
2025-07-06,5,4,101.0
2025-07-07,5,4,113.0
2025-07-08,5,4,120.0
2025-07-09,5,4,115.0
2025-07-10,5,4,117.0
2025-07-11,5,4,92.0
2025-07-12,5,4,103.0
2025-07-13,5,4,91.0
2025-07-14,5,4,90.0
2025-07-15,5,4,103.0
2025-07-16,5,4,115.0
2025-07-17,5,4,108.0
2025-07-18,5,4,110.0
2025-07-19,5,4,78.0
2025-07-20,5,4,89.0
2025-07-21,5,4,91.0
2025-07-22,5,4,106.0
2025-07-23,5,4,125.0
2025-07-24,5,4,95.0
2025-07-25,5,4,96.0
2025-07-26,5,4,86.0
2025-07-27,5,4,85.0
2025-07-28,5,4,100.0
2025-07-29,5,4,97.0
2025-07-30,5,4,122.0
2025-07-31,5,4,116.0
2025-08-01,5,4,89.0
2025-08-02,5,4,100.0
2025-08-03,5,4,79.0
2025-08-04,5,4,97.0
2025-08-05,5,4,115.0
2025-08-06,5,4,103.0
2025-08-07,5,4,87.0
2025-08-08,5,4,73.0
2025-08-09,5,4,94.0
2025-08-10,5,4,76.0
2025-08-11,5,4,89.0
2025-08-12,5,4,93.0
2025-08-13,5,4,112.0
2025-08-14,5,4,90.0
2025-08-15,5,4,79.0
2025-08-16,5,4,78.0
2025-08-17,5,4,69.0
2025-08-18,5,4,87.0
2025-08-19,5,4,111.0
2025-08-20,5,4,105.0
2025-08-21,5,4,95.0
2025-08-22,5,4,83.0
2025-08-23,5,4,70.0
2025-08-24,5,4,92.0
2025-08-25,5,4,80.0
2025-08-26,5,4,99.0
2025-08-27,5,4,101.0
2025-08-28,5,4,100.0
2025-08-29,5,4,89.0
2025-08-30,5,4,72.0
2025-08-31,5,4,77.0
2025-09-01,5,4,88.0
2025-09-02,5,4,78.0
2025-09-03,5,4,86.0
2025-09-04,5,4,86.0
2025-09-05,5,4,74.0
2025-09-06,5,4,61.0
2025-09-07,5,4,79.0
2025-09-08,5,4,84.0
2025-09-09,5,4,93.0
2025-09-10,5,4,88.0
2025-09-11,5,4,90.0
2025-09-12,5,4,57.0
2025-09-13,5,4,69.0
2025-09-14,5,4,73.0
2025-09-15,5,4,85.0
2025-09-16,5,4,82.0
2025-09-17,5,4,99.0
2025-09-18,5,4,81.0
2025-09-19,5,4,71.0
2025-09-20,5,4,75.0
2025-09-21,5,4,88.0
2025-09-22,5,4,84.0
2025-09-23,5,4,88.0
2025-09-24,5,4,99.0
2025-09-25,5,4,97.0
2025-09-26,5,4,82.0
2025-09-27,5,4,92.0
2025-09-28,5,4,67.0
2025-09-29,5,4,85.0
2025-09-30,5,4,107.0
2025-10-01,5,4,109.0
2025-10-02,5,4,74.0
2025-10-03,5,4,78.0
2025-10-04,5,4,82.0
2025-10-05,5,4,96.0
2025-10-06,5,4,90.0
2025-10-07,5,4,92.0
2025-10-08,5,4,90.0
2025-10-09,5,4,108.0
2025-10-10,5,4,84.0
2025-10-11,5,4,64.0
2025-10-12,5,4,72.0
2025-10-13,5,4,88.0
2025-10-14,5,4,101.0
2025-10-15,5,4,92.0
2025-10-16,5,4,87.0
2025-10-17,5,4,67.0
2025-10-18,5,4,81.0
2025-10-19,5,4,73.0
2025-10-20,5,4,91.0
2025-10-21,5,4,109.0
2025-10-22,5,4,103.0
2025-10-23,5,4,93.0
2025-10-24,5,4,83.0
2025-10-25,5,4,75.0
2025-10-26,5,4,87.0
2025-10-27,5,4,91.0
2025-10-28,5,4,96.0
2025-10-29,5,4,112.0
2025-10-30,5,4,106.0
2025-10-31,5,4,73.0
2025-11-01,5,4,89.0
2025-11-02,5,4,83.0
2025-11-03,5,4,93.0
2025-11-04,5,4,111.0
2025-11-05,5,4,101.0
2025-11-06,5,4,106.0
2025-11-07,5,4,84.0
2025-11-08,5,4,68.0
2025-11-09,5,4,75.0
2025-11-10,5,4,99.0
2025-11-11,5,4,98.0
2025-11-12,5,4,122.0
2025-11-13,5,4,111.0
2025-11-14,5,4,100.0
2025-11-15,5,4,83.0
2025-11-16,5,4,88.0
2025-11-17,5,4,88.0
2025-11-18,5,4,117.0
2025-11-19,5,4,115.0
2025-11-20,5,4,109.0
2025-11-21,5,4,106.0
2025-11-22,5,4,81.0
2025-11-23,5,4,88.0
2025-11-24,5,4,103.0
2025-11-25,5,4,105.0
2025-11-26,5,4,114.0
2025-11-27,5,4,112.0
2025-11-28,5,4,94.0
2025-11-29,5,4,100.0
2025-11-30,5,4,81.0
2025-12-01,5,4,113.0
2025-12-02,5,4,121.0
2025-12-03,5,4,115.0
2025-12-04,5,4,105.0
2025-12-05,5,4,84.0
2025-12-06,5,4,87.0
2025-12-07,5,4,105.0
2025-12-08,5,4,108.0
2025-12-09,5,4,129.0
2025-12-10,5,4,118.0
2025-12-11,5,4,122.0
2025-12-12,5,4,99.0
2025-12-13,5,4,90.0
2025-12-14,5,4,100.0
2025-12-15,5,4,107.0
2025-12-16,5,4,112.0
2025-12-17,5,4,126.0
2025-12-18,5,4,121.0
2025-12-19,5,4,119.0
2025-12-20,5,4,109.0
2025-12-21,5,4,115.0
2025-12-22,5,4,122.0
2025-12-23,5,4,131.0
2025-12-24,5,4,122.0
2025-12-25,5,4,126.0
2025-12-26,5,4,118.0
2025-12-27,5,4,118.0
2025-12-28,5,4,115.0
2025-12-29,5,4,131.0
2025-12-30,5,4,124.0
2024-01-01,5,5,133.0
2024-01-02,5,5,135.0
2024-01-03,5,5,153.0
2024-01-04,5,5,161.0
2024-01-05,5,5,143.0
2024-01-06,5,5,138.0
2024-01-07,5,5,136.0
2024-01-08,5,5,144.0
2024-01-09,5,5,143.0
2024-01-10,5,5,141.0
2024-01-11,5,5,154.0
2024-01-12,5,5,153.0
2024-01-13,5,5,140.0
2024-01-14,5,5,145.0
2024-01-15,5,5,163.0
2024-01-16,5,5,163.0
2024-01-17,5,5,162.0
2024-01-18,5,5,151.0
2024-01-19,5,5,164.0
2024-01-20,5,5,147.0
2024-01-21,5,5,138.0
2024-01-22,5,5,146.0
2024-01-23,5,5,175.0
2024-01-24,5,5,160.0
2024-01-25,5,5,177.0
2024-01-26,5,5,132.0
2024-01-27,5,5,158.0
2024-01-28,5,5,154.0
2024-01-29,5,5,161.0
2024-01-30,5,5,168.0
2024-01-31,5,5,187.0
2024-02-01,5,5,172.0
2024-02-02,5,5,151.0
2024-02-03,5,5,138.0
2024-02-04,5,5,156.0
2024-02-05,5,5,164.0
2024-02-06,5,5,162.0
2024-02-07,5,5,177.0
2024-02-08,5,5,167.0
2024-02-09,5,5,162.0
2024-02-10,5,5,162.0
2024-02-11,5,5,170.0
2024-02-12,5,5,176.0
2024-02-13,5,5,173.0
2024-02-14,5,5,184.0
2024-02-15,5,5,176.0
2024-02-16,5,5,155.0
2024-02-17,5,5,163.0
2024-02-18,5,5,177.0
2024-02-19,5,5,173.0
2024-02-20,5,5,170.0
2024-02-21,5,5,185.0
2024-02-22,5,5,170.0
2024-02-23,5,5,176.0
2024-02-24,5,5,167.0
2024-02-25,5,5,165.0
2024-02-26,5,5,173.0
2024-02-27,5,5,184.0
2024-02-28,5,5,188.0
2024-02-29,5,5,176.0
2024-03-01,5,5,162.0
2024-03-02,5,5,175.0
2024-03-03,5,5,166.0
2024-03-04,5,5,180.0
2024-03-05,5,5,190.0
2024-03-06,5,5,193.0
2024-03-07,5,5,176.0
2024-03-08,5,5,162.0
2024-03-09,5,5,164.0
2024-03-10,5,5,175.0
2024-03-11,5,5,175.0
2024-03-12,5,5,188.0
2024-03-13,5,5,210.0
2024-03-14,5,5,173.0
2024-03-15,5,5,171.0
2024-03-16,5,5,186.0
2024-03-17,5,5,173.0
2024-03-18,5,5,177.0
2024-03-19,5,5,201.0
2024-03-20,5,5,195.0
2024-03-21,5,5,186.0
2024-03-22,5,5,180.0
2024-03-23,5,5,167.0
2024-03-24,5,5,167.0
2024-03-25,5,5,183.0
2024-03-26,5,5,186.0
2024-03-27,5,5,196.0
2024-03-28,5,5,193.0
2024-03-29,5,5,186.0
2024-03-30,5,5,182.0
2024-03-31,5,5,173.0
2024-04-01,5,5,189.0
2024-04-02,5,5,198.0
2024-04-03,5,5,199.0
2024-04-04,5,5,187.0
2024-04-05,5,5,172.0
2024-04-06,5,5,178.0
2024-04-07,5,5,163.0
2024-04-08,5,5,183.0
2024-04-09,5,5,175.0
2024-04-10,5,5,186.0
2024-04-11,5,5,184.0
2024-04-12,5,5,189.0
2024-04-13,5,5,179.0
2024-04-14,5,5,172.0
2024-04-15,5,5,191.0
2024-04-16,5,5,201.0
2024-04-17,5,5,195.0
2024-04-18,5,5,179.0
2024-04-19,5,5,178.0
2024-04-20,5,5,172.0
2024-04-21,5,5,166.0
2024-04-22,5,5,187.0
2024-04-23,5,5,196.0
2024-04-24,5,5,199.0
2024-04-25,5,5,191.0
2024-04-26,5,5,184.0
2024-04-27,5,5,171.0
2024-04-28,5,5,176.0
2024-04-29,5,5,180.0
2024-04-30,5,5,187.0
2024-05-01,5,5,204.0
2024-05-02,5,5,172.0
2024-05-03,5,5,184.0
2024-05-04,5,5,166.0
2024-05-05,5,5,167.0
2024-05-06,5,5,183.0
2024-05-07,5,5,179.0
2024-05-08,5,5,186.0
2024-05-09,5,5,179.0
2024-05-10,5,5,173.0
2024-05-11,5,5,162.0
2024-05-12,5,5,183.0
2024-05-13,5,5,193.0
2024-05-14,5,5,172.0
2024-05-15,5,5,194.0
2024-05-16,5,5,190.0
2024-05-17,5,5,177.0
2024-05-18,5,5,161.0
2024-05-19,5,5,166.0
2024-05-20,5,5,170.0
2024-05-21,5,5,182.0
2024-05-22,5,5,177.0
2024-05-23,5,5,179.0
2024-05-24,5,5,158.0
2024-05-25,5,5,161.0
2024-05-26,5,5,155.0
2024-05-27,5,5,175.0
2024-05-28,5,5,177.0
2024-05-29,5,5,186.0
2024-05-30,5,5,185.0
2024-05-31,5,5,179.0
2024-06-01,5,5,140.0
2024-06-02,5,5,155.0
2024-06-03,5,5,167.0
2024-06-04,5,5,182.0
2024-06-05,5,5,167.0
2024-06-06,5,5,166.0
2024-06-07,5,5,164.0
2024-06-08,5,5,157.0
2024-06-09,5,5,161.0
2024-06-10,5,5,170.0
2024-06-11,5,5,177.0
2024-06-12,5,5,178.0
2024-06-13,5,5,170.0
2024-06-14,5,5,164.0
2024-06-15,5,5,135.0
2024-06-16,5,5,166.0
2024-06-17,5,5,145.0
2024-06-18,5,5,163.0
2024-06-19,5,5,171.0
2024-06-20,5,5,171.0
2024-06-21,5,5,132.0
2024-06-22,5,5,148.0
2024-06-23,5,5,156.0
2024-06-24,5,5,166.0
2024-06-25,5,5,162.0
2024-06-26,5,5,166.0
2024-06-27,5,5,157.0
2024-06-28,5,5,148.0
2024-06-29,5,5,136.0
2024-06-30,5,5,139.0
2024-07-01,5,5,158.0
2024-07-02,5,5,164.0
2024-07-03,5,5,168.0
2024-07-04,5,5,159.0
2024-07-05,5,5,152.0
2024-07-06,5,5,147.0
2024-07-07,5,5,128.0
2024-07-08,5,5,144.0
2024-07-09,5,5,157.0
2024-07-10,5,5,160.0
2024-07-11,5,5,149.0
2024-07-12,5,5,150.0
2024-07-13,5,5,151.0
2024-07-14,5,5,139.0
2024-07-15,5,5,147.0
2024-07-16,5,5,162.0
2024-07-17,5,5,142.0
2024-07-18,5,5,150.0
2024-07-19,5,5,147.0
2024-07-20,5,5,127.0
2024-07-21,5,5,124.0
2024-07-22,5,5,141.0
2024-07-23,5,5,151.0
2024-07-24,5,5,146.0
2024-07-25,5,5,162.0
2024-07-26,5,5,132.0
2024-07-27,5,5,120.0
2024-07-28,5,5,130.0
2024-07-29,5,5,146.0
2024-07-30,5,5,148.0
2024-07-31,5,5,153.0
2024-08-01,5,5,136.0
2024-08-02,5,5,143.0
2024-08-03,5,5,129.0
2024-08-04,5,5,135.0
2024-08-05,5,5,138.0
2024-08-06,5,5,151.0
2024-08-07,5,5,139.0
2024-08-08,5,5,135.0
2024-08-09,5,5,139.0
2024-08-10,5,5,134.0
2024-08-11,5,5,115.0
2024-08-12,5,5,134.0
2024-08-13,5,5,138.0
2024-08-14,5,5,138.0
2024-08-15,5,5,138.0
2024-08-16,5,5,135.0
2024-08-17,5,5,122.0
2024-08-18,5,5,118.0
2024-08-19,5,5,134.0
2024-08-20,5,5,136.0
2024-08-21,5,5,144.0
2024-08-22,5,5,144.0
2024-08-23,5,5,107.0
2024-08-24,5,5,123.0
2024-08-25,5,5,107.0
2024-08-26,5,5,137.0
2024-08-27,5,5,131.0
2024-08-28,5,5,129.0
2024-08-29,5,5,137.0
2024-08-30,5,5,124.0
2024-08-31,5,5,107.0
2024-09-01,5,5,107.0
2024-09-02,5,5,124.0
2024-09-03,5,5,125.0
2024-09-04,5,5,128.0
2024-09-05,5,5,131.0
2024-09-06,5,5,112.0
2024-09-07,5,5,116.0
2024-09-08,5,5,127.0
2024-09-09,5,5,123.0
2024-09-10,5,5,134.0
2024-09-11,5,5,151.0
2024-09-12,5,5,119.0
2024-09-13,5,5,128.0
2024-09-14,5,5,120.0
2024-09-15,5,5,121.0
2024-09-16,5,5,133.0
2024-09-17,5,5,134.0
2024-09-18,5,5,130.0
2024-09-19,5,5,136.0
2024-09-20,5,5,127.0
2024-09-21,5,5,120.0
2024-09-22,5,5,114.0
2024-09-23,5,5,117.0
2024-09-24,5,5,133.0
2024-09-25,5,5,142.0
2024-09-26,5,5,136.0
2024-09-27,5,5,114.0
2024-09-28,5,5,114.0
2024-09-29,5,5,104.0
2024-09-30,5,5,131.0
2024-10-01,5,5,126.0
2024-10-02,5,5,141.0
2024-10-03,5,5,119.0
2024-10-04,5,5,126.0
2024-10-05,5,5,115.0
2024-10-06,5,5,108.0
2024-10-07,5,5,129.0
2024-10-08,5,5,128.0
2024-10-09,5,5,141.0
2024-10-10,5,5,127.0
2024-10-11,5,5,106.0
2024-10-12,5,5,106.0
2024-10-13,5,5,112.0
2024-10-14,5,5,136.0
2024-10-15,5,5,141.0
2024-10-16,5,5,149.0
2024-10-17,5,5,144.0
2024-10-18,5,5,117.0
2024-10-19,5,5,113.0
2024-10-20,5,5,114.0
2024-10-21,5,5,122.0
2024-10-22,5,5,122.0
2024-10-23,5,5,139.0
2024-10-24,5,5,123.0
2024-10-25,5,5,123.0
2024-10-26,5,5,133.0
2024-10-27,5,5,116.0
2024-10-28,5,5,131.0
2024-10-29,5,5,146.0
2024-10-30,5,5,144.0
2024-10-31,5,5,138.0
2024-11-01,5,5,123.0
2024-11-02,5,5,118.0
2024-11-03,5,5,115.0
2024-11-04,5,5,139.0
2024-11-05,5,5,66.526903864863
2024-11-06,5,5,79.00069833952482
2024-11-07,5,5,66.526903864863
2024-11-08,5,5,136.0
2024-11-09,5,5,120.0
2024-11-10,5,5,116.0
2024-11-11,5,5,140.0
2024-11-12,5,5,152.0
2024-11-13,5,5,144.0
2024-11-14,5,5,148.0
2024-11-15,5,5,115.0
2024-11-16,5,5,116.0
2024-11-17,5,5,139.0
2024-11-18,5,5,137.0
2024-11-19,5,5,134.0
2024-11-20,5,5,146.0
2024-11-21,5,5,139.0
2024-11-22,5,5,135.0
2024-11-23,5,5,128.0
2024-11-24,5,5,135.0
2024-11-25,5,5,143.0
2024-11-26,5,5,163.0
2024-11-27,5,5,159.0
2024-11-28,5,5,154.0
2024-11-29,5,5,250.77854784427953
2024-11-30,5,5,220.68512210296598
2024-12-01,5,5,213.99769416045186
2024-12-02,5,5,262.48154674367925
2024-12-03,5,5,264.15340372930774
2024-12-04,5,5,269.16897468619334
2024-12-05,5,5,250.77854784427953
2024-12-06,5,5,234.05997798799422
2024-12-07,5,5,244.0911199017654
2024-12-08,5,5,150.0
2024-12-09,5,5,158.0
2024-12-10,5,5,168.0
2024-12-11,5,5,169.0
2024-12-12,5,5,160.0
2024-12-13,5,5,149.0
2024-12-14,5,5,154.0
2024-12-15,5,5,144.0
2024-12-16,5,5,160.0
2024-12-17,5,5,161.0
2024-12-18,5,5,165.0
2024-12-19,5,5,163.0
2024-12-20,5,5,149.0
2024-12-21,5,5,155.0
2024-12-22,5,5,142.0
2024-12-23,5,5,163.0
2024-12-24,5,5,173.0
2024-12-25,5,5,161.0
2024-12-26,5,5,166.0
2024-12-27,5,5,162.0
2024-12-28,5,5,158.0
2024-12-29,5,5,156.0
2024-12-30,5,5,172.0
2024-12-31,5,5,176.0
2025-01-01,5,5,180.0
2025-01-02,5,5,176.0
2025-01-03,5,5,172.0
2025-01-04,5,5,154.0
2025-01-05,5,5,159.0
2025-01-06,5,5,167.0
2025-01-07,5,5,180.0
2025-01-08,5,5,196.0
2025-01-09,5,5,184.0
2025-01-10,5,5,161.0
2025-01-11,5,5,160.0
2025-01-12,5,5,170.0
2025-01-13,5,5,170.0
2025-01-14,5,5,182.0
2025-01-15,5,5,201.0
2025-01-16,5,5,180.0
2025-01-17,5,5,182.0
2025-01-18,5,5,179.0
2025-01-19,5,5,167.0
2025-01-20,5,5,175.0
2025-01-21,5,5,190.0
2025-01-22,5,5,187.0
2025-01-23,5,5,190.0
2025-01-24,5,5,178.0
2025-01-25,5,5,177.0
2025-01-26,5,5,188.0
2025-01-27,5,5,193.0
2025-01-28,5,5,201.0
2025-01-29,5,5,185.0
2025-01-30,5,5,197.0
2025-01-31,5,5,198.0
2025-02-01,5,5,156.0
2025-02-02,5,5,187.0
2025-02-03,5,5,190.0
2025-02-04,5,5,195.0
2025-02-05,5,5,210.0
2025-02-06,5,5,212.0
2025-02-07,5,5,195.0
2025-02-08,5,5,180.0
2025-02-09,5,5,179.0
2025-02-10,5,5,197.0
2025-02-11,5,5,212.0
2025-02-12,5,5,205.0
2025-02-13,5,5,200.0
2025-02-14,5,5,215.0
2025-02-15,5,5,195.0
2025-02-16,5,5,199.0
2025-02-17,5,5,188.0
2025-02-18,5,5,204.0
2025-02-19,5,5,213.0
2025-02-20,5,5,198.0
2025-02-21,5,5,209.0
2025-02-22,5,5,201.0
2025-02-23,5,5,189.0
2025-02-24,5,5,217.0
2025-02-25,5,5,213.0
2025-02-26,5,5,235.0
2025-02-27,5,5,210.0
2025-02-28,5,5,204.0
2025-03-01,5,5,205.0
2025-03-02,5,5,206.0
2025-03-03,5,5,210.0
2025-03-04,5,5,214.0
2025-03-05,5,5,222.0
2025-03-06,5,5,206.0
2025-03-07,5,5,203.0
2025-03-08,5,5,188.0
2025-03-09,5,5,185.0
2025-03-10,5,5,209.0
2025-03-11,5,5,228.0
2025-03-12,5,5,228.0
2025-03-13,5,5,214.0
2025-03-14,5,5,218.0
2025-03-15,5,5,194.0
2025-03-16,5,5,186.0
2025-03-17,5,5,194.0
2025-03-18,5,5,211.0
2025-03-19,5,5,229.0
2025-03-20,5,5,211.0
2025-03-21,5,5,210.0
2025-03-22,5,5,213.0
2025-03-23,5,5,194.0
2025-03-24,5,5,216.0
2025-03-25,5,5,225.0
2025-03-26,5,5,217.0
2025-03-27,5,5,228.0
2025-03-28,5,5,205.0
2025-03-29,5,5,198.0
2025-03-30,5,5,220.0
2025-03-31,5,5,217.0
2025-04-01,5,5,229.0
2025-04-02,5,5,235.0
2025-04-03,5,5,213.0
2025-04-04,5,5,218.0
2025-04-05,5,5,198.0
2025-04-06,5,5,200.0
2025-04-07,5,5,211.0
2025-04-08,5,5,217.0
2025-04-09,5,5,231.0
2025-04-10,5,5,220.0
2025-04-11,5,5,204.0
2025-04-12,5,5,207.0
2025-04-13,5,5,202.0
2025-04-14,5,5,210.0
2025-04-15,5,5,222.0
2025-04-16,5,5,228.0
2025-04-17,5,5,221.0
2025-04-18,5,5,205.0
2025-04-19,5,5,208.0
2025-04-20,5,5,201.0
2025-04-21,5,5,207.0
2025-04-22,5,5,210.0
2025-04-23,5,5,231.0
2025-04-24,5,5,217.0
2025-04-25,5,5,208.0
2025-04-26,5,5,208.0
2025-04-27,5,5,198.0
2025-04-28,5,5,200.0
2025-04-29,5,5,220.0
2025-04-30,5,5,224.0
2025-05-01,5,5,213.0
2025-05-02,5,5,216.0
2025-05-03,5,5,179.0
2025-05-04,5,5,209.0
2025-05-05,5,5,215.0
2025-05-06,5,5,222.0
2025-05-07,5,5,194.0
2025-05-08,5,5,223.0
2025-05-09,5,5,195.0
2025-05-10,5,5,192.0
2025-05-11,5,5,197.0
2025-05-12,5,5,210.0
2025-05-13,5,5,221.0
2025-05-14,5,5,225.0
2025-05-15,5,5,217.0
2025-05-16,5,5,202.0
2025-05-17,5,5,197.0
2025-05-18,5,5,187.0
2025-05-19,5,5,199.0
2025-05-20,5,5,220.0
2025-05-21,5,5,221.0
2025-05-22,5,5,214.0
2025-05-23,5,5,194.0
2025-05-24,5,5,198.0
2025-05-25,5,5,184.0
2025-05-26,5,5,210.0
2025-05-27,5,5,208.0
2025-05-28,5,5,225.0
2025-05-29,5,5,193.0
2025-05-30,5,5,208.0
2025-05-31,5,5,185.0
2025-06-01,5,5,186.0
2025-06-02,5,5,200.0
2025-06-03,5,5,201.0
2025-06-04,5,5,208.0
2025-06-05,5,5,196.0
2025-06-06,5,5,185.0
2025-06-07,5,5,188.0
2025-06-08,5,5,179.0
2025-06-09,5,5,188.0
2025-06-10,5,5,192.0
2025-06-11,5,5,201.0
2025-06-12,5,5,208.0
2025-06-13,5,5,181.0
2025-06-14,5,5,175.0
2025-06-15,5,5,184.0
2025-06-16,5,5,188.0
2025-06-17,5,5,216.0
2025-06-18,5,5,200.0
2025-06-19,5,5,197.0
2025-06-20,5,5,191.0
2025-06-21,5,5,184.0
2025-06-22,5,5,180.0
2025-06-23,5,5,185.0
2025-06-24,5,5,211.0
2025-06-25,5,5,196.0
2025-06-26,5,5,187.0
2025-06-27,5,5,174.0
2025-06-28,5,5,159.0
2025-06-29,5,5,180.0
2025-06-30,5,5,164.0
2025-07-01,5,5,191.0
2025-07-02,5,5,191.0
2025-07-03,5,5,203.0
2025-07-04,5,5,161.0
2025-07-05,5,5,161.0
2025-07-06,5,5,169.0
2025-07-07,5,5,177.0
2025-07-08,5,5,183.0
2025-07-09,5,5,188.0
2025-07-10,5,5,172.0
2025-07-11,5,5,174.0
2025-07-12,5,5,146.0
2025-07-13,5,5,166.0
2025-07-14,5,5,170.0
2025-07-15,5,5,191.0
2025-07-16,5,5,198.0
2025-07-17,5,5,175.0
2025-07-18,5,5,178.0
2025-07-19,5,5,158.0
2025-07-20,5,5,155.0
2025-07-21,5,5,184.0
2025-07-22,5,5,183.0
2025-07-23,5,5,181.0
2025-07-24,5,5,180.0
2025-07-25,5,5,166.0
2025-07-26,5,5,156.0
2025-07-27,5,5,148.0
2025-07-28,5,5,165.0
2025-07-29,5,5,181.0
2025-07-30,5,5,177.0
2025-07-31,5,5,178.0
2025-08-01,5,5,163.0
2025-08-02,5,5,146.0
2025-08-03,5,5,145.0
2025-08-04,5,5,162.0
2025-08-05,5,5,168.0
2025-08-06,5,5,177.0
2025-08-07,5,5,162.0
2025-08-08,5,5,152.0
2025-08-09,5,5,158.0
2025-08-10,5,5,153.0
2025-08-11,5,5,155.0
2025-08-12,5,5,169.0
2025-08-13,5,5,182.0
2025-08-14,5,5,167.0
2025-08-15,5,5,158.0
2025-08-16,5,5,141.0
2025-08-17,5,5,157.0
2025-08-18,5,5,176.0
2025-08-19,5,5,160.0
2025-08-20,5,5,159.0
2025-08-21,5,5,163.0
2025-08-22,5,5,158.0
2025-08-23,5,5,144.0
2025-08-24,5,5,138.0
2025-08-25,5,5,154.0
2025-08-26,5,5,169.0
2025-08-27,5,5,163.0
2025-08-28,5,5,164.0
2025-08-29,5,5,158.0
2025-08-30,5,5,144.0
2025-08-31,5,5,144.0
2025-09-01,5,5,160.0
2025-09-02,5,5,156.0
2025-09-03,5,5,157.0
2025-09-04,5,5,156.0
2025-09-05,5,5,144.0
2025-09-06,5,5,135.0
2025-09-07,5,5,157.0
2025-09-08,5,5,169.0
2025-09-09,5,5,158.0
2025-09-10,5,5,164.0
2025-09-11,5,5,155.0
2025-09-12,5,5,155.0
2025-09-13,5,5,150.0
2025-09-14,5,5,128.0
2025-09-15,5,5,155.0
2025-09-16,5,5,150.0
2025-09-17,5,5,176.0
2025-09-18,5,5,159.0
2025-09-19,5,5,139.0
2025-09-20,5,5,137.0
2025-09-21,5,5,139.0
2025-09-22,5,5,155.0
2025-09-23,5,5,168.0
2025-09-24,5,5,153.0
2025-09-25,5,5,170.0
2025-09-26,5,5,158.0
2025-09-27,5,5,132.0
2025-09-28,5,5,142.0
2025-09-29,5,5,164.0
2025-09-30,5,5,169.0
2025-10-01,5,5,160.0
2025-10-02,5,5,162.0
2025-10-03,5,5,169.0
2025-10-04,5,5,140.0
2025-10-05,5,5,137.0
2025-10-06,5,5,153.0
2025-10-07,5,5,162.0
2025-10-08,5,5,159.0
2025-10-09,5,5,160.0
2025-10-10,5,5,137.0
2025-10-11,5,5,136.0
2025-10-12,5,5,149.0
2025-10-13,5,5,139.0
2025-10-14,5,5,169.0
2025-10-15,5,5,149.0
2025-10-16,5,5,145.0
2025-10-17,5,5,145.0
2025-10-18,5,5,145.0
2025-10-19,5,5,155.0
2025-10-20,5,5,155.0
2025-10-21,5,5,162.0
2025-10-22,5,5,171.0
2025-10-23,5,5,154.0
2025-10-24,5,5,151.0
2025-10-25,5,5,135.0
2025-10-26,5,5,148.0
2025-10-27,5,5,156.0
2025-10-28,5,5,160.0
2025-10-29,5,5,170.0
2025-10-30,5,5,164.0
2025-10-31,5,5,162.0
2025-11-01,5,5,135.0
2025-11-02,5,5,149.0
2025-11-03,5,5,153.0
2025-11-04,5,5,176.0
2025-11-05,5,5,177.0
2025-11-06,5,5,170.0
2025-11-07,5,5,151.0
2025-11-08,5,5,157.0
2025-11-09,5,5,141.0
2025-11-10,5,5,149.0
2025-11-11,5,5,162.0
2025-11-12,5,5,175.0
2025-11-13,5,5,174.0
2025-11-14,5,5,136.0
2025-11-15,5,5,164.0
2025-11-16,5,5,158.0
2025-11-17,5,5,154.0
2025-11-18,5,5,177.0
2025-11-19,5,5,187.0
2025-11-20,5,5,178.0
2025-11-21,5,5,172.0
2025-11-22,5,5,147.0
2025-11-23,5,5,157.0
2025-11-24,5,5,163.0
2025-11-25,5,5,193.0
2025-11-26,5,5,188.0
2025-11-27,5,5,199.0
2025-11-28,5,5,164.0
2025-11-29,5,5,156.0
2025-11-30,5,5,164.0
2025-12-01,5,5,185.0
2025-12-02,5,5,182.0
2025-12-03,5,5,188.0
2025-12-04,5,5,182.0
2025-12-05,5,5,172.0
2025-12-06,5,5,161.0
2025-12-07,5,5,168.0
2025-12-08,5,5,178.0
2025-12-09,5,5,189.0
2025-12-10,5,5,199.0
2025-12-11,5,5,200.0
2025-12-12,5,5,170.0
2025-12-13,5,5,168.0
2025-12-14,5,5,168.0
2025-12-15,5,5,186.0
2025-12-16,5,5,190.0
2025-12-17,5,5,199.0
2025-12-18,5,5,200.0
2025-12-19,5,5,162.0
2025-12-20,5,5,180.0
2025-12-21,5,5,176.0
2025-12-22,5,5,193.0
2025-12-23,5,5,192.0
2025-12-24,5,5,211.0
2025-12-25,5,5,203.0
2025-12-26,5,5,191.0
2025-12-27,5,5,187.0
2025-12-28,5,5,179.0
2025-12-29,5,5,189.0
2025-12-30,5,5,210.0
2024-01-01,6,1,64.0
2024-01-02,6,1,83.0
2024-01-03,6,1,85.0
2024-01-04,6,1,61.0
2024-01-05,6,1,69.0
2024-01-06,6,1,51.0
2024-01-07,6,1,62.0
2024-01-08,6,1,64.0
2024-01-09,6,1,86.0
2024-01-10,6,1,92.0
2024-01-11,6,1,87.0
2024-01-12,6,1,71.0
2024-01-13,6,1,48.0
2024-01-14,6,1,57.0
2024-01-15,6,1,68.0
2024-01-16,6,1,89.0
2024-01-17,6,1,80.0
2024-01-18,6,1,69.0
2024-01-19,6,1,87.0
2024-01-20,6,1,74.0
2024-01-21,6,1,71.0
2024-01-22,6,1,80.0
2024-01-23,6,1,97.0
2024-01-24,6,1,101.0
2024-01-25,6,1,99.0
2024-01-26,6,1,67.0
2024-01-27,6,1,55.0
2024-01-28,6,1,65.0
2024-01-29,6,1,85.0
2024-01-30,6,1,92.0
2024-01-31,6,1,94.0
2024-02-01,6,1,101.0
2024-02-02,6,1,67.0
2024-02-03,6,1,77.0
2024-02-04,6,1,77.0
2024-02-05,6,1,99.0
2024-02-06,6,1,116.0
2024-02-07,6,1,105.0
2024-02-08,6,1,110.0
2024-02-09,6,1,81.0
2024-02-10,6,1,71.0
2024-02-11,6,1,73.0
2024-02-12,6,1,83.0
2024-02-13,6,1,107.0
2024-02-14,6,1,114.0
2024-02-15,6,1,84.0
2024-02-16,6,1,101.0
2024-02-17,6,1,84.0
2024-02-18,6,1,70.0
2024-02-19,6,1,94.0
2024-02-20,6,1,103.0
2024-02-21,6,1,110.0
2024-02-22,6,1,97.0
2024-02-23,6,1,87.0
2024-02-24,6,1,64.0
2024-02-25,6,1,51.840827188653776
2024-02-26,6,1,45.29251217535014
2024-02-27,6,1,60.02622095528332
2024-02-28,6,1,56.7520634486315
2024-02-29,6,1,54.02359885975499
2024-03-01,6,1,48.56666968200196
2024-03-02,6,1,41.472661750923024
2024-03-03,6,1,43.65543342202423
2024-03-04,6,1,49.11236259977726
2024-03-05,6,1,102.0
2024-03-06,6,1,117.0
2024-03-07,6,1,95.0
2024-03-08,6,1,81.0
2024-03-09,6,1,72.0
2024-03-10,6,1,78.0
2024-03-11,6,1,83.0
2024-03-12,6,1,98.0
2024-03-13,6,1,118.0
2024-03-14,6,1,108.0
2024-03-15,6,1,91.0
2024-03-16,6,1,90.0
2024-03-17,6,1,75.0
2024-03-18,6,1,82.0
2024-03-19,6,1,117.0
2024-03-20,6,1,100.0
2024-03-21,6,1,103.0
2024-03-22,6,1,91.0
2024-03-23,6,1,96.0
2024-03-24,6,1,78.0
2024-03-25,6,1,93.0
2024-03-26,6,1,117.0
2024-03-27,6,1,120.0
2024-03-28,6,1,102.0
2024-03-29,6,1,91.0
2024-03-30,6,1,74.0
2024-03-31,6,1,87.0
2024-04-01,6,1,84.0
2024-04-02,6,1,136.0
2024-04-03,6,1,121.0
2024-04-04,6,1,96.0
2024-04-05,6,1,87.0
2024-04-06,6,1,71.0
2024-04-07,6,1,77.0
2024-04-08,6,1,99.0
2024-04-09,6,1,123.0
2024-04-10,6,1,114.0
2024-04-11,6,1,89.0
2024-04-12,6,1,84.0
2024-04-13,6,1,75.0
2024-04-14,6,1,84.0
2024-04-15,6,1,96.0
2024-04-16,6,1,93.0
2024-04-17,6,1,107.0
2024-04-18,6,1,95.0
2024-04-19,6,1,96.0
2024-04-20,6,1,76.0
2024-04-21,6,1,65.0
2024-04-22,6,1,89.0
2024-04-23,6,1,119.0
2024-04-24,6,1,108.0
2024-04-25,6,1,98.0
2024-04-26,6,1,86.0
2024-04-27,6,1,79.0
2024-04-28,6,1,79.0
2024-04-29,6,1,103.0
2024-04-30,6,1,107.0
2024-05-01,6,1,117.0
2024-05-02,6,1,103.0
2024-05-03,6,1,75.0
2024-05-04,6,1,90.0
2024-05-05,6,1,88.0
2024-05-06,6,1,88.0
2024-05-07,6,1,106.0
2024-05-08,6,1,115.0
2024-05-09,6,1,101.0
2024-05-10,6,1,85.0
2024-05-11,6,1,78.0
2024-05-12,6,1,80.0
2024-05-13,6,1,93.0
2024-05-14,6,1,105.0
2024-05-15,6,1,113.0
2024-05-16,6,1,99.0
2024-05-17,6,1,83.0
2024-05-18,6,1,82.0
2024-05-19,6,1,78.0
2024-05-20,6,1,91.0
2024-05-21,6,1,94.0
2024-05-22,6,1,98.0
2024-05-23,6,1,104.0
2024-05-24,6,1,83.0
2024-05-25,6,1,76.0
2024-05-26,6,1,73.0
2024-05-27,6,1,88.0
2024-05-28,6,1,98.0
2024-05-29,6,1,102.0
2024-05-30,6,1,88.0
2024-05-31,6,1,87.0
2024-06-01,6,1,60.0
2024-06-02,6,1,71.0
2024-06-03,6,1,81.0
2024-06-04,6,1,104.0
2024-06-05,6,1,101.0
2024-06-06,6,1,92.0
2024-06-07,6,1,74.0
2024-06-08,6,1,54.0
2024-06-09,6,1,70.0
2024-06-10,6,1,78.0
2024-06-11,6,1,86.0
2024-06-12,6,1,84.0
2024-06-13,6,1,78.0
2024-06-14,6,1,75.0
2024-06-15,6,1,73.0
2024-06-16,6,1,63.0
2024-06-17,6,1,67.0
2024-06-18,6,1,92.0
2024-06-19,6,1,101.0
2024-06-20,6,1,98.0
2024-06-21,6,1,76.0
2024-06-22,6,1,57.0
2024-06-23,6,1,63.0
2024-06-24,6,1,66.0
2024-06-25,6,1,92.0
2024-06-26,6,1,96.0
2024-06-27,6,1,58.0
2024-06-28,6,1,63.0
2024-06-29,6,1,64.0
2024-06-30,6,1,49.0
2024-07-01,6,1,51.0
2024-07-02,6,1,82.0
2024-07-03,6,1,94.0
2024-07-04,6,1,78.0
2024-07-05,6,1,59.0
2024-07-06,6,1,40.0
2024-07-07,6,1,42.0
2024-07-08,6,1,66.0
2024-07-09,6,1,78.0
2024-07-10,6,1,88.0
2024-07-11,6,1,74.0
2024-07-12,6,1,49.0
2024-07-13,6,1,47.0
2024-07-14,6,1,48.0
2024-07-15,6,1,47.0
2024-07-16,6,1,71.0
2024-07-17,6,1,78.0
2024-07-18,6,1,66.0
2024-07-19,6,1,54.0
2024-07-20,6,1,42.0
2024-07-21,6,1,47.0
2024-07-22,6,1,59.0
2024-07-23,6,1,71.0
2024-07-24,6,1,75.0
2024-07-25,6,1,61.0
2024-07-26,6,1,44.0
2024-07-27,6,1,38.0
2024-07-28,6,1,24.0
2024-07-29,6,1,51.0
2024-07-30,6,1,62.0
2024-07-31,6,1,64.0
2024-08-01,6,1,58.0
2024-08-02,6,1,34.0
2024-08-03,6,1,32.0
2024-08-04,6,1,39.0
2024-08-05,6,1,60.0
2024-08-06,6,1,83.0
2024-08-07,6,1,53.0
2024-08-08,6,1,50.0
2024-08-09,6,1,39.0
2024-08-10,6,1,33.0
2024-08-11,6,1,38.0
2024-08-12,6,1,43.0
2024-08-13,6,1,41.0
2024-08-14,6,1,74.0
2024-08-15,6,1,59.0
2024-08-16,6,1,45.0
2024-08-17,6,1,27.0
2024-08-18,6,1,35.0
2024-08-19,6,1,29.0
2024-08-20,6,1,51.0
2024-08-21,6,1,72.0
2024-08-22,6,1,53.0
2024-08-23,6,1,52.0
2024-08-24,6,1,18.0
2024-08-25,6,1,51.0
2024-08-26,6,1,66.0
2024-08-27,6,1,52.0
2024-08-28,6,1,57.0
2024-08-29,6,1,61.0
2024-08-30,6,1,30.0
2024-08-31,6,1,22.0
2024-09-01,6,1,22.0
2024-09-02,6,1,36.0
2024-09-03,6,1,56.0
2024-09-04,6,1,56.0
2024-09-05,6,1,32.0
2024-09-06,6,1,45.0
2024-09-07,6,1,36.0
2024-09-08,6,1,30.0
2024-09-09,6,1,41.0
2024-09-10,6,1,46.0
2024-09-11,6,1,54.0
2024-09-12,6,1,56.0
2024-09-13,6,1,37.0
2024-09-14,6,1,26.0
2024-09-15,6,1,29.0
2024-09-16,6,1,48.0
2024-09-17,6,1,61.0
2024-09-18,6,1,62.0
2024-09-19,6,1,44.0
2024-09-20,6,1,45.0
2024-09-21,6,1,17.0
2024-09-22,6,1,17.0
2024-09-23,6,1,34.0
2024-09-24,6,1,43.0
2024-09-25,6,1,61.0
2024-09-26,6,1,46.0
2024-09-27,6,1,40.0
2024-09-28,6,1,1.0
2024-09-29,6,1,26.0
2024-09-30,6,1,36.0
2024-10-01,6,1,50.0
2024-10-02,6,1,47.0
2024-10-03,6,1,47.0
2024-10-04,6,1,24.0
2024-10-05,6,1,33.0
2024-10-06,6,1,30.0
2024-10-07,6,1,47.0
2024-10-08,6,1,38.0
2024-10-09,6,1,64.0
2024-10-10,6,1,53.0
2024-10-11,6,1,28.0
2024-10-12,6,1,20.0
2024-10-13,6,1,17.0
2024-10-14,6,1,37.0
2024-10-15,6,1,58.0
2024-10-16,6,1,52.0
2024-10-17,6,1,48.0
2024-10-18,6,1,53.0
2024-10-19,6,1,14.0
2024-10-20,6,1,29.0
2024-10-21,6,1,32.0
2024-10-22,6,1,43.0
2024-10-23,6,1,65.0
2024-10-24,6,1,46.0
2024-10-25,6,1,47.0
2024-10-26,6,1,29.0
2024-10-27,6,1,21.0
2024-10-28,6,1,35.0
2024-10-29,6,1,62.0
2024-10-30,6,1,52.0
2024-10-31,6,1,42.0
2024-11-01,6,1,21.0
2024-11-02,6,1,31.0
2024-11-03,6,1,23.0
2024-11-04,6,1,47.0
2024-11-05,6,1,48.0
2024-11-06,6,1,49.0
2024-11-07,6,1,59.0
2024-11-08,6,1,36.0
2024-11-09,6,1,23.0
2024-11-10,6,1,28.0
2024-11-11,6,1,42.0
2024-11-12,6,1,78.0
2024-11-13,6,1,67.0
2024-11-14,6,1,57.0
2024-11-15,6,1,34.0
2024-11-16,6,1,37.0
2024-11-17,6,1,25.0
2024-11-18,6,1,53.0
2024-11-19,6,1,68.0
2024-11-20,6,1,76.0
2024-11-21,6,1,42.0
2024-11-22,6,1,52.0
2024-11-23,6,1,37.0
2024-11-24,6,1,31.0
2024-11-25,6,1,34.0
2024-11-26,6,1,63.0
2024-11-27,6,1,72.0
2024-11-28,6,1,49.0
2024-11-29,6,1,39.0
2024-11-30,6,1,26.0
2024-12-01,6,1,37.0
2024-12-02,6,1,46.0
2024-12-03,6,1,88.0
2024-12-04,6,1,81.0
2024-12-05,6,1,56.0
2024-12-06,6,1,42.0
2024-12-07,6,1,28.0
2024-12-08,6,1,43.0
2024-12-09,6,1,73.0
2024-12-10,6,1,83.0
2024-12-11,6,1,79.0
2024-12-12,6,1,66.0
2024-12-13,6,1,58.0
2024-12-14,6,1,46.0
2024-12-15,6,1,51.0
2024-12-16,6,1,64.0
2024-12-17,6,1,81.0
2024-12-18,6,1,69.0
2024-12-19,6,1,71.0
2024-12-20,6,1,59.0
2024-12-21,6,1,44.0
2024-12-22,6,1,41.0
2024-12-23,6,1,66.0
2024-12-24,6,1,115.0
2024-12-25,6,1,78.0
2024-12-26,6,1,75.0
2024-12-27,6,1,71.0
2024-12-28,6,1,66.0
2024-12-29,6,1,51.0
2024-12-30,6,1,78.0
2024-12-31,6,1,91.0
2025-01-01,6,1,85.0
2025-01-02,6,1,85.0
2025-01-03,6,1,63.0
2025-01-04,6,1,50.0
2025-01-05,6,1,73.0
2025-01-06,6,1,79.0
2025-01-07,6,1,75.0
2025-01-08,6,1,92.0
2025-01-09,6,1,79.0
2025-01-10,6,1,67.0
2025-01-11,6,1,63.0
2025-01-12,6,1,65.0
2025-01-13,6,1,90.0
2025-01-14,6,1,102.0
2025-01-15,6,1,86.0
2025-01-16,6,1,86.0
2025-01-17,6,1,56.0
2025-01-18,6,1,55.0
2025-01-19,6,1,50.0
2025-01-20,6,1,68.0
2025-01-21,6,1,108.0
2025-01-22,6,1,106.0
2025-01-23,6,1,96.0
2025-01-24,6,1,85.0
2025-01-25,6,1,71.0
2025-01-26,6,1,70.0
2025-01-27,6,1,80.0
2025-01-28,6,1,113.0
2025-01-29,6,1,114.0
2025-01-30,6,1,92.0
2025-01-31,6,1,85.0
2025-02-01,6,1,47.0
2025-02-02,6,1,80.0
2025-02-03,6,1,84.0
2025-02-04,6,1,125.0
2025-02-05,6,1,116.0
2025-02-06,6,1,81.0
2025-02-07,6,1,76.0
2025-02-08,6,1,73.0
2025-02-09,6,1,76.0
2025-02-10,6,1,91.0
2025-02-11,6,1,114.0
2025-02-12,6,1,105.0
2025-02-13,6,1,100.0
2025-02-14,6,1,98.0
2025-02-15,6,1,88.0
2025-02-16,6,1,88.0
2025-02-17,6,1,91.0
2025-02-18,6,1,103.0
2025-02-19,6,1,112.0
2025-02-20,6,1,103.0
2025-02-21,6,1,87.0
2025-02-22,6,1,83.0
2025-02-23,6,1,85.0
2025-02-24,6,1,99.0
2025-02-25,6,1,107.0
2025-02-26,6,1,105.0
2025-02-27,6,1,111.0
2025-02-28,6,1,91.0
2025-03-01,6,1,84.0
2025-03-02,6,1,88.0
2025-03-03,6,1,82.0
2025-03-04,6,1,127.0
2025-03-05,6,1,23.25637615638393
2025-03-06,6,1,24.709899666157924
2025-03-07,6,1,19.72639048978994
2025-03-08,6,1,15.158173744785953
2025-03-09,6,1,16.61169725455995
2025-03-10,6,1,19.72639048978994
2025-03-11,6,1,22.84108372501993
2025-03-12,6,1,21.595206430927934
2025-03-13,6,1,21.179913999563936
2025-03-14,6,1,101.0
2025-03-15,6,1,93.0
2025-03-16,6,1,82.0
2025-03-17,6,1,86.0
2025-03-18,6,1,121.0
2025-03-19,6,1,111.0
2025-03-20,6,1,102.0
2025-03-21,6,1,92.0
2025-03-22,6,1,82.0
2025-03-23,6,1,82.0
2025-03-24,6,1,97.0
2025-03-25,6,1,113.0
2025-03-26,6,1,114.0
2025-03-27,6,1,105.0
2025-03-28,6,1,92.0
2025-03-29,6,1,88.0
2025-03-30,6,1,91.0
2025-03-31,6,1,98.0
2025-04-01,6,1,114.0
2025-04-02,6,1,132.0
2025-04-03,6,1,119.0
2025-04-04,6,1,100.0
2025-04-05,6,1,71.0
2025-04-06,6,1,90.0
2025-04-07,6,1,97.0
2025-04-08,6,1,109.0
2025-04-09,6,1,117.0
2025-04-10,6,1,119.0
2025-04-11,6,1,102.0
2025-04-12,6,1,80.0
2025-04-13,6,1,89.0
2025-04-14,6,1,99.0
2025-04-15,6,1,114.0
2025-04-16,6,1,128.0
2025-04-17,6,1,109.0
2025-04-18,6,1,80.0
2025-04-19,6,1,85.0
2025-04-20,6,1,103.0
2025-04-21,6,1,96.0
2025-04-22,6,1,128.0
2025-04-23,6,1,124.0
2025-04-24,6,1,118.0
2025-04-25,6,1,100.0
2025-04-26,6,1,84.0
2025-04-27,6,1,81.0
2025-04-28,6,1,102.0
2025-04-29,6,1,116.0
2025-04-30,6,1,125.0
2025-05-01,6,1,89.0
2025-05-02,6,1,80.0
2025-05-03,6,1,83.0
2025-05-04,6,1,87.0
2025-05-05,6,1,91.0
2025-05-06,6,1,115.0
2025-05-07,6,1,121.0
2025-05-08,6,1,104.0
2025-05-09,6,1,101.0
2025-05-10,6,1,93.0
2025-05-11,6,1,83.0
2025-05-12,6,1,103.0
2025-05-13,6,1,96.0
2025-05-14,6,1,122.0
2025-05-15,6,1,115.0
2025-05-16,6,1,79.0
2025-05-17,6,1,82.0
2025-05-18,6,1,65.0
2025-05-19,6,1,87.0
2025-05-20,6,1,103.0
2025-05-21,6,1,98.0
2025-05-22,6,1,99.0
2025-05-23,6,1,82.0
2025-05-24,6,1,79.0
2025-05-25,6,1,65.0
2025-05-26,6,1,96.0
2025-05-27,6,1,98.0
2025-05-28,6,1,97.0
2025-05-29,6,1,96.0
2025-05-30,6,1,88.0
2025-05-31,6,1,67.0
2025-06-01,6,1,79.0
2025-06-02,6,1,90.0
2025-06-03,6,1,127.0
2025-06-04,6,1,102.0
2025-06-05,6,1,93.0
2025-06-06,6,1,87.0
2025-06-07,6,1,68.0
2025-06-08,6,1,73.0
2025-06-09,6,1,70.0
2025-06-10,6,1,97.0
2025-06-11,6,1,96.0
2025-06-12,6,1,87.0
2025-06-13,6,1,77.0
2025-06-14,6,1,64.0
2025-06-15,6,1,74.0
2025-06-16,6,1,89.0
2025-06-17,6,1,93.0
2025-06-18,6,1,100.0
2025-06-19,6,1,71.0
2025-06-20,6,1,74.0
2025-06-21,6,1,70.0
2025-06-22,6,1,57.0
2025-06-23,6,1,84.0
2025-06-24,6,1,88.0
2025-06-25,6,1,90.0
2025-06-26,6,1,96.0
2025-06-27,6,1,68.0
2025-06-28,6,1,65.0
2025-06-29,6,1,44.0
2025-06-30,6,1,69.0
2025-07-01,6,1,94.0
2025-07-02,6,1,92.0
2025-07-03,6,1,79.0
2025-07-04,6,1,69.0
2025-07-05,6,1,47.0
2025-07-06,6,1,67.0
2025-07-07,6,1,69.0
2025-07-08,6,1,77.0
2025-07-09,6,1,81.0
2025-07-10,6,1,76.0
2025-07-11,6,1,57.0
2025-07-12,6,1,55.0
2025-07-13,6,1,53.0
2025-07-14,6,1,64.0
2025-07-15,6,1,83.0
2025-07-16,6,1,79.0
2025-07-17,6,1,77.0
2025-07-18,6,1,60.0
2025-07-19,6,1,49.0
2025-07-20,6,1,47.0
2025-07-21,6,1,58.0
2025-07-22,6,1,84.0
2025-07-23,6,1,85.0
2025-07-24,6,1,62.0
2025-07-25,6,1,50.0
2025-07-26,6,1,55.0
2025-07-27,6,1,55.0
2025-07-28,6,1,50.0
2025-07-29,6,1,74.0
2025-07-30,6,1,80.0
2025-07-31,6,1,75.0
2025-08-01,6,1,52.0
2025-08-02,6,1,44.0
2025-08-03,6,1,51.0
2025-08-04,6,1,66.0
2025-08-05,6,1,69.0
2025-08-06,6,1,74.0
2025-08-07,6,1,57.0
2025-08-08,6,1,45.0
2025-08-09,6,1,34.0
2025-08-10,6,1,39.0
2025-08-11,6,1,53.0
2025-08-12,6,1,75.0
2025-08-13,6,1,74.0
2025-08-14,6,1,50.0
2025-08-15,6,1,49.0
2025-08-16,6,1,30.0
2025-08-17,6,1,29.0
2025-08-18,6,1,42.0
2025-08-19,6,1,67.0
2025-08-20,6,1,77.0
2025-08-21,6,1,57.0
2025-08-22,6,1,50.0
2025-08-23,6,1,33.0
2025-08-24,6,1,18.0
2025-08-25,6,1,54.0
2025-08-26,6,1,59.0
2025-08-27,6,1,60.0
2025-08-28,6,1,61.0
2025-08-29,6,1,41.0
2025-08-30,6,1,30.0
2025-08-31,6,1,34.0
2025-09-01,6,1,40.0
2025-09-02,6,1,76.0
2025-09-03,6,1,66.0
2025-09-04,6,1,56.0
2025-09-05,6,1,38.0
2025-09-06,6,1,15.0
2025-09-07,6,1,26.0
2025-09-08,6,1,36.0
2025-09-09,6,1,49.0
2025-09-10,6,1,50.0
2025-09-11,6,1,48.0
2025-09-12,6,1,37.0
2025-09-13,6,1,16.0
2025-09-14,6,1,36.0
2025-09-15,6,1,47.0
2025-09-16,6,1,57.0
2025-09-17,6,1,80.0
2025-09-18,6,1,50.0
2025-09-19,6,1,43.0
2025-09-20,6,1,28.0
2025-09-21,6,1,42.0
2025-09-22,6,1,53.0
2025-09-23,6,1,56.0
2025-09-24,6,1,59.0
2025-09-25,6,1,41.0
2025-09-26,6,1,37.0
2025-09-27,6,1,32.0
2025-09-28,6,1,29.0
2025-09-29,6,1,55.0
2025-09-30,6,1,59.0
2025-10-01,6,1,72.0
2025-10-02,6,1,50.0
2025-10-03,6,1,26.0
2025-10-04,6,1,21.0
2025-10-05,6,1,30.0
2025-10-06,6,1,38.0
2025-10-07,6,1,45.0
2025-10-08,6,1,45.0
2025-10-09,6,1,60.0
2025-10-10,6,1,40.0
2025-10-11,6,1,29.0
2025-10-12,6,1,32.0
2025-10-13,6,1,40.0
2025-10-14,6,1,65.0
2025-10-15,6,1,48.0
2025-10-16,6,1,36.0
2025-10-17,6,1,36.0
2025-10-18,6,1,29.0
2025-10-19,6,1,24.0
2025-10-20,6,1,33.0
2025-10-21,6,1,65.0
2025-10-22,6,1,60.0
2025-10-23,6,1,60.0
2025-10-24,6,1,49.0
2025-10-25,6,1,16.0
2025-10-26,6,1,35.0
2025-10-27,6,1,49.0
2025-10-28,6,1,68.0
2025-10-29,6,1,61.0
2025-10-30,6,1,56.0
2025-10-31,6,1,47.0
2025-11-01,6,1,35.0
2025-11-02,6,1,48.0
2025-11-03,6,1,42.0
2025-11-04,6,1,65.0
2025-11-05,6,1,67.0
2025-11-06,6,1,56.0
2025-11-07,6,1,47.0
2025-11-08,6,1,34.0
2025-11-09,6,1,28.0
2025-11-10,6,1,59.0
2025-11-11,6,1,71.0
2025-11-12,6,1,82.0
2025-11-13,6,1,66.0
2025-11-14,6,1,43.0
2025-11-15,6,1,34.0
2025-11-16,6,1,48.0
2025-11-17,6,1,48.0
2025-11-18,6,1,61.0
2025-11-19,6,1,74.0
2025-11-20,6,1,51.0
2025-11-21,6,1,51.0
2025-11-22,6,1,43.0
2025-11-23,6,1,41.0
2025-11-24,6,1,69.0
2025-11-25,6,1,81.0
2025-11-26,6,1,69.0
2025-11-27,6,1,72.0
2025-11-28,6,1,59.0
2025-11-29,6,1,42.0
2025-11-30,6,1,42.0
2025-12-01,6,1,51.0
2025-12-02,6,1,70.0
2025-12-03,6,1,70.0
2025-12-04,6,1,77.0
2025-12-05,6,1,52.0
2025-12-06,6,1,50.0
2025-12-07,6,1,60.0
2025-12-08,6,1,66.0
2025-12-09,6,1,88.0
2025-12-10,6,1,80.0
2025-12-11,6,1,76.0
2025-12-12,6,1,60.0
2025-12-13,6,1,43.0
2025-12-14,6,1,50.0
2025-12-15,6,1,79.0
2025-12-16,6,1,79.0
2025-12-17,6,1,72.0
2025-12-18,6,1,74.0
2025-12-19,6,1,56.0
2025-12-20,6,1,56.0
2025-12-21,6,1,62.0
2025-12-22,6,1,74.0
2025-12-23,6,1,82.0
2025-12-24,6,1,90.0
2025-12-25,6,1,78.0
2025-12-26,6,1,54.0
2025-12-27,6,1,55.0
2025-12-28,6,1,82.0
2025-12-29,6,1,67.0
2025-12-30,6,1,74.0
2024-01-01,6,2,116.0
2024-01-02,6,2,126.0
2024-01-03,6,2,127.0
2024-01-04,6,2,122.0
2024-01-05,6,2,115.0
2024-01-06,6,2,117.0
2024-01-07,6,2,110.0
2024-01-08,6,2,123.0
2024-01-09,6,2,127.0
2024-01-10,6,2,133.0
2024-01-11,6,2,129.0
2024-01-12,6,2,129.0
2024-01-13,6,2,124.0
2024-01-14,6,2,124.0
2024-01-15,6,2,130.0
2024-01-16,6,2,135.0
2024-01-17,6,2,138.0
2024-01-18,6,2,125.0
2024-01-19,6,2,133.0
2024-01-20,6,2,127.0
2024-01-21,6,2,134.0
2024-01-22,6,2,132.0
2024-01-23,6,2,149.0
2024-01-24,6,2,143.0
2024-01-25,6,2,137.0
2024-01-26,6,2,143.0
2024-01-27,6,2,133.0
2024-01-28,6,2,142.0
2024-01-29,6,2,141.0
2024-01-30,6,2,151.0
2024-01-31,6,2,155.0
2024-02-01,6,2,144.0
2024-02-02,6,2,141.0
2024-02-03,6,2,136.0
2024-02-04,6,2,142.0
2024-02-05,6,2,139.0
2024-02-06,6,2,155.0
2024-02-07,6,2,159.0
2024-02-08,6,2,146.0
2024-02-09,6,2,139.0
2024-02-10,6,2,131.0
2024-02-11,6,2,154.0
2024-02-12,6,2,145.0
2024-02-13,6,2,164.0
2024-02-14,6,2,157.0
2024-02-15,6,2,160.0
2024-02-16,6,2,151.0
2024-02-17,6,2,156.0
2024-02-18,6,2,154.0
2024-02-19,6,2,154.0
2024-02-20,6,2,161.0
2024-02-21,6,2,165.0
2024-02-22,6,2,173.0
2024-02-23,6,2,152.0
2024-02-24,6,2,141.0
2024-02-25,6,2,151.0
2024-02-26,6,2,153.0
2024-02-27,6,2,164.0
2024-02-28,6,2,171.0
2024-02-29,6,2,164.0
2024-03-01,6,2,151.0
2024-03-02,6,2,150.0
2024-03-03,6,2,147.0
2024-03-04,6,2,167.0
2024-03-05,6,2,171.0
2024-03-06,6,2,162.0
2024-03-07,6,2,178.0
2024-03-08,6,2,156.0
2024-03-09,6,2,155.0
2024-03-10,6,2,154.0
2024-03-11,6,2,164.0
2024-03-12,6,2,169.0
2024-03-13,6,2,163.0
2024-03-14,6,2,173.0
2024-03-15,6,2,155.0
2024-03-16,6,2,161.0
2024-03-17,6,2,156.0
2024-03-18,6,2,164.0
2024-03-19,6,2,173.0
2024-03-20,6,2,173.0
2024-03-21,6,2,172.0
2024-03-22,6,2,157.0
2024-03-23,6,2,163.0
2024-03-24,6,2,153.0
2024-03-25,6,2,160.0
2024-03-26,6,2,175.0
2024-03-27,6,2,179.0
2024-03-28,6,2,171.0
2024-03-29,6,2,171.0
2024-03-30,6,2,153.0
2024-03-31,6,2,153.0
2024-04-01,6,2,171.0
2024-04-02,6,2,173.0
2024-04-03,6,2,178.0
2024-04-04,6,2,164.0
2024-04-05,6,2,160.0
2024-04-06,6,2,168.0
2024-04-07,6,2,159.0
2024-04-08,6,2,174.0
2024-04-09,6,2,177.0
2024-04-10,6,2,172.0
2024-04-11,6,2,177.0
2024-04-12,6,2,164.0
2024-04-13,6,2,158.0
2024-04-14,6,2,159.0
2024-04-15,6,2,168.0
2024-04-16,6,2,165.0
2024-04-17,6,2,178.0
2024-04-18,6,2,171.0
2024-04-19,6,2,159.0
2024-04-20,6,2,150.0
2024-04-21,6,2,157.0
2024-04-22,6,2,166.0
2024-04-23,6,2,171.0
2024-04-24,6,2,173.0
2024-04-25,6,2,171.0
2024-04-26,6,2,154.0
2024-04-27,6,2,155.0
2024-04-28,6,2,159.0
2024-04-29,6,2,166.0
2024-04-30,6,2,174.0
2024-05-01,6,2,169.0
2024-05-02,6,2,166.0
2024-05-03,6,2,154.0
2024-05-04,6,2,156.0
2024-05-05,6,2,150.0
2024-05-06,6,2,164.0
2024-05-07,6,2,173.0
2024-05-08,6,2,170.0
2024-05-09,6,2,170.0
2024-05-10,6,2,153.0
2024-05-11,6,2,145.0
2024-05-12,6,2,151.0
2024-05-13,6,2,155.0
2024-05-14,6,2,161.0
2024-05-15,6,2,153.0
2024-05-16,6,2,161.0
2024-05-17,6,2,153.0
2024-05-18,6,2,153.0
2024-05-19,6,2,152.0
2024-05-20,6,2,154.0
2024-05-21,6,2,166.0
2024-05-22,6,2,167.0
2024-05-23,6,2,154.0
2024-05-24,6,2,151.0
2024-05-25,6,2,153.0
2024-05-26,6,2,148.0
2024-05-27,6,2,147.0
2024-05-28,6,2,151.0
2024-05-29,6,2,150.0
2024-05-30,6,2,142.0
2024-05-31,6,2,143.0
2024-06-01,6,2,140.0
2024-06-02,6,2,137.0
2024-06-03,6,2,144.0
2024-06-04,6,2,148.0
2024-06-05,6,2,145.0
2024-06-06,6,2,148.0
2024-06-07,6,2,146.0
2024-06-08,6,2,134.0
2024-06-09,6,2,144.0
2024-06-10,6,2,144.0
2024-06-11,6,2,154.0
2024-06-12,6,2,150.0
2024-06-13,6,2,149.0
2024-06-14,6,2,130.0
2024-06-15,6,2,137.0
2024-06-16,6,2,134.0
2024-06-17,6,2,145.0
2024-06-18,6,2,143.0
2024-06-19,6,2,155.0
2024-06-20,6,2,144.0
2024-06-21,6,2,128.0
2024-06-22,6,2,134.0
2024-06-23,6,2,123.0
2024-06-24,6,2,128.0
2024-06-25,6,2,147.0
2024-06-26,6,2,143.0
2024-06-27,6,2,136.0
2024-06-28,6,2,126.0
2024-06-29,6,2,128.0
2024-06-30,6,2,123.0
2024-07-01,6,2,131.0
2024-07-02,6,2,129.0
2024-07-03,6,2,136.0
2024-07-04,6,2,132.0
2024-07-05,6,2,127.0
2024-07-06,6,2,121.0
2024-07-07,6,2,118.0
2024-07-08,6,2,127.0
2024-07-09,6,2,136.0
2024-07-10,6,2,123.0
2024-07-11,6,2,126.0
2024-07-12,6,2,120.0
2024-07-13,6,2,109.0
2024-07-14,6,2,120.0
2024-07-15,6,2,124.0
2024-07-16,6,2,132.0
2024-07-17,6,2,139.0
2024-07-18,6,2,124.0
2024-07-19,6,2,113.0
2024-07-20,6,2,115.0
2024-07-21,6,2,107.0
2024-07-22,6,2,119.0
2024-07-23,6,2,128.0
2024-07-24,6,2,127.0
2024-07-25,6,2,126.0
2024-07-26,6,2,109.0
2024-07-27,6,2,110.0
2024-07-28,6,2,107.0
2024-07-29,6,2,114.0
2024-07-30,6,2,119.0
2024-07-31,6,2,122.0
2024-08-01,6,2,114.0
2024-08-02,6,2,99.0
2024-08-03,6,2,102.0
2024-08-04,6,2,105.0
2024-08-05,6,2,108.0
2024-08-06,6,2,116.0
2024-08-07,6,2,114.0
2024-08-08,6,2,109.0
2024-08-09,6,2,110.0
2024-08-10,6,2,110.0
2024-08-11,6,2,104.0
2024-08-12,6,2,101.0
2024-08-13,6,2,112.0
2024-08-14,6,2,112.0
2024-08-15,6,2,110.0
2024-08-16,6,2,100.0
2024-08-17,6,2,98.0
2024-08-18,6,2,106.0
2024-08-19,6,2,91.0
2024-08-20,6,2,104.0
2024-08-21,6,2,114.0
2024-08-22,6,2,103.0
2024-08-23,6,2,100.0
2024-08-24,6,2,91.0
2024-08-25,6,2,102.0
2024-08-26,6,2,105.0
2024-08-27,6,2,106.0
2024-08-28,6,2,115.0
2024-08-29,6,2,103.0
2024-08-30,6,2,94.0
2024-08-31,6,2,97.0
2024-09-01,6,2,83.0
2024-09-02,6,2,49.30881754341336
2024-09-03,6,2,52.86718581974216
2024-09-04,6,2,51.8505091693625
2024-09-05,6,2,48.292140893033704
2024-09-06,6,2,46.76712591746422
2024-09-07,6,2,40.15872768999645
2024-09-08,6,2,49.30881754341336
2024-09-09,6,2,52.86718581974216
2024-09-10,6,2,101.0
2024-09-11,6,2,100.0
2024-09-12,6,2,89.0
2024-09-13,6,2,87.0
2024-09-14,6,2,94.0
2024-09-15,6,2,88.0
2024-09-16,6,2,91.0
2024-09-17,6,2,100.0
2024-09-18,6,2,98.0
2024-09-19,6,2,88.0
2024-09-20,6,2,88.0
2024-09-21,6,2,80.0
2024-09-22,6,2,89.0
2024-09-23,6,2,98.0
2024-09-24,6,2,95.0
2024-09-25,6,2,102.0
2024-09-26,6,2,96.0
2024-09-27,6,2,85.0
2024-09-28,6,2,73.0
2024-09-29,6,2,81.0
2024-09-30,6,2,89.0
2024-10-01,6,2,100.0
2024-10-02,6,2,102.0
2024-10-03,6,2,104.0
2024-10-04,6,2,84.0
2024-10-05,6,2,81.0
2024-10-06,6,2,84.0
2024-10-07,6,2,93.0
2024-10-08,6,2,101.0
2024-10-09,6,2,104.0
2024-10-10,6,2,87.0
2024-10-11,6,2,98.0
2024-10-12,6,2,89.0
2024-10-13,6,2,94.0
2024-10-14,6,2,82.0
2024-10-15,6,2,106.0
2024-10-16,6,2,98.0
2024-10-17,6,2,97.0
2024-10-18,6,2,101.0
2024-10-19,6,2,92.0
2024-10-20,6,2,87.0
2024-10-21,6,2,101.0
2024-10-22,6,2,105.0
2024-10-23,6,2,103.0
2024-10-24,6,2,104.0
2024-10-25,6,2,93.0
2024-10-26,6,2,93.0
2024-10-27,6,2,95.0
2024-10-28,6,2,102.0
2024-10-29,6,2,117.0
2024-10-30,6,2,113.0
2024-10-31,6,2,110.0
2024-11-01,6,2,95.0
2024-11-02,6,2,85.0
2024-11-03,6,2,95.0
2024-11-04,6,2,100.0
2024-11-05,6,2,112.0
2024-11-06,6,2,110.0
2024-11-07,6,2,115.0
2024-11-08,6,2,91.0
2024-11-09,6,2,95.0
2024-11-10,6,2,101.0
2024-11-11,6,2,100.0
2024-11-12,6,2,118.0
2024-11-13,6,2,119.0
2024-11-14,6,2,108.0
2024-11-15,6,2,119.0
2024-11-16,6,2,95.0
2024-11-17,6,2,95.0
2024-11-18,6,2,107.0
2024-11-19,6,2,118.0
2024-11-20,6,2,110.0
2024-11-21,6,2,118.0
2024-11-22,6,2,122.0
2024-11-23,6,2,97.0
2024-11-24,6,2,108.0
2024-11-25,6,2,119.0
2024-11-26,6,2,125.0
2024-11-27,6,2,135.0
2024-11-28,6,2,117.0
2024-11-29,6,2,124.0
2024-11-30,6,2,109.0
2024-12-01,6,2,109.0
2024-12-02,6,2,129.0
2024-12-03,6,2,124.0
2024-12-04,6,2,134.0
2024-12-05,6,2,122.0
2024-12-06,6,2,111.0
2024-12-07,6,2,107.0
2024-12-08,6,2,121.0
2024-12-09,6,2,118.0
2024-12-10,6,2,129.0
2024-12-11,6,2,129.0
2024-12-12,6,2,125.0
2024-12-13,6,2,119.0
2024-12-14,6,2,121.0
2024-12-15,6,2,105.0
2024-12-16,6,2,134.0
2024-12-17,6,2,129.0
2024-12-18,6,2,132.0
2024-12-19,6,2,127.0
2024-12-20,6,2,130.0
2024-12-21,6,2,133.0
2024-12-22,6,2,127.0
2024-12-23,6,2,137.0
2024-12-24,6,2,144.0
2024-12-25,6,2,148.0
2024-12-26,6,2,135.0
2024-12-27,6,2,143.0
2024-12-28,6,2,129.0
2024-12-29,6,2,134.0
2024-12-30,6,2,139.0
2024-12-31,6,2,144.0
2025-01-01,6,2,154.0
2025-01-02,6,2,149.0
2025-01-03,6,2,127.0
2025-01-04,6,2,138.0
2025-01-05,6,2,150.0
2025-01-06,6,2,146.0
2025-01-07,6,2,149.0
2025-01-08,6,2,152.0
2025-01-09,6,2,148.0
2025-01-10,6,2,139.0
2025-01-11,6,2,140.0
2025-01-12,6,2,143.0
2025-01-13,6,2,154.0
2025-01-14,6,2,155.0
2025-01-15,6,2,171.0
2025-01-16,6,2,151.0
2025-01-17,6,2,151.0
2025-01-18,6,2,143.0
2025-01-19,6,2,146.0
2025-01-20,6,2,154.0
2025-01-21,6,2,164.0
2025-01-22,6,2,170.0
2025-01-23,6,2,159.0
2025-01-24,6,2,147.0
2025-01-25,6,2,159.0
2025-01-26,6,2,149.0
2025-01-27,6,2,160.0
2025-01-28,6,2,168.0
2025-01-29,6,2,170.0
2025-01-30,6,2,159.0
2025-01-31,6,2,165.0
2025-02-01,6,2,141.0
2025-02-02,6,2,164.0
2025-02-03,6,2,172.0
2025-02-04,6,2,178.0
2025-02-05,6,2,173.0
2025-02-06,6,2,172.0
2025-02-07,6,2,161.0
2025-02-08,6,2,162.0
2025-02-09,6,2,167.0
2025-02-10,6,2,164.0
2025-02-11,6,2,176.0
2025-02-12,6,2,176.0
2025-02-13,6,2,182.0
2025-02-14,6,2,164.0
2025-02-15,6,2,169.0
2025-02-16,6,2,167.0
2025-02-17,6,2,174.0
2025-02-18,6,2,185.0
2025-02-19,6,2,181.0
2025-02-20,6,2,180.0
2025-02-21,6,2,179.0
2025-02-22,6,2,165.0
2025-02-23,6,2,173.0
2025-02-24,6,2,183.0
2025-02-25,6,2,187.0
2025-02-26,6,2,194.0
2025-02-27,6,2,182.0
2025-02-28,6,2,180.0
2025-03-01,6,2,179.0
2025-03-02,6,2,165.0
2025-03-03,6,2,179.0
2025-03-04,6,2,190.0
2025-03-05,6,2,195.0
2025-03-06,6,2,187.0
2025-03-07,6,2,187.0
2025-03-08,6,2,172.0
2025-03-09,6,2,170.0
2025-03-10,6,2,188.0
2025-03-11,6,2,189.0
2025-03-12,6,2,187.0
2025-03-13,6,2,197.0
2025-03-14,6,2,186.0
2025-03-15,6,2,181.0
2025-03-16,6,2,188.0
2025-03-17,6,2,183.0
2025-03-18,6,2,200.0
2025-03-19,6,2,196.0
2025-03-20,6,2,186.0
2025-03-21,6,2,183.0
2025-03-22,6,2,180.0
2025-03-23,6,2,187.0
2025-03-24,6,2,180.0
2025-03-25,6,2,184.0
2025-03-26,6,2,191.0
2025-03-27,6,2,191.0
2025-03-28,6,2,188.0
2025-03-29,6,2,177.0
2025-03-30,6,2,184.0
2025-03-31,6,2,197.0
2025-04-01,6,2,185.0
2025-04-02,6,2,195.0
2025-04-03,6,2,205.0
2025-04-04,6,2,181.0
2025-04-05,6,2,176.0
2025-04-06,6,2,185.0
2025-04-07,6,2,185.0
2025-04-08,6,2,200.0
2025-04-09,6,2,210.0
2025-04-10,6,2,192.0
2025-04-11,6,2,200.0
2025-04-12,6,2,178.0
2025-04-13,6,2,181.0
2025-04-14,6,2,182.0
2025-04-15,6,2,191.0
2025-04-16,6,2,194.0
2025-04-17,6,2,193.0
2025-04-18,6,2,177.0
2025-04-19,6,2,176.0
2025-04-20,6,2,178.0
2025-04-21,6,2,192.0
2025-04-22,6,2,193.0
2025-04-23,6,2,195.0
2025-04-24,6,2,190.0
2025-04-25,6,2,173.0
2025-04-26,6,2,187.0
2025-04-27,6,2,174.0
2025-04-28,6,2,190.0
2025-04-29,6,2,190.0
2025-04-30,6,2,189.0
2025-05-01,6,2,194.0
2025-05-02,6,2,174.0
2025-05-03,6,2,170.0
2025-05-04,6,2,178.0
2025-05-05,6,2,184.0
2025-05-06,6,2,194.0
2025-05-07,6,2,194.0
2025-05-08,6,2,185.0
2025-05-09,6,2,179.0
2025-05-10,6,2,173.0
2025-05-11,6,2,183.0
2025-05-12,6,2,175.0
2025-05-13,6,2,186.0
2025-05-14,6,2,192.0
2025-05-15,6,2,189.0
2025-05-16,6,2,172.0
2025-05-17,6,2,165.0
2025-05-18,6,2,165.0
2025-05-19,6,2,176.0
2025-05-20,6,2,185.0
2025-05-21,6,2,182.0
2025-05-22,6,2,183.0
2025-05-23,6,2,172.0
2025-05-24,6,2,171.0
2025-05-25,6,2,169.0
2025-05-26,6,2,165.0
2025-05-27,6,2,173.0
2025-05-28,6,2,187.0
2025-05-29,6,2,171.0
2025-05-30,6,2,173.0
2025-05-31,6,2,164.0
2025-06-01,6,2,159.0
2025-06-02,6,2,174.0
2025-06-03,6,2,173.0
2025-06-04,6,2,178.0
2025-06-05,6,2,171.0
2025-06-06,6,2,149.0
2025-06-07,6,2,163.0
2025-06-08,6,2,165.0
2025-06-09,6,2,78.15766537638683
2025-06-10,6,2,83.91160393170365
2025-06-11,6,2,80.5551397744355
2025-06-12,6,2,78.15766537638683
2025-06-13,6,2,77.19867561716735
2025-06-14,6,2,72.40372682107001
2025-06-15,6,2,74.32170633950895
2025-06-16,6,2,156.0
2025-06-17,6,2,160.0
2025-06-18,6,2,169.0
2025-06-19,6,2,164.0
2025-06-20,6,2,156.0
2025-06-21,6,2,149.0
2025-06-22,6,2,148.0
2025-06-23,6,2,151.0
2025-06-24,6,2,156.0
2025-06-25,6,2,160.0
2025-06-26,6,2,164.0
2025-06-27,6,2,152.0
2025-06-28,6,2,148.0
2025-06-29,6,2,140.0
2025-06-30,6,2,154.0
2025-07-01,6,2,160.0
2025-07-02,6,2,168.0
2025-07-03,6,2,154.0
2025-07-04,6,2,144.0
2025-07-05,6,2,137.0
2025-07-06,6,2,143.0
2025-07-07,6,2,147.0
2025-07-08,6,2,160.0
2025-07-09,6,2,159.0
2025-07-10,6,2,144.0
2025-07-11,6,2,142.0
2025-07-12,6,2,150.0
2025-07-13,6,2,130.0
2025-07-14,6,2,142.0
2025-07-15,6,2,153.0
2025-07-16,6,2,148.0
2025-07-17,6,2,143.0
2025-07-18,6,2,135.0
2025-07-19,6,2,127.0
2025-07-20,6,2,132.0
2025-07-21,6,2,145.0
2025-07-22,6,2,137.0
2025-07-23,6,2,147.0
2025-07-24,6,2,146.0
2025-07-25,6,2,133.0
2025-07-26,6,2,126.0
2025-07-27,6,2,133.0
2025-07-28,6,2,130.0
2025-07-29,6,2,143.0
2025-07-30,6,2,140.0
2025-07-31,6,2,137.0
2025-08-01,6,2,138.0
2025-08-02,6,2,130.0
2025-08-03,6,2,133.0
2025-08-04,6,2,126.0
2025-08-05,6,2,131.0
2025-08-06,6,2,140.0
2025-08-07,6,2,134.0
2025-08-08,6,2,114.0
2025-08-09,6,2,122.0
2025-08-10,6,2,133.0
2025-08-11,6,2,138.0
2025-08-12,6,2,129.0
2025-08-13,6,2,138.0
2025-08-14,6,2,124.0
2025-08-15,6,2,121.0
2025-08-16,6,2,112.0
2025-08-17,6,2,112.0
2025-08-18,6,2,129.0
2025-08-19,6,2,131.0
2025-08-20,6,2,133.0
2025-08-21,6,2,130.0
2025-08-22,6,2,120.0
2025-08-23,6,2,108.0
2025-08-24,6,2,116.0
2025-08-25,6,2,120.0
2025-08-26,6,2,126.0
2025-08-27,6,2,123.0
2025-08-28,6,2,115.0
2025-08-29,6,2,113.0
2025-08-30,6,2,115.0
2025-08-31,6,2,112.0
2025-09-01,6,2,129.0
2025-09-02,6,2,124.0
2025-09-03,6,2,127.0
2025-09-04,6,2,121.0
2025-09-05,6,2,108.0
2025-09-06,6,2,110.0
2025-09-07,6,2,105.0
2025-09-08,6,2,117.0
2025-09-09,6,2,113.0
2025-09-10,6,2,124.0
2025-09-11,6,2,121.0
2025-09-12,6,2,114.0
2025-09-13,6,2,100.0
2025-09-14,6,2,112.0
2025-09-15,6,2,119.0
2025-09-16,6,2,116.0
2025-09-17,6,2,129.0
2025-09-18,6,2,120.0
2025-09-19,6,2,111.0
2025-09-20,6,2,111.0
2025-09-21,6,2,118.0
2025-09-22,6,2,114.0
2025-09-23,6,2,118.0
2025-09-24,6,2,134.0
2025-09-25,6,2,117.0
2025-09-26,6,2,114.0
2025-09-27,6,2,106.0
2025-09-28,6,2,100.0
2025-09-29,6,2,113.0
2025-09-30,6,2,127.0
2025-10-01,6,2,118.0
2025-10-02,6,2,126.0
2025-10-03,6,2,116.0
2025-10-04,6,2,102.0
2025-10-05,6,2,103.0
2025-10-06,6,2,109.0
2025-10-07,6,2,120.0
2025-10-08,6,2,118.0
2025-10-09,6,2,126.0
2025-10-10,6,2,106.0
2025-10-11,6,2,104.0
2025-10-12,6,2,119.0
2025-10-13,6,2,115.0
2025-10-14,6,2,126.0
2025-10-15,6,2,128.0
2025-10-16,6,2,113.0
2025-10-17,6,2,119.0
2025-10-18,6,2,114.0
2025-10-19,6,2,116.0
2025-10-20,6,2,115.0
2025-10-21,6,2,127.0
2025-10-22,6,2,126.0
2025-10-23,6,2,123.0
2025-10-24,6,2,112.0
2025-10-25,6,2,111.0
2025-10-26,6,2,120.0
2025-10-27,6,2,110.0
2025-10-28,6,2,125.0
2025-10-29,6,2,133.0
2025-10-30,6,2,119.0
2025-10-31,6,2,121.0
2025-11-01,6,2,118.0
2025-11-02,6,2,116.0
2025-11-03,6,2,125.0
2025-11-04,6,2,139.0
2025-11-05,6,2,129.0
2025-11-06,6,2,121.0
2025-11-07,6,2,120.0
2025-11-08,6,2,113.0
2025-11-09,6,2,123.0
2025-11-10,6,2,125.0
2025-11-11,6,2,137.0
2025-11-12,6,2,138.0
2025-11-13,6,2,128.0
2025-11-14,6,2,121.0
2025-11-15,6,2,114.0
2025-11-16,6,2,130.0
2025-11-17,6,2,134.0
2025-11-18,6,2,136.0
2025-11-19,6,2,143.0
2025-11-20,6,2,130.0
2025-11-21,6,2,125.0
2025-11-22,6,2,121.0
2025-11-23,6,2,130.0
2025-11-24,6,2,132.0
2025-11-25,6,2,134.0
2025-11-26,6,2,145.0
2025-11-27,6,2,144.0
2025-11-28,6,2,134.0
2025-11-29,6,2,137.0
2025-11-30,6,2,138.0
2025-12-01,6,2,146.0
2025-12-02,6,2,151.0
2025-12-03,6,2,150.0
2025-12-04,6,2,139.0
2025-12-05,6,2,137.0
2025-12-06,6,2,133.0
2025-12-07,6,2,133.0
2025-12-08,6,2,142.0
2025-12-09,6,2,144.0
2025-12-10,6,2,159.0
2025-12-11,6,2,145.0
2025-12-12,6,2,149.0
2025-12-13,6,2,148.0
2025-12-14,6,2,139.0
2025-12-15,6,2,147.0
2025-12-16,6,2,160.0
2025-12-17,6,2,157.0
2025-12-18,6,2,151.0
2025-12-19,6,2,152.0
2025-12-20,6,2,142.0
2025-12-21,6,2,160.0
2025-12-22,6,2,159.0
2025-12-23,6,2,166.0
2025-12-24,6,2,164.0
2025-12-25,6,2,172.0
2025-12-26,6,2,151.0
2025-12-27,6,2,156.0
2025-12-28,6,2,147.0
2025-12-29,6,2,174.0
2025-12-30,6,2,172.0
2024-01-01,6,3,79.0
2024-01-02,6,3,103.0
2024-01-03,6,3,108.0
2024-01-04,6,3,88.0
2024-01-05,6,3,70.0
2024-01-06,6,3,66.0
2024-01-07,6,3,99.0
2024-01-08,6,3,88.0
2024-01-09,6,3,121.0
2024-01-10,6,3,107.0
2024-01-11,6,3,112.0
2024-01-12,6,3,97.0
2024-01-13,6,3,88.0
2024-01-14,6,3,87.0
2024-01-15,6,3,112.0
2024-01-16,6,3,117.0
2024-01-17,6,3,135.0
2024-01-18,6,3,90.0
2024-01-19,6,3,96.0
2024-01-20,6,3,86.0
2024-01-21,6,3,77.0
2024-01-22,6,3,109.0
2024-01-23,6,3,101.0
2024-01-24,6,3,115.0
2024-01-25,6,3,91.0
2024-01-26,6,3,114.0
2024-01-27,6,3,85.0
2024-01-28,6,3,115.0
2024-01-29,6,3,116.0
2024-01-30,6,3,127.0
2024-01-31,6,3,120.0
2024-02-01,6,3,106.0
2024-02-02,6,3,107.0
2024-02-03,6,3,91.0
2024-02-04,6,3,82.0
2024-02-05,6,3,95.0
2024-02-06,6,3,116.0
2024-02-07,6,3,150.0
2024-02-08,6,3,145.0
2024-02-09,6,3,108.0
2024-02-10,6,3,98.0
2024-02-11,6,3,97.0
2024-02-12,6,3,105.0
2024-02-13,6,3,145.0
2024-02-14,6,3,155.0
2024-02-15,6,3,115.0
2024-02-16,6,3,109.0
2024-02-17,6,3,95.0
2024-02-18,6,3,100.0
2024-02-19,6,3,132.0
2024-02-20,6,3,120.0
2024-02-21,6,3,143.0
2024-02-22,6,3,136.0
2024-02-23,6,3,112.0
2024-02-24,6,3,113.0
2024-02-25,6,3,109.0
2024-02-26,6,3,136.0
2024-02-27,6,3,121.0
2024-02-28,6,3,137.0
2024-02-29,6,3,131.0
2024-03-01,6,3,87.0
2024-03-02,6,3,95.0
2024-03-03,6,3,102.0
2024-03-04,6,3,135.0
2024-03-05,6,3,132.0
2024-03-06,6,3,135.0
2024-03-07,6,3,143.0
2024-03-08,6,3,101.0
2024-03-09,6,3,87.0
2024-03-10,6,3,109.0
2024-03-11,6,3,112.0
2024-03-12,6,3,127.0
2024-03-13,6,3,152.0
2024-03-14,6,3,146.0
2024-03-15,6,3,129.0
2024-03-16,6,3,123.0
2024-03-17,6,3,128.0
2024-03-18,6,3,106.0
2024-03-19,6,3,149.0
2024-03-20,6,3,142.0
2024-03-21,6,3,130.0
2024-03-22,6,3,128.0
2024-03-23,6,3,94.0
2024-03-24,6,3,97.0
2024-03-25,6,3,137.0
2024-03-26,6,3,150.0
2024-03-27,6,3,150.0
2024-03-28,6,3,129.0
2024-03-29,6,3,131.0
2024-03-30,6,3,121.0
2024-03-31,6,3,118.0
2024-04-01,6,3,119.0
2024-04-02,6,3,141.0
2024-04-03,6,3,158.0
2024-04-04,6,3,154.0
2024-04-05,6,3,120.0
2024-04-06,6,3,111.0
2024-04-07,6,3,115.0
2024-04-08,6,3,134.0
2024-04-09,6,3,140.0
2024-04-10,6,3,118.0
2024-04-11,6,3,152.0
2024-04-12,6,3,143.0
2024-04-13,6,3,107.0
2024-04-14,6,3,105.0
2024-04-15,6,3,130.0
2024-04-16,6,3,143.0
2024-04-17,6,3,159.0
2024-04-18,6,3,139.0
2024-04-19,6,3,114.0
2024-04-20,6,3,98.0
2024-04-21,6,3,125.0
2024-04-22,6,3,137.0
2024-04-23,6,3,156.0
2024-04-24,6,3,137.0
2024-04-25,6,3,157.0
2024-04-26,6,3,103.0
2024-04-27,6,3,119.0
2024-04-28,6,3,94.0
2024-04-29,6,3,120.0
2024-04-30,6,3,160.0
2024-05-01,6,3,155.0
2024-05-02,6,3,130.0
2024-05-03,6,3,114.0
2024-05-04,6,3,110.0
2024-05-05,6,3,118.0
2024-05-06,6,3,140.0
2024-05-07,6,3,136.0
2024-05-08,6,3,126.0
2024-05-09,6,3,135.0
2024-05-10,6,3,112.0
2024-05-11,6,3,93.0
2024-05-12,6,3,113.0
2024-05-13,6,3,122.0
2024-05-14,6,3,141.0
2024-05-15,6,3,132.0
2024-05-16,6,3,136.0
2024-05-17,6,3,100.0
2024-05-18,6,3,95.0
2024-05-19,6,3,105.0
2024-05-20,6,3,140.0
2024-05-21,6,3,144.0
2024-05-22,6,3,150.0
2024-05-23,6,3,143.0
2024-05-24,6,3,150.0
2024-05-25,6,3,102.0
2024-05-26,6,3,120.0
2024-05-27,6,3,129.0
2024-05-28,6,3,143.0
2024-05-29,6,3,154.0
2024-05-30,6,3,120.0
2024-05-31,6,3,103.0
2024-06-01,6,3,101.0
2024-06-02,6,3,99.0
2024-06-03,6,3,118.0
2024-06-04,6,3,145.0
2024-06-05,6,3,126.0
2024-06-06,6,3,118.0
2024-06-07,6,3,106.0
2024-06-08,6,3,91.0
2024-06-09,6,3,76.0
2024-06-10,6,3,104.0
2024-06-11,6,3,132.0
2024-06-12,6,3,143.0
2024-06-13,6,3,104.0
2024-06-14,6,3,88.0
2024-06-15,6,3,90.0
2024-06-16,6,3,71.0
2024-06-17,6,3,102.0
2024-06-18,6,3,102.0
2024-06-19,6,3,138.0
2024-06-20,6,3,105.0
2024-06-21,6,3,114.0
2024-06-22,6,3,98.0
2024-06-23,6,3,82.0
2024-06-24,6,3,91.0
2024-06-25,6,3,114.0
2024-06-26,6,3,118.0
2024-06-27,6,3,112.0
2024-06-28,6,3,84.0
2024-06-29,6,3,90.0
2024-06-30,6,3,87.0
2024-07-01,6,3,95.0
2024-07-02,6,3,104.0
2024-07-03,6,3,33.7391519697915
2024-07-04,6,3,28.66335034601756
2024-07-05,6,3,26.573314383287112
2024-07-06,6,3,23.288972156139266
2024-07-07,6,3,24.781854986661013
2024-07-08,6,3,33.7391519697915
2024-07-09,6,3,106.0
2024-07-10,6,3,122.0
2024-07-11,6,3,103.0
2024-07-12,6,3,81.0
2024-07-13,6,3,72.0
2024-07-14,6,3,75.0
2024-07-15,6,3,93.0
2024-07-16,6,3,93.0
2024-07-17,6,3,91.0
2024-07-18,6,3,103.0
2024-07-19,6,3,89.0
2024-07-20,6,3,77.0
2024-07-21,6,3,74.0
2024-07-22,6,3,94.0
2024-07-23,6,3,107.0
2024-07-24,6,3,111.0
2024-07-25,6,3,83.0
2024-07-26,6,3,64.0
2024-07-27,6,3,61.0
2024-07-28,6,3,68.0
2024-07-29,6,3,79.0
2024-07-30,6,3,76.0
2024-07-31,6,3,117.0
2024-08-01,6,3,85.0
2024-08-02,6,3,74.0
2024-08-03,6,3,75.0
2024-08-04,6,3,39.0
2024-08-05,6,3,73.0
2024-08-06,6,3,88.0
2024-08-07,6,3,92.0
2024-08-08,6,3,83.0
2024-08-09,6,3,84.0
2024-08-10,6,3,65.0
2024-08-11,6,3,72.0
2024-08-12,6,3,76.0
2024-08-13,6,3,74.0
2024-08-14,6,3,70.0
2024-08-15,6,3,65.0
2024-08-16,6,3,69.0
2024-08-17,6,3,55.0
2024-08-18,6,3,56.0
2024-08-19,6,3,68.0
2024-08-20,6,3,108.0
2024-08-21,6,3,80.0
2024-08-22,6,3,89.0
2024-08-23,6,3,63.0
2024-08-24,6,3,52.0
2024-08-25,6,3,68.0
2024-08-26,6,3,85.0
2024-08-27,6,3,81.0
2024-08-28,6,3,96.0
2024-08-29,6,3,81.0
2024-08-30,6,3,61.0
2024-08-31,6,3,52.0
2024-09-01,6,3,46.0
2024-09-02,6,3,64.0
2024-09-03,6,3,75.0
2024-09-04,6,3,95.0
2024-09-05,6,3,74.0
2024-09-06,6,3,45.0
2024-09-07,6,3,41.0
2024-09-08,6,3,17.0
2024-09-09,6,3,61.0
2024-09-10,6,3,81.0
2024-09-11,6,3,82.0
2024-09-12,6,3,95.0
2024-09-13,6,3,64.0
2024-09-14,6,3,53.0
2024-09-15,6,3,33.0
2024-09-16,6,3,61.0
2024-09-17,6,3,74.0
2024-09-18,6,3,74.0
2024-09-19,6,3,64.0
2024-09-20,6,3,37.0
2024-09-21,6,3,33.0
2024-09-22,6,3,60.0
2024-09-23,6,3,63.0
2024-09-24,6,3,73.0
2024-09-25,6,3,82.0
2024-09-26,6,3,85.0
2024-09-27,6,3,57.0
2024-09-28,6,3,52.0
2024-09-29,6,3,41.0
2024-09-30,6,3,58.0
2024-10-01,6,3,83.0
2024-10-02,6,3,103.0
2024-10-03,6,3,88.0
2024-10-04,6,3,63.0
2024-10-05,6,3,49.0
2024-10-06,6,3,66.0
2024-10-07,6,3,74.0
2024-10-08,6,3,55.0
2024-10-09,6,3,72.0
2024-10-10,6,3,77.0
2024-10-11,6,3,39.0
2024-10-12,6,3,59.74620840221963
2024-10-13,6,3,69.17982025520168
2024-10-14,6,3,100.62519309847517
2024-10-15,6,3,122.6369540887666
2024-10-16,6,3,128.9260286574213
2024-10-17,6,3,132.07056594174867
2024-10-18,6,3,88.04704396116577
2024-10-19,6,3,72.32435753952902
2024-10-20,6,3,39.0
2024-10-21,6,3,79.0
2024-10-22,6,3,75.0
2024-10-23,6,3,75.0
2024-10-24,6,3,79.0
2024-10-25,6,3,53.0
2024-10-26,6,3,46.0
2024-10-27,6,3,58.0
2024-10-28,6,3,67.0
2024-10-29,6,3,110.0
2024-10-30,6,3,88.0
2024-10-31,6,3,86.0
2024-11-01,6,3,43.0
2024-11-02,6,3,45.0
2024-11-03,6,3,47.0
2024-11-04,6,3,63.0
2024-11-05,6,3,92.0
2024-11-06,6,3,103.0
2024-11-07,6,3,86.0
2024-11-08,6,3,64.0
2024-11-09,6,3,51.0
2024-11-10,6,3,74.0
2024-11-11,6,3,99.0
2024-11-12,6,3,93.0
2024-11-13,6,3,105.0
2024-11-14,6,3,89.0
2024-11-15,6,3,79.0
2024-11-16,6,3,48.0
2024-11-17,6,3,60.0
2024-11-18,6,3,84.0
2024-11-19,6,3,108.0
2024-11-20,6,3,90.0
2024-11-21,6,3,68.0
2024-11-22,6,3,69.0
2024-11-23,6,3,76.0
2024-11-24,6,3,52.0
2024-11-25,6,3,71.0
2024-11-26,6,3,101.0
2024-11-27,6,3,102.0
2024-11-28,6,3,100.0
2024-11-29,6,3,65.0
2024-11-30,6,3,66.0
2024-12-01,6,3,86.0
2024-12-02,6,3,75.0
2024-12-03,6,3,119.0
2024-12-04,6,3,96.0
2024-12-05,6,3,107.0
2024-12-06,6,3,79.0
2024-12-07,6,3,61.0
2024-12-08,6,3,73.0
2024-12-09,6,3,99.0
2024-12-10,6,3,108.0
2024-12-11,6,3,124.0
2024-12-12,6,3,118.0
2024-12-13,6,3,75.0
2024-12-14,6,3,65.0
2024-12-15,6,3,69.0
2024-12-16,6,3,88.0
2024-12-17,6,3,125.0
2024-12-18,6,3,123.0
2024-12-19,6,3,102.0
2024-12-20,6,3,92.0
2024-12-21,6,3,99.0
2024-12-22,6,3,108.0
2024-12-23,6,3,106.0
2024-12-24,6,3,89.0
2024-12-25,6,3,125.0
2024-12-26,6,3,123.0
2024-12-27,6,3,100.0
2024-12-28,6,3,96.0
2024-12-29,6,3,97.0
2024-12-30,6,3,94.0
2024-12-31,6,3,113.0
2025-01-01,6,3,124.0
2025-01-02,6,3,129.0
2025-01-03,6,3,94.0
2025-01-04,6,3,98.0
2025-01-05,6,3,101.0
2025-01-06,6,3,130.0
2025-01-07,6,3,127.0
2025-01-08,6,3,113.0
2025-01-09,6,3,130.0
2025-01-10,6,3,131.0
2025-01-11,6,3,106.0
2025-01-12,6,3,94.0
2025-01-13,6,3,106.0
2025-01-14,6,3,123.0
2025-01-15,6,3,159.0
2025-01-16,6,3,124.0
2025-01-17,6,3,105.0
2025-01-18,6,3,102.0
2025-01-19,6,3,104.0
2025-01-20,6,3,140.0
2025-01-21,6,3,127.0
2025-01-22,6,3,155.0
2025-01-23,6,3,134.0
2025-01-24,6,3,130.0
2025-01-25,6,3,125.0
2025-01-26,6,3,113.0
2025-01-27,6,3,124.0
2025-01-28,6,3,143.0
2025-01-29,6,3,145.0
2025-01-30,6,3,119.0
2025-01-31,6,3,139.0
2025-02-01,6,3,115.0
2025-02-02,6,3,104.0
2025-02-03,6,3,109.0
2025-02-04,6,3,122.0
2025-02-05,6,3,159.0
2025-02-06,6,3,135.0
2025-02-07,6,3,121.0
2025-02-08,6,3,122.0
2025-02-09,6,3,115.0
2025-02-10,6,3,142.0
2025-02-11,6,3,152.0
2025-02-12,6,3,154.0
2025-02-13,6,3,129.0
2025-02-14,6,3,121.0
2025-02-15,6,3,127.0
2025-02-16,6,3,117.0
2025-02-17,6,3,153.0
2025-02-18,6,3,180.0
2025-02-19,6,3,166.0
2025-02-20,6,3,165.0
2025-02-21,6,3,141.0
2025-02-22,6,3,118.0
2025-02-23,6,3,130.0
2025-02-24,6,3,165.0
2025-02-25,6,3,152.0
2025-02-26,6,3,151.0
2025-02-27,6,3,140.0
2025-02-28,6,3,134.0
2025-03-01,6,3,116.0
2025-03-02,6,3,149.0
2025-03-03,6,3,148.0
2025-03-04,6,3,171.0
2025-03-05,6,3,161.0
2025-03-06,6,3,143.0
2025-03-07,6,3,125.0
2025-03-08,6,3,120.0
2025-03-09,6,3,137.0
2025-03-10,6,3,154.0
2025-03-11,6,3,169.0
2025-03-12,6,3,151.0
2025-03-13,6,3,157.0
2025-03-14,6,3,130.0
2025-03-15,6,3,136.0
2025-03-16,6,3,141.0
2025-03-17,6,3,137.0
2025-03-18,6,3,175.0
2025-03-19,6,3,194.0
2025-03-20,6,3,168.0
2025-03-21,6,3,141.0
2025-03-22,6,3,130.0
2025-03-23,6,3,135.0
2025-03-24,6,3,143.0
2025-03-25,6,3,169.0
2025-03-26,6,3,157.0
2025-03-27,6,3,139.0
2025-03-28,6,3,146.0
2025-03-29,6,3,134.0
2025-03-30,6,3,132.0
2025-03-31,6,3,138.0
2025-04-01,6,3,170.0
2025-04-02,6,3,160.0
2025-04-03,6,3,159.0
2025-04-04,6,3,164.0
2025-04-05,6,3,142.0
2025-04-06,6,3,123.0
2025-04-07,6,3,139.0
2025-04-08,6,3,168.0
2025-04-09,6,3,155.0
2025-04-10,6,3,139.0
2025-04-11,6,3,150.0
2025-04-12,6,3,138.0
2025-04-13,6,3,143.0
2025-04-14,6,3,155.0
2025-04-15,6,3,166.0
2025-04-16,6,3,163.0
2025-04-17,6,3,165.0
2025-04-18,6,3,160.0
2025-04-19,6,3,128.0
2025-04-20,6,3,126.0
2025-04-21,6,3,139.0
2025-04-22,6,3,156.0
2025-04-23,6,3,171.0
2025-04-24,6,3,136.0
2025-04-25,6,3,147.0
2025-04-26,6,3,139.0
2025-04-27,6,3,116.0
2025-04-28,6,3,139.0
2025-04-29,6,3,165.0
2025-04-30,6,3,166.0
2025-05-01,6,3,163.0
2025-05-02,6,3,139.0
2025-05-03,6,3,144.0
2025-05-04,6,3,130.0
2025-05-05,6,3,137.0
2025-05-06,6,3,150.0
2025-05-07,6,3,173.0
2025-05-08,6,3,155.0
2025-05-09,6,3,146.0
2025-05-10,6,3,135.0
2025-05-11,6,3,110.0
2025-05-12,6,3,133.0
2025-05-13,6,3,149.0
2025-05-14,6,3,154.0
2025-05-15,6,3,148.0
2025-05-16,6,3,147.0
2025-05-17,6,3,139.0
2025-05-18,6,3,126.0
2025-05-19,6,3,140.0
2025-05-20,6,3,149.0
2025-05-21,6,3,161.0
2025-05-22,6,3,152.0
2025-05-23,6,3,142.0
2025-05-24,6,3,131.0
2025-05-25,6,3,101.0
2025-05-26,6,3,138.0
2025-05-27,6,3,168.0
2025-05-28,6,3,152.0
2025-05-29,6,3,158.0
2025-05-30,6,3,126.0
2025-05-31,6,3,121.0
2025-06-01,6,3,110.0
2025-06-02,6,3,124.0
2025-06-03,6,3,158.0
2025-06-04,6,3,162.0
2025-06-05,6,3,143.0
2025-06-06,6,3,113.0
2025-06-07,6,3,116.0
2025-06-08,6,3,132.0
2025-06-09,6,3,151.0
2025-06-10,6,3,143.0
2025-06-11,6,3,131.0
2025-06-12,6,3,148.0
2025-06-13,6,3,119.0
2025-06-14,6,3,122.0
2025-06-15,6,3,118.0
2025-06-16,6,3,119.0
2025-06-17,6,3,143.0
2025-06-18,6,3,159.0
2025-06-19,6,3,133.0
2025-06-20,6,3,107.0
2025-06-21,6,3,90.0
2025-06-22,6,3,102.0
2025-06-23,6,3,120.0
2025-06-24,6,3,147.0
2025-06-25,6,3,129.0
2025-06-26,6,3,147.0
2025-06-27,6,3,99.0
2025-06-28,6,3,128.0
2025-06-29,6,3,125.0
2025-06-30,6,3,121.0
2025-07-01,6,3,116.0
2025-07-02,6,3,136.0
2025-07-03,6,3,122.0
2025-07-04,6,3,96.0
2025-07-05,6,3,102.0
2025-07-06,6,3,93.0
2025-07-07,6,3,108.0
2025-07-08,6,3,127.0
2025-07-09,6,3,126.0
2025-07-10,6,3,144.0
2025-07-11,6,3,99.0
2025-07-12,6,3,100.0
2025-07-13,6,3,99.0
2025-07-14,6,3,115.0
2025-07-15,6,3,130.0
2025-07-16,6,3,138.0
2025-07-17,6,3,121.0
2025-07-18,6,3,104.0
2025-07-19,6,3,91.0
2025-07-20,6,3,92.0
2025-07-21,6,3,98.0
2025-07-22,6,3,120.0
2025-07-23,6,3,127.0
2025-07-24,6,3,118.0
2025-07-25,6,3,99.0
2025-07-26,6,3,84.0
2025-07-27,6,3,89.0
2025-07-28,6,3,98.0
2025-07-29,6,3,121.0
2025-07-30,6,3,118.0
2025-07-31,6,3,112.0
2025-08-01,6,3,104.0
2025-08-02,6,3,75.0
2025-08-03,6,3,92.0
2025-08-04,6,3,100.0
2025-08-05,6,3,136.0
2025-08-06,6,3,114.0
2025-08-07,6,3,114.0
2025-08-08,6,3,90.0
2025-08-09,6,3,65.0
2025-08-10,6,3,77.0
2025-08-11,6,3,106.0
2025-08-12,6,3,106.0
2025-08-13,6,3,90.0
2025-08-14,6,3,103.0
2025-08-15,6,3,75.0
2025-08-16,6,3,78.0
2025-08-17,6,3,96.0
2025-08-18,6,3,102.0
2025-08-19,6,3,124.0
2025-08-20,6,3,105.0
2025-08-21,6,3,99.0
2025-08-22,6,3,73.0
2025-08-23,6,3,66.0
2025-08-24,6,3,67.0
2025-08-25,6,3,77.0
2025-08-26,6,3,120.0
2025-08-27,6,3,86.0
2025-08-28,6,3,113.0
2025-08-29,6,3,95.0
2025-08-30,6,3,77.0
2025-08-31,6,3,63.0
2025-09-01,6,3,72.0
2025-09-02,6,3,97.0
2025-09-03,6,3,113.0
2025-09-04,6,3,96.0
2025-09-05,6,3,69.0
2025-09-06,6,3,82.0
2025-09-07,6,3,91.0
2025-09-08,6,3,85.0
2025-09-09,6,3,103.0
2025-09-10,6,3,88.0
2025-09-11,6,3,90.0
2025-09-12,6,3,84.0
2025-09-13,6,3,72.0
2025-09-14,6,3,66.0
2025-09-15,6,3,83.0
2025-09-16,6,3,96.0
2025-09-17,6,3,101.0
2025-09-18,6,3,98.0
2025-09-19,6,3,57.0
2025-09-20,6,3,67.0
2025-09-21,6,3,75.0
2025-09-22,6,3,79.0
2025-09-23,6,3,95.0
2025-09-24,6,3,98.0
2025-09-25,6,3,88.0
2025-09-26,6,3,78.0
2025-09-27,6,3,69.0
2025-09-28,6,3,48.0
2025-09-29,6,3,93.0
2025-09-30,6,3,97.0
2025-10-01,6,3,124.0
2025-10-02,6,3,81.0
2025-10-03,6,3,68.0
2025-10-04,6,3,66.0
2025-10-05,6,3,76.0
2025-10-06,6,3,65.0
2025-10-07,6,3,92.0
2025-10-08,6,3,111.0
2025-10-09,6,3,84.0
2025-10-10,6,3,93.0
2025-10-11,6,3,64.0
2025-10-12,6,3,63.0
2025-10-13,6,3,94.0
2025-10-14,6,3,119.0
2025-10-15,6,3,110.0
2025-10-16,6,3,109.0
2025-10-17,6,3,98.0
2025-10-18,6,3,60.0
2025-10-19,6,3,84.0
2025-10-20,6,3,72.0
2025-10-21,6,3,108.0
2025-10-22,6,3,106.0
2025-10-23,6,3,111.0
2025-10-24,6,3,95.0
2025-10-25,6,3,79.0
2025-10-26,6,3,80.0
2025-10-27,6,3,96.0
2025-10-28,6,3,106.0
2025-10-29,6,3,109.0
2025-10-30,6,3,116.0
2025-10-31,6,3,101.0
2025-11-01,6,3,73.0
2025-11-02,6,3,81.0
2025-11-03,6,3,95.0
2025-11-04,6,3,91.0
2025-11-05,6,3,109.0
2025-11-06,6,3,120.0
2025-11-07,6,3,79.0
2025-11-08,6,3,101.0
2025-11-09,6,3,95.0
2025-11-10,6,3,101.0
2025-11-11,6,3,118.0
2025-11-12,6,3,106.0
2025-11-13,6,3,103.0
2025-11-14,6,3,106.0
2025-11-15,6,3,75.0
2025-11-16,6,3,97.0
2025-11-17,6,3,86.0
2025-11-18,6,3,102.0
2025-11-19,6,3,140.0
2025-11-20,6,3,110.0
2025-11-21,6,3,89.0
2025-11-22,6,3,100.0
2025-11-23,6,3,103.0
2025-11-24,6,3,114.0
2025-11-25,6,3,113.0
2025-11-26,6,3,120.0
2025-11-27,6,3,118.0
2025-11-28,6,3,106.0
2025-11-29,6,3,84.0
2025-11-30,6,3,96.0
2025-12-01,6,3,112.0
2025-12-02,6,3,138.0
2025-12-03,6,3,136.0
2025-12-04,6,3,102.0
2025-12-05,6,3,101.0
2025-12-06,6,3,84.0
2025-12-07,6,3,104.0
2025-12-08,6,3,123.0
2025-12-09,6,3,129.0
2025-12-10,6,3,130.0
2025-12-11,6,3,124.0
2025-12-12,6,3,110.0
2025-12-13,6,3,92.0
2025-12-14,6,3,90.0
2025-12-15,6,3,96.0
2025-12-16,6,3,147.0
2025-12-17,6,3,143.0
2025-12-18,6,3,132.0
2025-12-19,6,3,127.0
2025-12-20,6,3,90.0
2025-12-21,6,3,89.0
2025-12-22,6,3,127.0
2025-12-23,6,3,141.0
2025-12-24,6,3,124.0
2025-12-25,6,3,137.0
2025-12-26,6,3,114.0
2025-12-27,6,3,100.0
2025-12-28,6,3,109.0
2025-12-29,6,3,102.0
2025-12-30,6,3,137.0
2024-01-01,6,4,101.0
2024-01-02,6,4,124.0
2024-01-03,6,4,102.0
2024-01-04,6,4,98.0
2024-01-05,6,4,85.0
2024-01-06,6,4,67.0
2024-01-07,6,4,76.0
2024-01-08,6,4,86.0
2024-01-09,6,4,94.0
2024-01-10,6,4,105.0
2024-01-11,6,4,105.0
2024-01-12,6,4,110.0
2024-01-13,6,4,73.0
2024-01-14,6,4,98.0
2024-01-15,6,4,102.0
2024-01-16,6,4,118.0
2024-01-17,6,4,118.0
2024-01-18,6,4,89.0
2024-01-19,6,4,83.0
2024-01-20,6,4,92.0
2024-01-21,6,4,90.0
2024-01-22,6,4,85.0
2024-01-23,6,4,113.0
2024-01-24,6,4,125.0
2024-01-25,6,4,97.0
2024-01-26,6,4,92.0
2024-01-27,6,4,104.0
2024-01-28,6,4,98.0
2024-01-29,6,4,121.0
2024-01-30,6,4,114.0
2024-01-31,6,4,132.0
2024-02-01,6,4,102.0
2024-02-02,6,4,107.0
2024-02-03,6,4,83.0
2024-02-04,6,4,98.0
2024-02-05,6,4,112.0
2024-02-06,6,4,127.0
2024-02-07,6,4,113.0
2024-02-08,6,4,118.0
2024-02-09,6,4,101.0
2024-02-10,6,4,105.0
2024-02-11,6,4,89.0
2024-02-12,6,4,95.0
2024-02-13,6,4,105.0
2024-02-14,6,4,122.0
2024-02-15,6,4,112.0
2024-02-16,6,4,100.0
2024-02-17,6,4,91.0
2024-02-18,6,4,112.0
2024-02-19,6,4,109.0
2024-02-20,6,4,136.0
2024-02-21,6,4,131.0
2024-02-22,6,4,109.0
2024-02-23,6,4,105.0
2024-02-24,6,4,112.0
2024-02-25,6,4,110.0
2024-02-26,6,4,125.0
2024-02-27,6,4,131.0
2024-02-28,6,4,124.0
2024-02-29,6,4,137.0
2024-03-01,6,4,112.0
2024-03-02,6,4,107.0
2024-03-03,6,4,102.0
2024-03-04,6,4,103.0
2024-03-05,6,4,131.0
2024-03-06,6,4,148.0
2024-03-07,6,4,130.0
2024-03-08,6,4,113.0
2024-03-09,6,4,90.0
2024-03-10,6,4,118.0
2024-03-11,6,4,129.0
2024-03-12,6,4,110.0
2024-03-13,6,4,141.0
2024-03-14,6,4,120.0
2024-03-15,6,4,112.0
2024-03-16,6,4,91.0
2024-03-17,6,4,104.0
2024-03-18,6,4,105.0
2024-03-19,6,4,121.0
2024-03-20,6,4,138.0
2024-03-21,6,4,116.0
2024-03-22,6,4,114.0
2024-03-23,6,4,102.0
2024-03-24,6,4,129.0
2024-03-25,6,4,110.0
2024-03-26,6,4,126.0
2024-03-27,6,4,126.0
2024-03-28,6,4,139.0
2024-03-29,6,4,111.0
2024-03-30,6,4,100.0
2024-03-31,6,4,113.0
2024-04-01,6,4,108.0
2024-04-02,6,4,116.0
2024-04-03,6,4,136.0
2024-04-04,6,4,126.0
2024-04-05,6,4,103.0
2024-04-06,6,4,105.0
2024-04-07,6,4,124.0
2024-04-08,6,4,122.0
2024-04-09,6,4,110.0
2024-04-10,6,4,148.0
2024-04-11,6,4,146.0
2024-04-12,6,4,116.0
2024-04-13,6,4,104.0
2024-04-14,6,4,89.0
2024-04-15,6,4,109.0
2024-04-16,6,4,127.0
2024-04-17,6,4,126.0
2024-04-18,6,4,120.0
2024-04-19,6,4,112.0
2024-04-20,6,4,95.0
2024-04-21,6,4,121.0
2024-04-22,6,4,118.0
2024-04-23,6,4,136.0
2024-04-24,6,4,139.0
2024-04-25,6,4,128.0
2024-04-26,6,4,111.0
2024-04-27,6,4,112.0
2024-04-28,6,4,117.0
2024-04-29,6,4,96.0
2024-04-30,6,4,115.0
2024-05-01,6,4,127.0
2024-05-02,6,4,112.0
2024-05-03,6,4,102.0
2024-05-04,6,4,96.0
2024-05-05,6,4,101.0
2024-05-06,6,4,101.0
2024-05-07,6,4,125.0
2024-05-08,6,4,147.0
2024-05-09,6,4,121.0
2024-05-10,6,4,115.0
2024-05-11,6,4,99.0
2024-05-12,6,4,104.0
2024-05-13,6,4,114.0
2024-05-14,6,4,136.0
2024-05-15,6,4,123.0
2024-05-16,6,4,124.0
2024-05-17,6,4,102.0
2024-05-18,6,4,106.0
2024-05-19,6,4,90.0
2024-05-20,6,4,121.0
2024-05-21,6,4,129.0
2024-05-22,6,4,117.0
2024-05-23,6,4,139.0
2024-05-24,6,4,113.0
2024-05-25,6,4,86.0
2024-05-26,6,4,102.0
2024-05-27,6,4,96.0
2024-05-28,6,4,108.0
2024-05-29,6,4,141.0
2024-05-30,6,4,107.0
2024-05-31,6,4,114.0
2024-06-01,6,4,108.0
2024-06-02,6,4,89.0
2024-06-03,6,4,134.0
2024-06-04,6,4,125.0
2024-06-05,6,4,128.0
2024-06-06,6,4,108.0
2024-06-07,6,4,94.0
2024-06-08,6,4,72.0
2024-06-09,6,4,90.0
2024-06-10,6,4,123.0
2024-06-11,6,4,112.0
2024-06-12,6,4,116.0
2024-06-13,6,4,104.0
2024-06-14,6,4,88.0
2024-06-15,6,4,103.0
2024-06-16,6,4,84.0
2024-06-17,6,4,107.0
2024-06-18,6,4,118.0
2024-06-19,6,4,134.0
2024-06-20,6,4,107.0
2024-06-21,6,4,96.0
2024-06-22,6,4,80.0
2024-06-23,6,4,88.0
2024-06-24,6,4,98.0
2024-06-25,6,4,118.0
2024-06-26,6,4,139.0
2024-06-27,6,4,112.0
2024-06-28,6,4,111.0
2024-06-29,6,4,100.0
2024-06-30,6,4,93.0
2024-07-01,6,4,116.0
2024-07-02,6,4,121.0
2024-07-03,6,4,106.0
2024-07-04,6,4,112.0
2024-07-05,6,4,100.0
2024-07-06,6,4,107.0
2024-07-07,6,4,82.0
2024-07-08,6,4,109.0
2024-07-09,6,4,104.0
2024-07-10,6,4,135.0
2024-07-11,6,4,123.0
2024-07-12,6,4,83.0
2024-07-13,6,4,105.0
2024-07-14,6,4,101.0
2024-07-15,6,4,115.0
2024-07-16,6,4,131.0
2024-07-17,6,4,129.0
2024-07-18,6,4,105.0
2024-07-19,6,4,110.0
2024-07-20,6,4,76.0
2024-07-21,6,4,80.0
2024-07-22,6,4,96.0
2024-07-23,6,4,117.0
2024-07-24,6,4,107.0
2024-07-25,6,4,95.0
2024-07-26,6,4,83.0
2024-07-27,6,4,80.0
2024-07-28,6,4,87.0
2024-07-29,6,4,91.0
2024-07-30,6,4,99.0
2024-07-31,6,4,119.0
2024-08-01,6,4,124.0
2024-08-02,6,4,87.0
2024-08-03,6,4,91.0
2024-08-04,6,4,85.0
2024-08-05,6,4,104.0
2024-08-06,6,4,119.0
2024-08-07,6,4,113.0
2024-08-08,6,4,94.0
2024-08-09,6,4,77.0
2024-08-10,6,4,93.0
2024-08-11,6,4,90.0
2024-08-12,6,4,107.0
2024-08-13,6,4,116.0
2024-08-14,6,4,123.0
2024-08-15,6,4,105.0
2024-08-16,6,4,73.0
2024-08-17,6,4,83.0
2024-08-18,6,4,101.0
2024-08-19,6,4,99.0
2024-08-20,6,4,95.0
2024-08-21,6,4,119.0
2024-08-22,6,4,125.0
2024-08-23,6,4,82.0
2024-08-24,6,4,82.0
2024-08-25,6,4,87.0
2024-08-26,6,4,97.0
2024-08-27,6,4,116.0
2024-08-28,6,4,106.0
2024-08-29,6,4,108.0
2024-08-30,6,4,99.0
2024-08-31,6,4,76.0
2024-09-01,6,4,89.0
2024-09-02,6,4,90.0
2024-09-03,6,4,92.0
2024-09-04,6,4,95.0
2024-09-05,6,4,105.0
2024-09-06,6,4,67.0
2024-09-07,6,4,78.0
2024-09-08,6,4,72.0
2024-09-09,6,4,71.0
2024-09-10,6,4,113.0
2024-09-11,6,4,95.0
2024-09-12,6,4,124.0
2024-09-13,6,4,103.0
2024-09-14,6,4,77.0
2024-09-15,6,4,59.0
2024-09-16,6,4,96.0
2024-09-17,6,4,125.0
2024-09-18,6,4,120.0
2024-09-19,6,4,112.0
2024-09-20,6,4,102.0
2024-09-21,6,4,64.0
2024-09-22,6,4,92.0
2024-09-23,6,4,113.0
2024-09-24,6,4,100.0
2024-09-25,6,4,105.0
2024-09-26,6,4,116.0
2024-09-27,6,4,101.0
2024-09-28,6,4,68.0
2024-09-29,6,4,67.0
2024-09-30,6,4,92.0
2024-10-01,6,4,91.0
2024-10-02,6,4,101.0
2024-10-03,6,4,94.0
2024-10-04,6,4,98.0
2024-10-05,6,4,92.0
2024-10-06,6,4,93.0
2024-10-07,6,4,85.0
2024-10-08,6,4,106.0
2024-10-09,6,4,105.0
2024-10-10,6,4,103.0
2024-10-11,6,4,95.0
2024-10-12,6,4,73.0
2024-10-13,6,4,71.0
2024-10-14,6,4,111.0
2024-10-15,6,4,119.0
2024-10-16,6,4,114.0
2024-10-17,6,4,91.0
2024-10-18,6,4,97.0
2024-10-19,6,4,78.0
2024-10-20,6,4,60.0
2024-10-21,6,4,90.0
2024-10-22,6,4,113.0
2024-10-23,6,4,110.0
2024-10-24,6,4,108.0
2024-10-25,6,4,94.0
2024-10-26,6,4,69.0
2024-10-27,6,4,91.0
2024-10-28,6,4,105.0
2024-10-29,6,4,109.0
2024-10-30,6,4,113.0
2024-10-31,6,4,105.0
2024-11-01,6,4,106.0
2024-11-02,6,4,86.0
2024-11-03,6,4,87.0
2024-11-04,6,4,103.0
2024-11-05,6,4,116.0
2024-11-06,6,4,114.0
2024-11-07,6,4,92.0
2024-11-08,6,4,93.0
2024-11-09,6,4,90.0
2024-11-10,6,4,90.0
2024-11-11,6,4,95.0
2024-11-12,6,4,111.0
2024-11-13,6,4,127.0
2024-11-14,6,4,90.0
2024-11-15,6,4,86.0
2024-11-16,6,4,87.0
2024-11-17,6,4,99.0
2024-11-18,6,4,121.0
2024-11-19,6,4,124.0
2024-11-20,6,4,112.0
2024-11-21,6,4,91.0
2024-11-22,6,4,115.0
2024-11-23,6,4,78.0
2024-11-24,6,4,92.0
2024-11-25,6,4,103.0
2024-11-26,6,4,116.0
2024-11-27,6,4,108.0
2024-11-28,6,4,130.0
2024-11-29,6,4,89.0
2024-11-30,6,4,91.0
2024-12-01,6,4,88.0
2024-12-02,6,4,112.0
2024-12-03,6,4,117.0
2024-12-04,6,4,119.0
2024-12-05,6,4,125.0
2024-12-06,6,4,97.0
2024-12-07,6,4,106.0
2024-12-08,6,4,82.0
2024-12-09,6,4,106.0
2024-12-10,6,4,112.0
2024-12-11,6,4,125.0
2024-12-12,6,4,102.0
2024-12-13,6,4,109.0
2024-12-14,6,4,101.0
2024-12-15,6,4,113.0
2024-12-16,6,4,119.0
2024-12-17,6,4,132.0
2024-12-18,6,4,134.0
2024-12-19,6,4,116.0
2024-12-20,6,4,122.0
2024-12-21,6,4,102.0
2024-12-22,6,4,125.0
2024-12-23,6,4,131.0
2024-12-24,6,4,130.0
2024-12-25,6,4,134.0
2024-12-26,6,4,130.0
2024-12-27,6,4,124.0
2024-12-28,6,4,83.0
2024-12-29,6,4,116.0
2024-12-30,6,4,119.0
2024-12-31,6,4,140.0
2025-01-01,6,4,125.0
2025-01-02,6,4,116.0
2025-01-03,6,4,113.0
2025-01-04,6,4,111.0
2025-01-05,6,4,92.0
2025-01-06,6,4,114.0
2025-01-07,6,4,119.0
2025-01-08,6,4,139.0
2025-01-09,6,4,147.0
2025-01-10,6,4,109.0
2025-01-11,6,4,112.0
2025-01-12,6,4,108.0
2025-01-13,6,4,124.0
2025-01-14,6,4,127.0
2025-01-15,6,4,144.0
2025-01-16,6,4,126.0
2025-01-17,6,4,133.0
2025-01-18,6,4,101.0
2025-01-19,6,4,120.0
2025-01-20,6,4,143.0
2025-01-21,6,4,148.0
2025-01-22,6,4,130.0
2025-01-23,6,4,120.0
2025-01-24,6,4,122.0
2025-01-25,6,4,109.0
2025-01-26,6,4,117.0
2025-01-27,6,4,137.0
2025-01-28,6,4,139.0
2025-01-29,6,4,135.0
2025-01-30,6,4,135.0
2025-01-31,6,4,135.0
2025-02-01,6,4,111.0
2025-02-02,6,4,136.0
2025-02-03,6,4,136.0
2025-02-04,6,4,148.0
2025-02-05,6,4,138.0
2025-02-06,6,4,134.0
2025-02-07,6,4,127.0
2025-02-08,6,4,112.0
2025-02-09,6,4,129.0
2025-02-10,6,4,131.0
2025-02-11,6,4,136.0
2025-02-12,6,4,149.0
2025-02-13,6,4,134.0
2025-02-14,6,4,131.0
2025-02-15,6,4,110.0
2025-02-16,6,4,138.0
2025-02-17,6,4,116.0
2025-02-18,6,4,141.0
2025-02-19,6,4,150.0
2025-02-20,6,4,135.0
2025-02-21,6,4,102.0
2025-02-22,6,4,137.0
2025-02-23,6,4,128.0
2025-02-24,6,4,121.0
2025-02-25,6,4,135.0
2025-02-26,6,4,135.0
2025-02-27,6,4,140.0
2025-02-28,6,4,143.0
2025-03-01,6,4,116.0
2025-03-02,6,4,118.0
2025-03-03,6,4,145.0
2025-03-04,6,4,152.0
2025-03-05,6,4,151.0
2025-03-06,6,4,151.0
2025-03-07,6,4,111.0
2025-03-08,6,4,125.0
2025-03-09,6,4,137.0
2025-03-10,6,4,124.0
2025-03-11,6,4,146.0
2025-03-12,6,4,133.0
2025-03-13,6,4,140.0
2025-03-14,6,4,124.0
2025-03-15,6,4,139.0
2025-03-16,6,4,120.0
2025-03-17,6,4,141.0
2025-03-18,6,4,165.0
2025-03-19,6,4,131.0
2025-03-20,6,4,147.0
2025-03-21,6,4,120.0
2025-03-22,6,4,111.0
2025-03-23,6,4,117.0
2025-03-24,6,4,133.0
2025-03-25,6,4,141.0
2025-03-26,6,4,150.0
2025-03-27,6,4,156.0
2025-03-28,6,4,137.0
2025-03-29,6,4,151.0
2025-03-30,6,4,128.0
2025-03-31,6,4,145.0
2025-04-01,6,4,165.0
2025-04-02,6,4,143.0
2025-04-03,6,4,159.0
2025-04-04,6,4,122.0
2025-04-05,6,4,128.0
2025-04-06,6,4,136.0
2025-04-07,6,4,119.0
2025-04-08,6,4,148.0
2025-04-09,6,4,154.0
2025-04-10,6,4,134.0
2025-04-11,6,4,135.0
2025-04-12,6,4,141.0
2025-04-13,6,4,116.0
2025-04-14,6,4,151.0
2025-04-15,6,4,157.0
2025-04-16,6,4,141.0
2025-04-17,6,4,142.0
2025-04-18,6,4,134.0
2025-04-19,6,4,139.0
2025-04-20,6,4,134.0
2025-04-21,6,4,132.0
2025-04-22,6,4,156.0
2025-04-23,6,4,126.0
2025-04-24,6,4,155.0
2025-04-25,6,4,124.0
2025-04-26,6,4,112.0
2025-04-27,6,4,122.0
2025-04-28,6,4,125.0
2025-04-29,6,4,149.0
2025-04-30,6,4,165.0
2025-05-01,6,4,125.0
2025-05-02,6,4,130.0
2025-05-03,6,4,120.0
2025-05-04,6,4,130.0
2025-05-05,6,4,136.0
2025-05-06,6,4,160.0
2025-05-07,6,4,168.0
2025-05-08,6,4,155.0
2025-05-09,6,4,123.0
2025-05-10,6,4,141.0
2025-05-11,6,4,112.0
2025-05-12,6,4,144.0
2025-05-13,6,4,162.0
2025-05-14,6,4,174.0
2025-05-15,6,4,154.0
2025-05-16,6,4,121.0
2025-05-17,6,4,130.0
2025-05-18,6,4,122.0
2025-05-19,6,4,147.0
2025-05-20,6,4,151.0
2025-05-21,6,4,166.0
2025-05-22,6,4,143.0
2025-05-23,6,4,138.0
2025-05-24,6,4,113.0
2025-05-25,6,4,134.0
2025-05-26,6,4,113.0
2025-05-27,6,4,155.0
2025-05-28,6,4,154.0
2025-05-29,6,4,143.0
2025-05-30,6,4,104.0
2025-05-31,6,4,113.0
2025-06-01,6,4,133.0
2025-06-02,6,4,125.0
2025-06-03,6,4,131.0
2025-06-04,6,4,138.0
2025-06-05,6,4,90.03436930010787
2025-06-06,6,4,77.0030790066712
2025-06-07,6,4,77.5954103836456
2025-06-08,6,4,75.22608487574801
2025-06-09,6,4,72.85675936785044
2025-06-10,6,4,164.0
2025-06-11,6,4,141.0
2025-06-12,6,4,130.0
2025-06-13,6,4,127.0
2025-06-14,6,4,119.0
2025-06-15,6,4,127.0
2025-06-16,6,4,127.0
2025-06-17,6,4,158.0
2025-06-18,6,4,139.0
2025-06-19,6,4,125.0
2025-06-20,6,4,102.0
2025-06-21,6,4,111.0
2025-06-22,6,4,125.0
2025-06-23,6,4,136.0
2025-06-24,6,4,145.0
2025-06-25,6,4,139.0
2025-06-26,6,4,148.0
2025-06-27,6,4,121.0
2025-06-28,6,4,116.0
2025-06-29,6,4,102.0
2025-06-30,6,4,108.0
2025-07-01,6,4,148.0
2025-07-02,6,4,169.0
2025-07-03,6,4,138.0
2025-07-04,6,4,128.0
2025-07-05,6,4,119.0
2025-07-06,6,4,113.0
2025-07-07,6,4,109.0
2025-07-08,6,4,145.0
2025-07-09,6,4,157.0
2025-07-10,6,4,137.0
2025-07-11,6,4,115.0
2025-07-12,6,4,113.0
2025-07-13,6,4,111.0
2025-07-14,6,4,138.0
2025-07-15,6,4,139.0
2025-07-16,6,4,147.0
2025-07-17,6,4,142.0
2025-07-18,6,4,124.0
2025-07-19,6,4,108.0
2025-07-20,6,4,94.0
2025-07-21,6,4,127.0
2025-07-22,6,4,145.0
2025-07-23,6,4,121.0
2025-07-24,6,4,133.0
2025-07-25,6,4,115.0
2025-07-26,6,4,82.0
2025-07-27,6,4,112.0
2025-07-28,6,4,135.0
2025-07-29,6,4,134.0
2025-07-30,6,4,115.0
2025-07-31,6,4,131.0
2025-08-01,6,4,125.0
2025-08-02,6,4,95.0
2025-08-03,6,4,105.0
2025-08-04,6,4,116.0
2025-08-05,6,4,133.0
2025-08-06,6,4,131.0
2025-08-07,6,4,140.0
2025-08-08,6,4,125.0
2025-08-09,6,4,96.0
2025-08-10,6,4,119.0
2025-08-11,6,4,101.0
2025-08-12,6,4,122.0
2025-08-13,6,4,140.0
2025-08-14,6,4,126.0
2025-08-15,6,4,112.0
2025-08-16,6,4,105.0
2025-08-17,6,4,99.0
2025-08-18,6,4,130.0
2025-08-19,6,4,137.0
2025-08-20,6,4,132.0
2025-08-21,6,4,133.0
2025-08-22,6,4,114.0
2025-08-23,6,4,98.0
2025-08-24,6,4,100.0
2025-08-25,6,4,104.0
2025-08-26,6,4,122.0
2025-08-27,6,4,130.0
2025-08-28,6,4,124.0
2025-08-29,6,4,99.0
2025-08-30,6,4,100.0
2025-08-31,6,4,97.0
2025-09-01,6,4,108.0
2025-09-02,6,4,133.0
2025-09-03,6,4,133.0
2025-09-04,6,4,121.0
2025-09-05,6,4,113.0
2025-09-06,6,4,86.0
2025-09-07,6,4,90.0
2025-09-08,6,4,111.0
2025-09-09,6,4,126.0
2025-09-10,6,4,138.0
2025-09-11,6,4,115.0
2025-09-12,6,4,100.0
2025-09-13,6,4,109.0
2025-09-14,6,4,90.0
2025-09-15,6,4,124.0
2025-09-16,6,4,127.0
2025-09-17,6,4,122.0
2025-09-18,6,4,109.0
2025-09-19,6,4,105.0
2025-09-20,6,4,105.0
2025-09-21,6,4,101.0
2025-09-22,6,4,123.0
2025-09-23,6,4,136.0
2025-09-24,6,4,138.0
2025-09-25,6,4,130.0
2025-09-26,6,4,101.0
2025-09-27,6,4,106.0
2025-09-28,6,4,123.0
2025-09-29,6,4,124.0
2025-09-30,6,4,123.0
2025-10-01,6,4,124.0
2025-10-02,6,4,122.0
2025-10-03,6,4,115.0
2025-10-04,6,4,100.0
2025-10-05,6,4,90.0
2025-10-06,6,4,122.0
2025-10-07,6,4,137.0
2025-10-08,6,4,121.0
2025-10-09,6,4,132.0
2025-10-10,6,4,109.0
2025-10-11,6,4,104.0
2025-10-12,6,4,107.0
2025-10-13,6,4,118.0
2025-10-14,6,4,124.0
2025-10-15,6,4,137.0
2025-10-16,6,4,123.0
2025-10-17,6,4,112.0
2025-10-18,6,4,97.0
2025-10-19,6,4,107.0
2025-10-20,6,4,116.0
2025-10-21,6,4,119.0
2025-10-22,6,4,138.0
2025-10-23,6,4,135.0
2025-10-24,6,4,114.0
2025-10-25,6,4,99.0
2025-10-26,6,4,109.0
2025-10-27,6,4,110.0
2025-10-28,6,4,139.0
2025-10-29,6,4,143.0
2025-10-30,6,4,125.0
2025-10-31,6,4,112.0
2025-11-01,6,4,92.0
2025-11-02,6,4,112.0
2025-11-03,6,4,116.0
2025-11-04,6,4,106.0
2025-11-05,6,4,136.0
2025-11-06,6,4,125.0
2025-11-07,6,4,102.0
2025-11-08,6,4,114.0
2025-11-09,6,4,103.0
2025-11-10,6,4,113.0
2025-11-11,6,4,145.0
2025-11-12,6,4,141.0
2025-11-13,6,4,118.0
2025-11-14,6,4,114.0
2025-11-15,6,4,98.0
2025-11-16,6,4,96.0
2025-11-17,6,4,109.0
2025-11-18,6,4,142.0
2025-11-19,6,4,131.0
2025-11-20,6,4,120.0
2025-11-21,6,4,114.0
2025-11-22,6,4,134.0
2025-11-23,6,4,116.0
2025-11-24,6,4,133.0
2025-11-25,6,4,128.0
2025-11-26,6,4,64.53297013836162
2025-11-27,6,4,58.74725557423265
2025-11-28,6,4,49.401101278332
2025-11-29,6,4,48.06593637891763
2025-11-30,6,4,47.62088141244617
2025-12-01,6,4,56.96703570834681
2025-12-02,6,4,60.97253040658995
2025-12-03,6,4,60.52747544011849
2025-12-04,6,4,132.0
2025-12-05,6,4,130.0
2025-12-06,6,4,100.0
2025-12-07,6,4,110.0
2025-12-08,6,4,132.0
2025-12-09,6,4,136.0
2025-12-10,6,4,158.0
2025-12-11,6,4,149.0
2025-12-12,6,4,135.0
2025-12-13,6,4,121.0
2025-12-14,6,4,128.0
2025-12-15,6,4,131.0
2025-12-16,6,4,138.0
2025-12-17,6,4,142.0
2025-12-18,6,4,123.0
2025-12-19,6,4,121.0
2025-12-20,6,4,114.0
2025-12-21,6,4,118.0
2025-12-22,6,4,159.0
2025-12-23,6,4,139.0
2025-12-24,6,4,148.0
2025-12-25,6,4,164.0
2025-12-26,6,4,120.0
2025-12-27,6,4,108.0
2025-12-28,6,4,121.0
2025-12-29,6,4,129.0
2025-12-30,6,4,160.0
2024-01-01,6,5,143.0
2024-01-02,6,5,145.0
2024-01-03,6,5,152.0
2024-01-04,6,5,170.0
2024-01-05,6,5,143.0
2024-01-06,6,5,131.0
2024-01-07,6,5,134.0
2024-01-08,6,5,149.0
2024-01-09,6,5,168.0
2024-01-10,6,5,165.0
2024-01-11,6,5,159.0
2024-01-12,6,5,135.0
2024-01-13,6,5,135.0
2024-01-14,6,5,143.0
2024-01-15,6,5,152.0
2024-01-16,6,5,159.0
2024-01-17,6,5,161.0
2024-01-18,6,5,164.0
2024-01-19,6,5,153.0
2024-01-20,6,5,152.0
2024-01-21,6,5,147.0
2024-01-22,6,5,134.0
2024-01-23,6,5,192.0
2024-01-24,6,5,170.0
2024-01-25,6,5,159.0
2024-01-26,6,5,151.0
2024-01-27,6,5,141.0
2024-01-28,6,5,139.0
2024-01-29,6,5,166.0
2024-01-30,6,5,169.0
2024-01-31,6,5,172.0
2024-02-01,6,5,140.0
2024-02-02,6,5,153.0
2024-02-03,6,5,137.0
2024-02-04,6,5,146.0
2024-02-05,6,5,165.0
2024-02-06,6,5,167.0
2024-02-07,6,5,172.0
2024-02-08,6,5,170.0
2024-02-09,6,5,153.0
2024-02-10,6,5,140.0
2024-02-11,6,5,136.0
2024-02-12,6,5,169.0
2024-02-13,6,5,171.0
2024-02-14,6,5,162.0
2024-02-15,6,5,185.0
2024-02-16,6,5,164.0
2024-02-17,6,5,141.0
2024-02-18,6,5,149.0
2024-02-19,6,5,179.0
2024-02-20,6,5,177.0
2024-02-21,6,5,177.0
2024-02-22,6,5,183.0
2024-02-23,6,5,161.0
2024-02-24,6,5,169.0
2024-02-25,6,5,155.0
2024-02-26,6,5,164.0
2024-02-27,6,5,181.0
2024-02-28,6,5,194.0
2024-02-29,6,5,179.0
2024-03-01,6,5,166.0
2024-03-02,6,5,150.0
2024-03-03,6,5,151.0
2024-03-04,6,5,182.0
2024-03-05,6,5,194.0
2024-03-06,6,5,197.0
2024-03-07,6,5,187.0
2024-03-08,6,5,172.0
2024-03-09,6,5,164.0
2024-03-10,6,5,164.0
2024-03-11,6,5,179.0
2024-03-12,6,5,184.0
2024-03-13,6,5,193.0
2024-03-14,6,5,190.0
2024-03-15,6,5,155.0
2024-03-16,6,5,173.0
2024-03-17,6,5,163.0
2024-03-18,6,5,271.9877518994641
2024-03-19,6,5,284.8713822525966
2024-03-20,6,5,254.8095780952874
2024-03-21,6,5,259.1041215463316
2024-03-22,6,5,214.72717255220851
2024-03-23,6,5,226.17928842165963
2024-03-24,6,5,241.9259477421549
2024-03-25,6,5,184.0
2024-03-26,6,5,187.0
2024-03-27,6,5,194.0
2024-03-28,6,5,174.0
2024-03-29,6,5,170.0
2024-03-30,6,5,156.0
2024-03-31,6,5,168.0
2024-04-01,6,5,191.0
2024-04-02,6,5,186.0
2024-04-03,6,5,175.0
2024-04-04,6,5,184.0
2024-04-05,6,5,177.0
2024-04-06,6,5,153.0
2024-04-07,6,5,178.0
2024-04-08,6,5,170.0
2024-04-09,6,5,179.0
2024-04-10,6,5,171.0
2024-04-11,6,5,185.0
2024-04-12,6,5,189.0
2024-04-13,6,5,166.0
2024-04-14,6,5,157.0
2024-04-15,6,5,181.0
2024-04-16,6,5,195.0
2024-04-17,6,5,201.0
2024-04-18,6,5,168.0
2024-04-19,6,5,185.0
2024-04-20,6,5,164.0
2024-04-21,6,5,182.0
2024-04-22,6,5,176.0
2024-04-23,6,5,191.0
2024-04-24,6,5,178.0
2024-04-25,6,5,190.0
2024-04-26,6,5,157.0
2024-04-27,6,5,163.0
2024-04-28,6,5,159.0
2024-04-29,6,5,173.0
2024-04-30,6,5,195.0
2024-05-01,6,5,183.0
2024-05-02,6,5,190.0
2024-05-03,6,5,162.0
2024-05-04,6,5,160.0
2024-05-05,6,5,184.0
2024-05-06,6,5,173.0
2024-05-07,6,5,182.0
2024-05-08,6,5,186.0
2024-05-09,6,5,174.0
2024-05-10,6,5,154.0
2024-05-11,6,5,179.0
2024-05-12,6,5,155.0
2024-05-13,6,5,154.0
2024-05-14,6,5,179.0
2024-05-15,6,5,186.0
2024-05-16,6,5,173.0
2024-05-17,6,5,162.0
2024-05-18,6,5,153.0
2024-05-19,6,5,162.0
2024-05-20,6,5,176.0
2024-05-21,6,5,176.0
2024-05-22,6,5,207.0
2024-05-23,6,5,183.0
2024-05-24,6,5,160.0
2024-05-25,6,5,139.0
2024-05-26,6,5,156.0
2024-05-27,6,5,174.0
2024-05-28,6,5,184.0
2024-05-29,6,5,158.0
2024-05-30,6,5,171.0
2024-05-31,6,5,153.0
2024-06-01,6,5,166.0
2024-06-02,6,5,153.0
2024-06-03,6,5,139.0
2024-06-04,6,5,177.0
2024-06-05,6,5,155.0
2024-06-06,6,5,172.0
2024-06-07,6,5,182.0
2024-06-08,6,5,161.0
2024-06-09,6,5,152.0
2024-06-10,6,5,153.0
2024-06-11,6,5,183.0
2024-06-12,6,5,179.0
2024-06-13,6,5,161.0
2024-06-14,6,5,146.0
2024-06-15,6,5,134.0
2024-06-16,6,5,150.0
2024-06-17,6,5,152.0
2024-06-18,6,5,168.0
2024-06-19,6,5,178.0
2024-06-20,6,5,156.0
2024-06-21,6,5,155.0
2024-06-22,6,5,153.0
2024-06-23,6,5,147.0
2024-06-24,6,5,160.0
2024-06-25,6,5,168.0
2024-06-26,6,5,166.0
2024-06-27,6,5,166.0
2024-06-28,6,5,162.0
2024-06-29,6,5,146.0
2024-06-30,6,5,138.0
2024-07-01,6,5,148.0
2024-07-02,6,5,159.0
2024-07-03,6,5,172.0
2024-07-04,6,5,149.0
2024-07-05,6,5,131.0
2024-07-06,6,5,139.0
2024-07-07,6,5,137.0
2024-07-08,6,5,162.0
2024-07-09,6,5,133.0
2024-07-10,6,5,161.0
2024-07-11,6,5,147.0
2024-07-12,6,5,147.0
2024-07-13,6,5,128.0
2024-07-14,6,5,127.0
2024-07-15,6,5,153.0
2024-07-16,6,5,167.0
2024-07-17,6,5,155.0
2024-07-18,6,5,147.0
2024-07-19,6,5,149.0
2024-07-20,6,5,140.0
2024-07-21,6,5,141.0
2024-07-22,6,5,136.0
2024-07-23,6,5,144.0
2024-07-24,6,5,170.0
2024-07-25,6,5,151.0
2024-07-26,6,5,125.0
2024-07-27,6,5,124.0
2024-07-28,6,5,128.0
2024-07-29,6,5,136.0
2024-07-30,6,5,144.0
2024-07-31,6,5,163.0
2024-08-01,6,5,147.0
2024-08-02,6,5,153.0
2024-08-03,6,5,135.0
2024-08-04,6,5,126.0
2024-08-05,6,5,149.0
2024-08-06,6,5,148.0
2024-08-07,6,5,172.0
2024-08-08,6,5,136.0
2024-08-09,6,5,132.0
2024-08-10,6,5,113.0
2024-08-11,6,5,118.0
2024-08-12,6,5,128.0
2024-08-13,6,5,155.0
2024-08-14,6,5,147.0
2024-08-15,6,5,111.0
2024-08-16,6,5,126.0
2024-08-17,6,5,107.0
2024-08-18,6,5,115.0
2024-08-19,6,5,142.0
2024-08-20,6,5,126.0
2024-08-21,6,5,130.0
2024-08-22,6,5,117.0
2024-08-23,6,5,118.0
2024-08-24,6,5,97.0
2024-08-25,6,5,45.54201975168153
2024-08-26,6,5,56.92752468960191
2024-08-27,6,5,64.21424784987096
2024-08-28,6,5,59.6600458747028
2024-08-29,6,5,62.392567059803696
2024-08-30,6,5,55.56126409705146
2024-08-31,6,5,54.19500350450102
2024-09-01,6,5,105.0
2024-09-02,6,5,147.0
2024-09-03,6,5,125.0
2024-09-04,6,5,132.0
2024-09-05,6,5,137.0
2024-09-06,6,5,120.0
2024-09-07,6,5,121.0
2024-09-08,6,5,111.0
2024-09-09,6,5,112.0
2024-09-10,6,5,119.0
2024-09-11,6,5,156.0
2024-09-12,6,5,127.0
2024-09-13,6,5,116.0
2024-09-14,6,5,129.0
2024-09-15,6,5,108.0
2024-09-16,6,5,124.0
2024-09-17,6,5,124.0
2024-09-18,6,5,123.0
2024-09-19,6,5,149.0
2024-09-20,6,5,137.0
2024-09-21,6,5,121.0
2024-09-22,6,5,123.0
2024-09-23,6,5,131.0
2024-09-24,6,5,126.0
2024-09-25,6,5,140.0
2024-09-26,6,5,124.0
2024-09-27,6,5,90.0
2024-09-28,6,5,122.0
2024-09-29,6,5,118.0
2024-09-30,6,5,109.0
2024-10-01,6,5,130.0
2024-10-02,6,5,148.0
2024-10-03,6,5,131.0
2024-10-04,6,5,100.0
2024-10-05,6,5,97.0
2024-10-06,6,5,132.0
2024-10-07,6,5,124.0
2024-10-08,6,5,145.0
2024-10-09,6,5,156.0
2024-10-10,6,5,125.0
2024-10-11,6,5,122.0
2024-10-12,6,5,90.0
2024-10-13,6,5,107.0
2024-10-14,6,5,130.0
2024-10-15,6,5,133.0
2024-10-16,6,5,143.0
2024-10-17,6,5,140.0
2024-10-18,6,5,125.0
2024-10-19,6,5,115.0
2024-10-20,6,5,117.0
2024-10-21,6,5,120.0
2024-10-22,6,5,127.0
2024-10-23,6,5,153.0
2024-10-24,6,5,140.0
2024-10-25,6,5,112.0
2024-10-26,6,5,114.0
2024-10-27,6,5,102.0
2024-10-28,6,5,122.0
2024-10-29,6,5,144.0
2024-10-30,6,5,144.0
2024-10-31,6,5,135.0
2024-11-01,6,5,113.0
2024-11-02,6,5,104.0
2024-11-03,6,5,128.0
2024-11-04,6,5,147.0
2024-11-05,6,5,146.0
2024-11-06,6,5,141.0
2024-11-07,6,5,149.0
2024-11-08,6,5,115.0
2024-11-09,6,5,128.0
2024-11-10,6,5,114.0
2024-11-11,6,5,125.0
2024-11-12,6,5,139.0
2024-11-13,6,5,144.0
2024-11-14,6,5,148.0
2024-11-15,6,5,113.0
2024-11-16,6,5,113.0
2024-11-17,6,5,125.0
2024-11-18,6,5,140.0
2024-11-19,6,5,127.0
2024-11-20,6,5,140.0
2024-11-21,6,5,123.0
2024-11-22,6,5,122.0
2024-11-23,6,5,118.0
2024-11-24,6,5,131.0
2024-11-25,6,5,113.0
2024-11-26,6,5,154.0
2024-11-27,6,5,145.0
2024-11-28,6,5,140.0
2024-11-29,6,5,142.0
2024-11-30,6,5,139.0
2024-12-01,6,5,122.0
2024-12-02,6,5,133.0
2024-12-03,6,5,147.0
2024-12-04,6,5,147.0
2024-12-05,6,5,132.0
2024-12-06,6,5,135.0
2024-12-07,6,5,122.0
2024-12-08,6,5,133.0
2024-12-09,6,5,161.0
2024-12-10,6,5,153.0
2024-12-11,6,5,149.0
2024-12-12,6,5,147.0
2024-12-13,6,5,140.0
2024-12-14,6,5,130.0
2024-12-15,6,5,129.0
2024-12-16,6,5,129.0
2024-12-17,6,5,164.0
2024-12-18,6,5,151.0
2024-12-19,6,5,169.0
2024-12-20,6,5,139.0
2024-12-21,6,5,130.0
2024-12-22,6,5,134.0
2024-12-23,6,5,151.0
2024-12-24,6,5,152.0
2024-12-25,6,5,157.0
2024-12-26,6,5,164.0
2024-12-27,6,5,135.0
2024-12-28,6,5,145.0
2024-12-29,6,5,151.0
2024-12-30,6,5,160.0
2024-12-31,6,5,167.0
2025-01-01,6,5,149.0
2025-01-02,6,5,148.0
2025-01-03,6,5,136.0
2025-01-04,6,5,139.0
2025-01-05,6,5,146.0
2025-01-06,6,5,145.0
2025-01-07,6,5,167.0
2025-01-08,6,5,179.0
2025-01-09,6,5,154.0
2025-01-10,6,5,145.0
2025-01-11,6,5,159.0
2025-01-12,6,5,140.0
2025-01-13,6,5,164.0
2025-01-14,6,5,185.0
2025-01-15,6,5,163.0
2025-01-16,6,5,157.0
2025-01-17,6,5,154.0
2025-01-18,6,5,151.0
2025-01-19,6,5,146.0
2025-01-20,6,5,185.0
2025-01-21,6,5,181.0
2025-01-22,6,5,170.0
2025-01-23,6,5,157.0
2025-01-24,6,5,160.0
2025-01-25,6,5,158.0
2025-01-26,6,5,176.0
2025-01-27,6,5,168.0
2025-01-28,6,5,176.0
2025-01-29,6,5,172.0
2025-01-30,6,5,179.0
2025-01-31,6,5,174.0
2025-02-01,6,5,138.0
2025-02-02,6,5,160.0
2025-02-03,6,5,160.0
2025-02-04,6,5,168.0
2025-02-05,6,5,202.0
2025-02-06,6,5,187.0
2025-02-07,6,5,160.0
2025-02-08,6,5,158.0
2025-02-09,6,5,159.0
2025-02-10,6,5,162.0
2025-02-11,6,5,179.0
2025-02-12,6,5,196.0
2025-02-13,6,5,175.0
2025-02-14,6,5,174.0
2025-02-15,6,5,156.0
2025-02-16,6,5,153.0
2025-02-17,6,5,189.0
2025-02-18,6,5,165.0
2025-02-19,6,5,209.0
2025-02-20,6,5,194.0
2025-02-21,6,5,174.0
2025-02-22,6,5,160.0
2025-02-23,6,5,164.0
2025-02-24,6,5,181.0
2025-02-25,6,5,191.0
2025-02-26,6,5,183.0
2025-02-27,6,5,186.0
2025-02-28,6,5,177.0
2025-03-01,6,5,164.0
2025-03-02,6,5,193.0
2025-03-03,6,5,179.0
2025-03-04,6,5,173.0
2025-03-05,6,5,184.0
2025-03-06,6,5,195.0
2025-03-07,6,5,168.0
2025-03-08,6,5,158.0
2025-03-09,6,5,186.0
2025-03-10,6,5,184.0
2025-03-11,6,5,187.0
2025-03-12,6,5,167.0
2025-03-13,6,5,195.0
2025-03-14,6,5,177.0
2025-03-15,6,5,183.0
2025-03-16,6,5,161.0
2025-03-17,6,5,180.0
2025-03-18,6,5,197.0
2025-03-19,6,5,210.0
2025-03-20,6,5,193.0
2025-03-21,6,5,171.0
2025-03-22,6,5,184.0
2025-03-23,6,5,170.0
2025-03-24,6,5,186.0
2025-03-25,6,5,203.0
2025-03-26,6,5,214.0
2025-03-27,6,5,194.0
2025-03-28,6,5,206.0
2025-03-29,6,5,170.0
2025-03-30,6,5,177.0
2025-03-31,6,5,178.0
2025-04-01,6,5,199.0
2025-04-02,6,5,201.0
2025-04-03,6,5,202.0
2025-04-04,6,5,184.0
2025-04-05,6,5,166.0
2025-04-06,6,5,177.0
2025-04-07,6,5,178.0
2025-04-08,6,5,201.0
2025-04-09,6,5,192.0
2025-04-10,6,5,176.0
2025-04-11,6,5,167.0
2025-04-12,6,5,159.0
2025-04-13,6,5,168.0
2025-04-14,6,5,176.0
2025-04-15,6,5,195.0
2025-04-16,6,5,194.0
2025-04-17,6,5,195.0
2025-04-18,6,5,182.0
2025-04-19,6,5,167.0
2025-04-20,6,5,186.0
2025-04-21,6,5,174.0
2025-04-22,6,5,205.0
2025-04-23,6,5,198.0
2025-04-24,6,5,185.0
2025-04-25,6,5,189.0
2025-04-26,6,5,175.0
2025-04-27,6,5,161.0
2025-04-28,6,5,186.0
2025-04-29,6,5,197.0
2025-04-30,6,5,206.0
2025-05-01,6,5,194.0
2025-05-02,6,5,183.0
2025-05-03,6,5,163.0
2025-05-04,6,5,168.0
2025-05-05,6,5,178.0
2025-05-06,6,5,175.0
2025-05-07,6,5,207.0
2025-05-08,6,5,174.0
2025-05-09,6,5,177.0
2025-05-10,6,5,163.0
2025-05-11,6,5,166.0
2025-05-12,6,5,186.0
2025-05-13,6,5,181.0
2025-05-14,6,5,197.0
2025-05-15,6,5,189.0
2025-05-16,6,5,164.0
2025-05-17,6,5,174.0
2025-05-18,6,5,181.0
2025-05-19,6,5,198.0
2025-05-20,6,5,184.0
2025-05-21,6,5,191.0
2025-05-22,6,5,184.0
2025-05-23,6,5,176.0
2025-05-24,6,5,180.0
2025-05-25,6,5,169.0
2025-05-26,6,5,180.0
2025-05-27,6,5,173.0
2025-05-28,6,5,208.0
2025-05-29,6,5,174.0
2025-05-30,6,5,139.0
2025-05-31,6,5,135.0
2025-06-01,6,5,165.0
2025-06-02,6,5,158.0
2025-06-03,6,5,182.0
2025-06-04,6,5,169.0
2025-06-05,6,5,180.0
2025-06-06,6,5,170.0
2025-06-07,6,5,158.0
2025-06-08,6,5,151.0
2025-06-09,6,5,178.0
2025-06-10,6,5,175.0
2025-06-11,6,5,179.0
2025-06-12,6,5,168.0
2025-06-13,6,5,158.0
2025-06-14,6,5,173.0
2025-06-15,6,5,155.0
2025-06-16,6,5,152.0
2025-06-17,6,5,166.0
2025-06-18,6,5,175.0
2025-06-19,6,5,162.0
2025-06-20,6,5,168.0
2025-06-21,6,5,135.0
2025-06-22,6,5,151.0
2025-06-23,6,5,173.0
2025-06-24,6,5,166.0
2025-06-25,6,5,179.0
2025-06-26,6,5,167.0
2025-06-27,6,5,154.0
2025-06-28,6,5,152.0
2025-06-29,6,5,130.0
2025-06-30,6,5,172.0
2025-07-01,6,5,150.0
2025-07-02,6,5,183.0
2025-07-03,6,5,168.0
2025-07-04,6,5,156.0
2025-07-05,6,5,160.0
2025-07-06,6,5,158.0
2025-07-07,6,5,164.0
2025-07-08,6,5,163.0
2025-07-09,6,5,165.0
2025-07-10,6,5,169.0
2025-07-11,6,5,153.0
2025-07-12,6,5,143.0
2025-07-13,6,5,142.0
2025-07-14,6,5,148.0
2025-07-15,6,5,148.0
2025-07-16,6,5,172.0
2025-07-17,6,5,155.0
2025-07-18,6,5,142.0
2025-07-19,6,5,118.0
2025-07-20,6,5,140.0
2025-07-21,6,5,135.0
2025-07-22,6,5,155.0
2025-07-23,6,5,170.0
2025-07-24,6,5,155.0
2025-07-25,6,5,141.0
2025-07-26,6,5,126.0
2025-07-27,6,5,130.0
2025-07-28,6,5,163.0
2025-07-29,6,5,165.0
2025-07-30,6,5,154.0
2025-07-31,6,5,150.0
2025-08-01,6,5,141.0
2025-08-02,6,5,136.0
2025-08-03,6,5,133.0
2025-08-04,6,5,125.0
2025-08-05,6,5,154.0
2025-08-06,6,5,155.0
2025-08-07,6,5,170.0
2025-08-08,6,5,164.0
2025-08-09,6,5,135.0
2025-08-10,6,5,124.0
2025-08-11,6,5,148.0
2025-08-12,6,5,134.0
2025-08-13,6,5,148.0
2025-08-14,6,5,129.0
2025-08-15,6,5,139.0
2025-08-16,6,5,113.0
2025-08-17,6,5,125.0
2025-08-18,6,5,138.0
2025-08-19,6,5,149.0
2025-08-20,6,5,147.0
2025-08-21,6,5,147.0
2025-08-22,6,5,119.0
2025-08-23,6,5,142.0
2025-08-24,6,5,115.0
2025-08-25,6,5,137.0
2025-08-26,6,5,154.0
2025-08-27,6,5,157.0
2025-08-28,6,5,150.0
2025-08-29,6,5,113.0
2025-08-30,6,5,113.0
2025-08-31,6,5,126.0
2025-09-01,6,5,140.0
2025-09-02,6,5,159.0
2025-09-03,6,5,143.0
2025-09-04,6,5,131.0
2025-09-05,6,5,123.0
2025-09-06,6,5,144.0
2025-09-07,6,5,139.0
2025-09-08,6,5,132.0
2025-09-09,6,5,158.0
2025-09-10,6,5,141.0
2025-09-11,6,5,149.0
2025-09-12,6,5,113.0
2025-09-13,6,5,123.0
2025-09-14,6,5,133.0
2025-09-15,6,5,129.0
2025-09-16,6,5,150.0
2025-09-17,6,5,140.0
2025-09-18,6,5,142.0
2025-09-19,6,5,121.0
2025-09-20,6,5,127.0
2025-09-21,6,5,108.0
2025-09-22,6,5,122.0
2025-09-23,6,5,156.0
2025-09-24,6,5,120.0
2025-09-25,6,5,131.0
2025-09-26,6,5,125.0
2025-09-27,6,5,122.0
2025-09-28,6,5,116.0
2025-09-29,6,5,120.0
2025-09-30,6,5,155.0
2025-10-01,6,5,156.0
2025-10-02,6,5,134.0
2025-10-03,6,5,108.0
2025-10-04,6,5,122.0
2025-10-05,6,5,123.0
2025-10-06,6,5,125.0
2025-10-07,6,5,123.0
2025-10-08,6,5,143.0
2025-10-09,6,5,146.0
2025-10-10,6,5,136.0
2025-10-11,6,5,119.0
2025-10-12,6,5,116.0
2025-10-13,6,5,141.0
2025-10-14,6,5,132.0
2025-10-15,6,5,132.0
2025-10-16,6,5,138.0
2025-10-17,6,5,144.0
2025-10-18,6,5,137.0
2025-10-19,6,5,109.0
2025-10-20,6,5,129.0
2025-10-21,6,5,170.0
2025-10-22,6,5,141.0
2025-10-23,6,5,157.0
2025-10-24,6,5,139.0
2025-10-25,6,5,134.0
2025-10-26,6,5,120.0
2025-10-27,6,5,131.0
2025-10-28,6,5,137.0
2025-10-29,6,5,158.0
2025-10-30,6,5,125.0
2025-10-31,6,5,129.0
2025-11-01,6,5,141.0
2025-11-02,6,5,133.0
2025-11-03,6,5,148.0
2025-11-04,6,5,131.0
2025-11-05,6,5,141.0
2025-11-06,6,5,157.0
2025-11-07,6,5,134.0
2025-11-08,6,5,115.0
2025-11-09,6,5,135.0
2025-11-10,6,5,134.0
2025-11-11,6,5,177.0
2025-11-12,6,5,160.0
2025-11-13,6,5,137.0
2025-11-14,6,5,144.0
2025-11-15,6,5,145.0
2025-11-16,6,5,131.0
2025-11-17,6,5,134.0
2025-11-18,6,5,154.0
2025-11-19,6,5,150.0
2025-11-20,6,5,147.0
2025-11-21,6,5,123.0
2025-11-22,6,5,140.0
2025-11-23,6,5,122.0
2025-11-24,6,5,151.0
2025-11-25,6,5,153.0
2025-11-26,6,5,161.0
2025-11-27,6,5,147.0
2025-11-28,6,5,143.0
2025-11-29,6,5,138.0
2025-11-30,6,5,133.0
2025-12-01,6,5,130.0
2025-12-02,6,5,163.0
2025-12-03,6,5,166.0
2025-12-04,6,5,140.0
2025-12-05,6,5,134.0
2025-12-06,6,5,133.0
2025-12-07,6,5,116.0
2025-12-08,6,5,159.0
2025-12-09,6,5,157.0
2025-12-10,6,5,169.0
2025-12-11,6,5,148.0
2025-12-12,6,5,168.0
2025-12-13,6,5,126.0
2025-12-14,6,5,138.0
2025-12-15,6,5,167.0
2025-12-16,6,5,154.0
2025-12-17,6,5,170.0
2025-12-18,6,5,169.0
2025-12-19,6,5,135.0
2025-12-20,6,5,137.0
2025-12-21,6,5,149.0
2025-12-22,6,5,163.0
2025-12-23,6,5,161.0
2025-12-24,6,5,192.0
2025-12-25,6,5,171.0
2025-12-26,6,5,162.0
2025-12-27,6,5,155.0
2025-12-28,6,5,134.0
2025-12-29,6,5,161.0
2025-12-30,6,5,173.0
2024-01-01,7,1,123.0
2024-01-02,7,1,136.0
2024-01-03,7,1,150.0
2024-01-04,7,1,159.0
2024-01-05,7,1,123.0
2024-01-06,7,1,116.0
2024-01-07,7,1,124.0
2024-01-08,7,1,129.0
2024-01-09,7,1,154.0
2024-01-10,7,1,150.0
2024-01-11,7,1,150.0
2024-01-12,7,1,133.0
2024-01-13,7,1,122.0
2024-01-14,7,1,125.0
2024-01-15,7,1,155.0
2024-01-16,7,1,158.0
2024-01-17,7,1,164.0
2024-01-18,7,1,153.0
2024-01-19,7,1,127.0
2024-01-20,7,1,119.0
2024-01-21,7,1,121.0
2024-01-22,7,1,139.0
2024-01-23,7,1,157.0
2024-01-24,7,1,164.0
2024-01-25,7,1,154.0
2024-01-26,7,1,143.0
2024-01-27,7,1,139.0
2024-01-28,7,1,141.0
2024-01-29,7,1,151.0
2024-01-30,7,1,159.0
2024-01-31,7,1,177.0
2024-02-01,7,1,155.0
2024-02-02,7,1,146.0
2024-02-03,7,1,135.0
2024-02-04,7,1,130.0
2024-02-05,7,1,149.0
2024-02-06,7,1,173.0
2024-02-07,7,1,172.0
2024-02-08,7,1,185.0
2024-02-09,7,1,144.0
2024-02-10,7,1,130.0
2024-02-11,7,1,142.0
2024-02-12,7,1,155.0
2024-02-13,7,1,160.0
2024-02-14,7,1,183.0
2024-02-15,7,1,174.0
2024-02-16,7,1,157.0
2024-02-17,7,1,143.0
2024-02-18,7,1,144.0
2024-02-19,7,1,162.0
2024-02-20,7,1,175.0
2024-02-21,7,1,176.0
2024-02-22,7,1,182.0
2024-02-23,7,1,163.0
2024-02-24,7,1,149.0
2024-02-25,7,1,145.0
2024-02-26,7,1,168.0
2024-02-27,7,1,178.0
2024-02-28,7,1,182.0
2024-02-29,7,1,173.0
2024-03-01,7,1,160.0
2024-03-02,7,1,144.0
2024-03-03,7,1,150.0
2024-03-04,7,1,176.0
2024-03-05,7,1,170.0
2024-03-06,7,1,194.0
2024-03-07,7,1,175.0
2024-03-08,7,1,156.0
2024-03-09,7,1,147.0
2024-03-10,7,1,153.0
2024-03-11,7,1,175.0
2024-03-12,7,1,186.0
2024-03-13,7,1,185.0
2024-03-14,7,1,183.0
2024-03-15,7,1,161.0
2024-03-16,7,1,155.0
2024-03-17,7,1,157.0
2024-03-18,7,1,163.0
2024-03-19,7,1,190.0
2024-03-20,7,1,178.0
2024-03-21,7,1,179.0
2024-03-22,7,1,155.0
2024-03-23,7,1,138.0
2024-03-24,7,1,158.0
2024-03-25,7,1,178.0
2024-03-26,7,1,187.0
2024-03-27,7,1,201.0
2024-03-28,7,1,181.0
2024-03-29,7,1,165.0
2024-03-30,7,1,147.0
2024-03-31,7,1,161.0
2024-04-01,7,1,176.0
2024-04-02,7,1,185.0
2024-04-03,7,1,182.0
2024-04-04,7,1,170.0
2024-04-05,7,1,172.0
2024-04-06,7,1,145.0
2024-04-07,7,1,169.0
2024-04-08,7,1,261.17547624593567
2024-04-09,7,1,290.89005138768886
2024-04-10,7,1,333.11602658912756
2024-04-11,7,1,278.3786513280033
2024-04-12,7,1,245.53622617132876
2024-04-13,7,1,236.15267612656461
2024-04-14,7,1,228.33305108926115
2024-04-15,7,1,267.43117627577845
2024-04-16,7,1,294.0179014026102
2024-04-17,7,1,199.0
2024-04-18,7,1,185.0
2024-04-19,7,1,165.0
2024-04-20,7,1,169.0
2024-04-21,7,1,161.0
2024-04-22,7,1,182.0
2024-04-23,7,1,194.0
2024-04-24,7,1,201.0
2024-04-25,7,1,188.0
2024-04-26,7,1,169.0
2024-04-27,7,1,156.0
2024-04-28,7,1,166.0
2024-04-29,7,1,166.0
2024-04-30,7,1,180.0
2024-05-01,7,1,178.0
2024-05-02,7,1,182.0
2024-05-03,7,1,170.0
2024-05-04,7,1,143.0
2024-05-05,7,1,149.0
2024-05-06,7,1,179.0
2024-05-07,7,1,189.0
2024-05-08,7,1,192.0
2024-05-09,7,1,180.0
2024-05-10,7,1,158.0
2024-05-11,7,1,137.0
2024-05-12,7,1,156.0
2024-05-13,7,1,182.0
2024-05-14,7,1,184.0
2024-05-15,7,1,177.0
2024-05-16,7,1,173.0
2024-05-17,7,1,164.0
2024-05-18,7,1,154.0
2024-05-19,7,1,161.0
2024-05-20,7,1,172.0
2024-05-21,7,1,165.0
2024-05-22,7,1,184.0
2024-05-23,7,1,161.0
2024-05-24,7,1,159.0
2024-05-25,7,1,149.0
2024-05-26,7,1,141.0
2024-05-27,7,1,159.0
2024-05-28,7,1,172.0
2024-05-29,7,1,186.0
2024-05-30,7,1,168.0
2024-05-31,7,1,147.0
2024-06-01,7,1,146.0
2024-06-02,7,1,148.0
2024-06-03,7,1,164.0
2024-06-04,7,1,162.0
2024-06-05,7,1,172.0
2024-06-06,7,1,171.0
2024-06-07,7,1,136.0
2024-06-08,7,1,125.0
2024-06-09,7,1,135.0
2024-06-10,7,1,161.0
2024-06-11,7,1,170.0
2024-06-12,7,1,177.0
2024-06-13,7,1,155.0
2024-06-14,7,1,137.0
2024-06-15,7,1,144.0
2024-06-16,7,1,140.0
2024-06-17,7,1,144.0
2024-06-18,7,1,152.0
2024-06-19,7,1,159.0
2024-06-20,7,1,151.0
2024-06-21,7,1,132.0
2024-06-22,7,1,130.0
2024-06-23,7,1,138.0
2024-06-24,7,1,147.0
2024-06-25,7,1,159.0
2024-06-26,7,1,168.0
2024-06-27,7,1,152.0
2024-06-28,7,1,125.0
2024-06-29,7,1,128.0
2024-06-30,7,1,132.0
2024-07-01,7,1,153.0
2024-07-02,7,1,166.0
2024-07-03,7,1,158.0
2024-07-04,7,1,150.0
2024-07-05,7,1,134.0
2024-07-06,7,1,124.0
2024-07-07,7,1,137.0
2024-07-08,7,1,140.0
2024-07-09,7,1,151.0
2024-07-10,7,1,168.0
2024-07-11,7,1,156.0
2024-07-12,7,1,136.0
2024-07-13,7,1,107.0
2024-07-14,7,1,123.0
2024-07-15,7,1,135.0
2024-07-16,7,1,155.0
2024-07-17,7,1,149.0
2024-07-18,7,1,150.0
2024-07-19,7,1,129.0
2024-07-20,7,1,121.0
2024-07-21,7,1,113.0
2024-07-22,7,1,135.0
2024-07-23,7,1,154.0
2024-07-24,7,1,133.0
2024-07-25,7,1,145.0
2024-07-26,7,1,120.0
2024-07-27,7,1,111.0
2024-07-28,7,1,124.0
2024-07-29,7,1,138.0
2024-07-30,7,1,140.0
2024-07-31,7,1,136.0
2024-08-01,7,1,136.0
2024-08-02,7,1,127.0
2024-08-03,7,1,118.0
2024-08-04,7,1,97.0
2024-08-05,7,1,131.0
2024-08-06,7,1,145.0
2024-08-07,7,1,151.0
2024-08-08,7,1,134.0
2024-08-09,7,1,104.0
2024-08-10,7,1,102.0
2024-08-11,7,1,102.0
2024-08-12,7,1,116.0
2024-08-13,7,1,144.0
2024-08-14,7,1,141.0
2024-08-15,7,1,134.0
2024-08-16,7,1,122.0
2024-08-17,7,1,90.0
2024-08-18,7,1,118.0
2024-08-19,7,1,134.0
2024-08-20,7,1,123.0
2024-08-21,7,1,145.0
2024-08-22,7,1,143.0
2024-08-23,7,1,101.0
2024-08-24,7,1,92.0
2024-08-25,7,1,110.0
2024-08-26,7,1,122.0
2024-08-27,7,1,136.0
2024-08-28,7,1,136.0
2024-08-29,7,1,128.0
2024-08-30,7,1,91.0
2024-08-31,7,1,90.0
2024-09-01,7,1,101.0
2024-09-02,7,1,102.0
2024-09-03,7,1,132.0
2024-09-04,7,1,136.0
2024-09-05,7,1,120.0
2024-09-06,7,1,103.0
2024-09-07,7,1,90.0
2024-09-08,7,1,97.0
2024-09-09,7,1,119.0
2024-09-10,7,1,134.0
2024-09-11,7,1,142.0
2024-09-12,7,1,123.0
2024-09-13,7,1,110.0
2024-09-14,7,1,86.0
2024-09-15,7,1,102.0
2024-09-16,7,1,114.0
2024-09-17,7,1,134.0
2024-09-18,7,1,132.0
2024-09-19,7,1,121.0
2024-09-20,7,1,101.0
2024-09-21,7,1,103.0
2024-09-22,7,1,95.0
2024-09-23,7,1,129.0
2024-09-24,7,1,121.0
2024-09-25,7,1,143.0
2024-09-26,7,1,108.0
2024-09-27,7,1,105.0
2024-09-28,7,1,92.0
2024-09-29,7,1,103.0
2024-09-30,7,1,121.0
2024-10-01,7,1,145.0
2024-10-02,7,1,131.0
2024-10-03,7,1,119.0
2024-10-04,7,1,113.0
2024-10-05,7,1,96.0
2024-10-06,7,1,96.0
2024-10-07,7,1,113.0
2024-10-08,7,1,126.0
2024-10-09,7,1,123.0
2024-10-10,7,1,136.0
2024-10-11,7,1,112.0
2024-10-12,7,1,86.0
2024-10-13,7,1,113.0
2024-10-14,7,1,118.0
2024-10-15,7,1,131.0
2024-10-16,7,1,141.0
2024-10-17,7,1,123.0
2024-10-18,7,1,100.0
2024-10-19,7,1,95.0
2024-10-20,7,1,103.0
2024-10-21,7,1,112.0
2024-10-22,7,1,138.0
2024-10-23,7,1,148.0
2024-10-24,7,1,126.0
2024-10-25,7,1,95.0
2024-10-26,7,1,100.0
2024-10-27,7,1,99.0
2024-10-28,7,1,120.0
2024-10-29,7,1,135.0
2024-10-30,7,1,135.0
2024-10-31,7,1,121.0
2024-11-01,7,1,114.0
2024-11-02,7,1,98.0
2024-11-03,7,1,121.0
2024-11-04,7,1,126.0
2024-11-05,7,1,134.0
2024-11-06,7,1,140.0
2024-11-07,7,1,132.0
2024-11-08,7,1,118.0
2024-11-09,7,1,111.0
2024-11-10,7,1,119.0
2024-11-11,7,1,126.0
2024-11-12,7,1,146.0
2024-11-13,7,1,150.0
2024-11-14,7,1,137.0
2024-11-15,7,1,119.0
2024-11-16,7,1,111.0
2024-11-17,7,1,110.0
2024-11-18,7,1,122.0
2024-11-19,7,1,157.0
2024-11-20,7,1,152.0
2024-11-21,7,1,142.0
2024-11-22,7,1,122.0
2024-11-23,7,1,117.0
2024-11-24,7,1,117.0
2024-11-25,7,1,123.0
2024-11-26,7,1,146.0
2024-11-27,7,1,159.0
2024-11-28,7,1,140.0
2024-11-29,7,1,115.0
2024-11-30,7,1,116.0
2024-12-01,7,1,110.0
2024-12-02,7,1,136.0
2024-12-03,7,1,163.0
2024-12-04,7,1,149.0
2024-12-05,7,1,153.0
2024-12-06,7,1,145.0
2024-12-07,7,1,131.0
2024-12-08,7,1,125.0
2024-12-09,7,1,136.0
2024-12-10,7,1,160.0
2024-12-11,7,1,164.0
2024-12-12,7,1,160.0
2024-12-13,7,1,137.0
2024-12-14,7,1,130.0
2024-12-15,7,1,124.0
2024-12-16,7,1,152.0
2024-12-17,7,1,154.0
2024-12-18,7,1,163.0
2024-12-19,7,1,162.0
2024-12-20,7,1,151.0
2024-12-21,7,1,136.0
2024-12-22,7,1,136.0
2024-12-23,7,1,152.0
2024-12-24,7,1,161.0
2024-12-25,7,1,170.0
2024-12-26,7,1,148.0
2024-12-27,7,1,158.0
2024-12-28,7,1,152.0
2024-12-29,7,1,126.0
2024-12-30,7,1,146.0
2024-12-31,7,1,182.0
2025-01-01,7,1,171.0
2025-01-02,7,1,177.0
2025-01-03,7,1,156.0
2025-01-04,7,1,138.0
2025-01-05,7,1,152.0
2025-01-06,7,1,161.0
2025-01-07,7,1,177.0
2025-01-08,7,1,186.0
2025-01-09,7,1,178.0
2025-01-10,7,1,163.0
2025-01-11,7,1,163.0
2025-01-12,7,1,153.0
2025-01-13,7,1,175.0
2025-01-14,7,1,191.0
2025-01-15,7,1,191.0
2025-01-16,7,1,173.0
2025-01-17,7,1,168.0
2025-01-18,7,1,153.0
2025-01-19,7,1,145.0
2025-01-20,7,1,178.0
2025-01-21,7,1,175.0
2025-01-22,7,1,196.0
2025-01-23,7,1,177.0
2025-01-24,7,1,166.0
2025-01-25,7,1,144.0
2025-01-26,7,1,154.0
2025-01-27,7,1,171.0
2025-01-28,7,1,190.0
2025-01-29,7,1,191.0
2025-01-30,7,1,188.0
2025-01-31,7,1,172.0
2025-02-01,7,1,156.0
2025-02-02,7,1,164.0
2025-02-03,7,1,183.0
2025-02-04,7,1,179.0
2025-02-05,7,1,203.0
2025-02-06,7,1,185.0
2025-02-07,7,1,153.0
2025-02-08,7,1,160.0
2025-02-09,7,1,160.0
2025-02-10,7,1,180.0
2025-02-11,7,1,202.0
2025-02-12,7,1,209.0
2025-02-13,7,1,203.0
2025-02-14,7,1,186.0
2025-02-15,7,1,159.0
2025-02-16,7,1,180.0
2025-02-17,7,1,178.0
2025-02-18,7,1,210.0
2025-02-19,7,1,211.0
2025-02-20,7,1,198.0
2025-02-21,7,1,174.0
2025-02-22,7,1,179.0
2025-02-23,7,1,167.0
2025-02-24,7,1,190.0
2025-02-25,7,1,206.0
2025-02-26,7,1,197.0
2025-02-27,7,1,201.0
2025-02-28,7,1,175.0
2025-03-01,7,1,183.0
2025-03-02,7,1,197.0
2025-03-03,7,1,187.0
2025-03-04,7,1,205.0
2025-03-05,7,1,214.0
2025-03-06,7,1,187.0
2025-03-07,7,1,197.0
2025-03-08,7,1,173.0
2025-03-09,7,1,176.0
2025-03-10,7,1,200.0
2025-03-11,7,1,211.0
2025-03-12,7,1,216.0
2025-03-13,7,1,210.0
2025-03-14,7,1,187.0
2025-03-15,7,1,169.0
2025-03-16,7,1,190.0
2025-03-17,7,1,193.0
2025-03-18,7,1,208.0
2025-03-19,7,1,218.0
2025-03-20,7,1,196.0
2025-03-21,7,1,191.0
2025-03-22,7,1,186.0
2025-03-23,7,1,194.0
2025-03-24,7,1,204.0
2025-03-25,7,1,221.0
2025-03-26,7,1,213.0
2025-03-27,7,1,213.0
2025-03-28,7,1,189.0
2025-03-29,7,1,188.0
2025-03-30,7,1,184.0
2025-03-31,7,1,207.0
2025-04-01,7,1,216.0
2025-04-02,7,1,213.0
2025-04-03,7,1,208.0
2025-04-04,7,1,188.0
2025-04-05,7,1,190.0
2025-04-06,7,1,174.0
2025-04-07,7,1,187.0
2025-04-08,7,1,217.0
2025-04-09,7,1,216.0
2025-04-10,7,1,199.0
2025-04-11,7,1,191.0
2025-04-12,7,1,182.0
2025-04-13,7,1,193.0
2025-04-14,7,1,186.0
2025-04-15,7,1,216.0
2025-04-16,7,1,230.0
2025-04-17,7,1,219.0
2025-04-18,7,1,191.0
2025-04-19,7,1,175.0
2025-04-20,7,1,181.0
2025-04-21,7,1,191.0
2025-04-22,7,1,210.0
2025-04-23,7,1,218.0
2025-04-24,7,1,210.0
2025-04-25,7,1,196.0
2025-04-26,7,1,178.0
2025-04-27,7,1,181.0
2025-04-28,7,1,204.0
2025-04-29,7,1,210.0
2025-04-30,7,1,221.0
2025-05-01,7,1,193.0
2025-05-02,7,1,191.0
2025-05-03,7,1,193.0
2025-05-04,7,1,174.0
2025-05-05,7,1,206.0
2025-05-06,7,1,216.0
2025-05-07,7,1,221.0
2025-05-08,7,1,208.0
2025-05-09,7,1,182.0
2025-05-10,7,1,166.0
2025-05-11,7,1,182.0
2025-05-12,7,1,193.0
2025-05-13,7,1,199.0
2025-05-14,7,1,209.0
2025-05-15,7,1,194.0
2025-05-16,7,1,198.0
2025-05-17,7,1,179.0
2025-05-18,7,1,169.0
2025-05-19,7,1,195.0
2025-05-20,7,1,198.0
2025-05-21,7,1,196.0
2025-05-22,7,1,194.0
2025-05-23,7,1,180.0
2025-05-24,7,1,173.0
2025-05-25,7,1,180.0
2025-05-26,7,1,186.0
2025-05-27,7,1,208.0
2025-05-28,7,1,195.0
2025-05-29,7,1,206.0
2025-05-30,7,1,167.0
2025-05-31,7,1,164.0
2025-06-01,7,1,165.0
2025-06-02,7,1,175.0
2025-06-03,7,1,203.0
2025-06-04,7,1,216.0
2025-06-05,7,1,179.0
2025-06-06,7,1,158.0
2025-06-07,7,1,158.0
2025-06-08,7,1,166.0
2025-06-09,7,1,188.0
2025-06-10,7,1,193.0
2025-06-11,7,1,187.0
2025-06-12,7,1,199.0
2025-06-13,7,1,165.0
2025-06-14,7,1,165.0
2025-06-15,7,1,156.0
2025-06-16,7,1,177.0
2025-06-17,7,1,196.0
2025-06-18,7,1,190.0
2025-06-19,7,1,189.0
2025-06-20,7,1,165.0
2025-06-21,7,1,154.0
2025-06-22,7,1,171.0
2025-06-23,7,1,178.0
2025-06-24,7,1,193.0
2025-06-25,7,1,198.0
2025-06-26,7,1,186.0
2025-06-27,7,1,167.0
2025-06-28,7,1,162.0
2025-06-29,7,1,150.0
2025-06-30,7,1,172.0
2025-07-01,7,1,184.0
2025-07-02,7,1,190.0
2025-07-03,7,1,173.0
2025-07-04,7,1,149.0
2025-07-05,7,1,155.0
2025-07-06,7,1,170.0
2025-07-07,7,1,175.0
2025-07-08,7,1,189.0
2025-07-09,7,1,187.0
2025-07-10,7,1,173.0
2025-07-11,7,1,156.0
2025-07-12,7,1,145.0
2025-07-13,7,1,144.0
2025-07-14,7,1,152.0
2025-07-15,7,1,180.0
2025-07-16,7,1,180.0
2025-07-17,7,1,179.0
2025-07-18,7,1,159.0
2025-07-19,7,1,127.0
2025-07-20,7,1,158.0
2025-07-21,7,1,156.0
2025-07-22,7,1,172.0
2025-07-23,7,1,166.0
2025-07-24,7,1,169.0
2025-07-25,7,1,153.0
2025-07-26,7,1,151.0
2025-07-27,7,1,148.0
2025-07-28,7,1,153.0
2025-07-29,7,1,159.0
2025-07-30,7,1,171.0
2025-07-31,7,1,172.0
2025-08-01,7,1,144.0
2025-08-02,7,1,127.0
2025-08-03,7,1,140.0
2025-08-04,7,1,151.0
2025-08-05,7,1,165.0
2025-08-06,7,1,166.0
2025-08-07,7,1,162.0
2025-08-08,7,1,151.0
2025-08-09,7,1,136.0
2025-08-10,7,1,122.0
2025-08-11,7,1,162.0
2025-08-12,7,1,171.0
2025-08-13,7,1,171.0
2025-08-14,7,1,161.0
2025-08-15,7,1,145.0
2025-08-16,7,1,133.0
2025-08-17,7,1,126.0
2025-08-18,7,1,152.0
2025-08-19,7,1,164.0
2025-08-20,7,1,170.0
2025-08-21,7,1,151.0
2025-08-22,7,1,146.0
2025-08-23,7,1,123.0
2025-08-24,7,1,131.0
2025-08-25,7,1,142.0
2025-08-26,7,1,154.0
2025-08-27,7,1,170.0
2025-08-28,7,1,150.0
2025-08-29,7,1,137.0
2025-08-30,7,1,115.0
2025-08-31,7,1,116.0
2025-09-01,7,1,157.0
2025-09-02,7,1,171.0
2025-09-03,7,1,158.0
2025-09-04,7,1,155.0
2025-09-05,7,1,132.0
2025-09-06,7,1,129.0
2025-09-07,7,1,120.0
2025-09-08,7,1,134.0
2025-09-09,7,1,158.0
2025-09-10,7,1,164.0
2025-09-11,7,1,146.0
2025-09-12,7,1,124.0
2025-09-13,7,1,132.0
2025-09-14,7,1,123.0
2025-09-15,7,1,139.0
2025-09-16,7,1,166.0
2025-09-17,7,1,177.0
2025-09-18,7,1,153.0
2025-09-19,7,1,140.0
2025-09-20,7,1,114.0
2025-09-21,7,1,132.0
2025-09-22,7,1,148.0
2025-09-23,7,1,150.0
2025-09-24,7,1,157.0
2025-09-25,7,1,159.0
2025-09-26,7,1,131.0
2025-09-27,7,1,133.0
2025-09-28,7,1,126.0
2025-09-29,7,1,141.0
2025-09-30,7,1,164.0
2025-10-01,7,1,176.0
2025-10-02,7,1,155.0
2025-10-03,7,1,135.0
2025-10-04,7,1,132.0
2025-10-05,7,1,137.0
2025-10-06,7,1,146.0
2025-10-07,7,1,161.0
2025-10-08,7,1,167.0
2025-10-09,7,1,141.0
2025-10-10,7,1,127.0
2025-10-11,7,1,126.0
2025-10-12,7,1,122.0
2025-10-13,7,1,144.0
2025-10-14,7,1,161.0
2025-10-15,7,1,156.0
2025-10-16,7,1,157.0
2025-10-17,7,1,122.0
2025-10-18,7,1,123.0
2025-10-19,7,1,118.0
2025-10-20,7,1,143.0
2025-10-21,7,1,168.0
2025-10-22,7,1,159.0
2025-10-23,7,1,140.0
2025-10-24,7,1,136.0
2025-10-25,7,1,121.0
2025-10-26,7,1,132.0
2025-10-27,7,1,146.0
2025-10-28,7,1,164.0
2025-10-29,7,1,176.0
2025-10-30,7,1,154.0
2025-10-31,7,1,141.0
2025-11-01,7,1,128.0
2025-11-02,7,1,141.0
2025-11-03,7,1,151.0
2025-11-04,7,1,169.0
2025-11-05,7,1,95.04199285204292
2025-11-06,7,1,78.74907979169271
2025-11-07,7,1,80.9214681997394
2025-11-08,7,1,73.86120587358764
2025-11-09,7,1,71.68881746554095
2025-11-10,7,1,87.98173052589117
2025-11-11,7,1,176.0
2025-11-12,7,1,172.0
2025-11-13,7,1,148.0
2025-11-14,7,1,146.0
2025-11-15,7,1,129.0
2025-11-16,7,1,124.0
2025-11-17,7,1,161.0
2025-11-18,7,1,183.0
2025-11-19,7,1,176.0
2025-11-20,7,1,168.0
2025-11-21,7,1,160.0
2025-11-22,7,1,141.0
2025-11-23,7,1,140.0
2025-11-24,7,1,144.0
2025-11-25,7,1,182.0
2025-11-26,7,1,183.0
2025-11-27,7,1,177.0
2025-11-28,7,1,136.0
2025-11-29,7,1,159.0
2025-11-30,7,1,142.0
2025-12-01,7,1,172.0
2025-12-02,7,1,166.0
2025-12-03,7,1,179.0
2025-12-04,7,1,170.0
2025-12-05,7,1,151.0
2025-12-06,7,1,142.0
2025-12-07,7,1,164.0
2025-12-08,7,1,166.0
2025-12-09,7,1,200.0
2025-12-10,7,1,197.0
2025-12-11,7,1,164.0
2025-12-12,7,1,160.0
2025-12-13,7,1,150.0
2025-12-14,7,1,150.0
2025-12-15,7,1,182.0
2025-12-16,7,1,195.0
2025-12-17,7,1,209.0
2025-12-18,7,1,180.0
2025-12-19,7,1,170.0
2025-12-20,7,1,155.0
2025-12-21,7,1,159.0
2025-12-22,7,1,184.0
2025-12-23,7,1,210.0
2025-12-24,7,1,205.0
2025-12-25,7,1,195.0
2025-12-26,7,1,171.0
2025-12-27,7,1,168.0
2025-12-28,7,1,175.0
2025-12-29,7,1,176.0
2025-12-30,7,1,199.0
2024-01-01,7,2,136.0
2024-01-02,7,2,157.0
2024-01-03,7,2,159.0
2024-01-04,7,2,132.0
2024-01-05,7,2,140.0
2024-01-06,7,2,120.0
2024-01-07,7,2,133.0
2024-01-08,7,2,149.0
2024-01-09,7,2,160.0
2024-01-10,7,2,175.0
2024-01-11,7,2,159.0
2024-01-12,7,2,133.0
2024-01-13,7,2,125.0
2024-01-14,7,2,131.0
2024-01-15,7,2,142.0
2024-01-16,7,2,162.0
2024-01-17,7,2,154.0
2024-01-18,7,2,165.0
2024-01-19,7,2,140.0
2024-01-20,7,2,142.0
2024-01-21,7,2,125.0
2024-01-22,7,2,139.0
2024-01-23,7,2,171.0
2024-01-24,7,2,161.0
2024-01-25,7,2,149.0
2024-01-26,7,2,152.0
2024-01-27,7,2,127.0
2024-01-28,7,2,137.0
2024-01-29,7,2,147.0
2024-01-30,7,2,171.0
2024-01-31,7,2,171.0
2024-02-01,7,2,167.0
2024-02-02,7,2,136.0
2024-02-03,7,2,138.0
2024-02-04,7,2,141.0
2024-02-05,7,2,148.0
2024-02-06,7,2,159.0
2024-02-07,7,2,171.0
2024-02-08,7,2,160.0
2024-02-09,7,2,158.0
2024-02-10,7,2,146.0
2024-02-11,7,2,137.0
2024-02-12,7,2,155.0
2024-02-13,7,2,175.0
2024-02-14,7,2,179.0
2024-02-15,7,2,175.0
2024-02-16,7,2,150.0
2024-02-17,7,2,143.0
2024-02-18,7,2,131.0
2024-02-19,7,2,150.0
2024-02-20,7,2,180.0
2024-02-21,7,2,168.0
2024-02-22,7,2,154.0
2024-02-23,7,2,159.0
2024-02-24,7,2,141.0
2024-02-25,7,2,141.0
2024-02-26,7,2,149.0
2024-02-27,7,2,163.0
2024-02-28,7,2,175.0
2024-02-29,7,2,168.0
2024-03-01,7,2,165.0
2024-03-02,7,2,145.0
2024-03-03,7,2,147.0
2024-03-04,7,2,161.0
2024-03-05,7,2,158.0
2024-03-06,7,2,176.0
2024-03-07,7,2,176.0
2024-03-08,7,2,157.0
2024-03-09,7,2,154.0
2024-03-10,7,2,160.0
2024-03-11,7,2,151.0
2024-03-12,7,2,173.0
2024-03-13,7,2,190.0
2024-03-14,7,2,174.0
2024-03-15,7,2,157.0
2024-03-16,7,2,157.0
2024-03-17,7,2,146.0
2024-03-18,7,2,160.0
2024-03-19,7,2,173.0
2024-03-20,7,2,172.0
2024-03-21,7,2,172.0
2024-03-22,7,2,161.0
2024-03-23,7,2,141.0
2024-03-24,7,2,152.0
2024-03-25,7,2,162.0
2024-03-26,7,2,180.0
2024-03-27,7,2,196.0
2024-03-28,7,2,175.0
2024-03-29,7,2,161.0
2024-03-30,7,2,167.0
2024-03-31,7,2,150.0
2024-04-01,7,2,173.0
2024-04-02,7,2,177.0
2024-04-03,7,2,191.0
2024-04-04,7,2,168.0
2024-04-05,7,2,158.0
2024-04-06,7,2,147.0
2024-04-07,7,2,146.0
2024-04-08,7,2,151.0
2024-04-09,7,2,185.0
2024-04-10,7,2,179.0
2024-04-11,7,2,173.0
2024-04-12,7,2,159.0
2024-04-13,7,2,139.0
2024-04-14,7,2,151.0
2024-04-15,7,2,153.0
2024-04-16,7,2,178.0
2024-04-17,7,2,197.0
2024-04-18,7,2,171.0
2024-04-19,7,2,151.0
2024-04-20,7,2,147.0
2024-04-21,7,2,167.0
2024-04-22,7,2,164.0
2024-04-23,7,2,168.0
2024-04-24,7,2,169.0
2024-04-25,7,2,171.0
2024-04-26,7,2,166.0
2024-04-27,7,2,154.0
2024-04-28,7,2,163.0
2024-04-29,7,2,172.0
2024-04-30,7,2,180.0
2024-05-01,7,2,162.0
2024-05-02,7,2,185.0
2024-05-03,7,2,147.0
2024-05-04,7,2,168.0
2024-05-05,7,2,146.0
2024-05-06,7,2,160.0
2024-05-07,7,2,175.0
2024-05-08,7,2,183.0
2024-05-09,7,2,162.0
2024-05-10,7,2,151.0
2024-05-11,7,2,156.0
2024-05-12,7,2,162.0
2024-05-13,7,2,156.0
2024-05-14,7,2,181.0
2024-05-15,7,2,177.0
2024-05-16,7,2,176.0
2024-05-17,7,2,149.0
2024-05-18,7,2,153.0
2024-05-19,7,2,149.0
2024-05-20,7,2,159.0
2024-05-21,7,2,176.0
2024-05-22,7,2,191.0
2024-05-23,7,2,169.0
2024-05-24,7,2,157.0
2024-05-25,7,2,146.0
2024-05-26,7,2,149.0
2024-05-27,7,2,172.0
2024-05-28,7,2,182.0
2024-05-29,7,2,167.0
2024-05-30,7,2,173.0
2024-05-31,7,2,166.0
2024-06-01,7,2,142.0
2024-06-02,7,2,154.0
2024-06-03,7,2,137.0
2024-06-04,7,2,165.0
2024-06-05,7,2,196.0
2024-06-06,7,2,173.0
2024-06-07,7,2,153.0
2024-06-08,7,2,157.0
2024-06-09,7,2,136.0
2024-06-10,7,2,168.0
2024-06-11,7,2,164.0
2024-06-12,7,2,175.0
2024-06-13,7,2,151.0
2024-06-14,7,2,146.0
2024-06-15,7,2,150.0
2024-06-16,7,2,138.0
2024-06-17,7,2,160.0
2024-06-18,7,2,165.0
2024-06-19,7,2,175.0
2024-06-20,7,2,168.0
2024-06-21,7,2,142.0
2024-06-22,7,2,130.0
2024-06-23,7,2,137.0
2024-06-24,7,2,150.0
2024-06-25,7,2,150.0
2024-06-26,7,2,172.0
2024-06-27,7,2,163.0
2024-06-28,7,2,130.0
2024-06-29,7,2,142.0
2024-06-30,7,2,135.0
2024-07-01,7,2,154.0
2024-07-02,7,2,162.0
2024-07-03,7,2,170.0
2024-07-04,7,2,159.0
2024-07-05,7,2,150.0
2024-07-06,7,2,133.0
2024-07-07,7,2,142.0
2024-07-08,7,2,161.0
2024-07-09,7,2,162.0
2024-07-10,7,2,163.0
2024-07-11,7,2,160.0
2024-07-12,7,2,124.0
2024-07-13,7,2,124.0
2024-07-14,7,2,126.0
2024-07-15,7,2,151.0
2024-07-16,7,2,161.0
2024-07-17,7,2,173.0
2024-07-18,7,2,163.0
2024-07-19,7,2,122.0
2024-07-20,7,2,115.0
2024-07-21,7,2,132.0
2024-07-22,7,2,132.0
2024-07-23,7,2,142.0
2024-07-24,7,2,155.0
2024-07-25,7,2,134.0
2024-07-26,7,2,128.0
2024-07-27,7,2,132.0
2024-07-28,7,2,126.0
2024-07-29,7,2,155.0
2024-07-30,7,2,151.0
2024-07-31,7,2,163.0
2024-08-01,7,2,145.0
2024-08-02,7,2,132.0
2024-08-03,7,2,121.0
2024-08-04,7,2,132.0
2024-08-05,7,2,147.0
2024-08-06,7,2,171.0
2024-08-07,7,2,157.0
2024-08-08,7,2,152.0
2024-08-09,7,2,124.0
2024-08-10,7,2,128.0
2024-08-11,7,2,126.0
2024-08-12,7,2,118.0
2024-08-13,7,2,145.0
2024-08-14,7,2,139.0
2024-08-15,7,2,140.0
2024-08-16,7,2,133.0
2024-08-17,7,2,119.0
2024-08-18,7,2,129.0
2024-08-19,7,2,119.0
2024-08-20,7,2,159.0
2024-08-21,7,2,156.0
2024-08-22,7,2,134.0
2024-08-23,7,2,129.0
2024-08-24,7,2,138.0
2024-08-25,7,2,135.0
2024-08-26,7,2,150.0
2024-08-27,7,2,148.0
2024-08-28,7,2,162.0
2024-08-29,7,2,154.0
2024-08-30,7,2,120.0
2024-08-31,7,2,130.0
2024-09-01,7,2,131.0
2024-09-02,7,2,130.0
2024-09-03,7,2,150.0
2024-09-04,7,2,163.0
2024-09-05,7,2,142.0
2024-09-06,7,2,135.0
2024-09-07,7,2,114.0
2024-09-08,7,2,113.0
2024-09-09,7,2,125.0
2024-09-10,7,2,146.0
2024-09-11,7,2,155.0
2024-09-12,7,2,128.0
2024-09-13,7,2,143.0
2024-09-14,7,2,126.0
2024-09-15,7,2,125.0
2024-09-16,7,2,141.0
2024-09-17,7,2,143.0
2024-09-18,7,2,139.0
2024-09-19,7,2,145.0
2024-09-20,7,2,135.0
2024-09-21,7,2,114.0
2024-09-22,7,2,113.0
2024-09-23,7,2,130.0
2024-09-24,7,2,152.0
2024-09-25,7,2,156.0
2024-09-26,7,2,157.0
2024-09-27,7,2,131.0
2024-09-28,7,2,111.0
2024-09-29,7,2,119.0
2024-09-30,7,2,126.0
2024-10-01,7,2,157.0
2024-10-02,7,2,143.0
2024-10-03,7,2,138.0
2024-10-04,7,2,131.0
2024-10-05,7,2,131.0
2024-10-06,7,2,145.0
2024-10-07,7,2,124.0
2024-10-08,7,2,154.0
2024-10-09,7,2,152.0
2024-10-10,7,2,141.0
2024-10-11,7,2,126.0
2024-10-12,7,2,109.0
2024-10-13,7,2,136.0
2024-10-14,7,2,119.0
2024-10-15,7,2,149.0
2024-10-16,7,2,165.0
2024-10-17,7,2,146.0
2024-10-18,7,2,124.0
2024-10-19,7,2,115.0
2024-10-20,7,2,131.0
2024-10-21,7,2,135.0
2024-10-22,7,2,151.0
2024-10-23,7,2,160.0
2024-10-24,7,2,153.0
2024-10-25,7,2,126.0
2024-10-26,7,2,111.0
2024-10-27,7,2,117.0
2024-10-28,7,2,150.0
2024-10-29,7,2,153.0
2024-10-30,7,2,146.0
2024-10-31,7,2,140.0
2024-11-01,7,2,142.0
2024-11-02,7,2,124.0
2024-11-03,7,2,114.0
2024-11-04,7,2,132.0
2024-11-05,7,2,164.0
2024-11-06,7,2,154.0
2024-11-07,7,2,166.0
2024-11-08,7,2,150.0
2024-11-09,7,2,138.0
2024-11-10,7,2,133.0
2024-11-11,7,2,151.0
2024-11-12,7,2,156.0
2024-11-13,7,2,160.0
2024-11-14,7,2,142.0
2024-11-15,7,2,136.0
2024-11-16,7,2,118.0
2024-11-17,7,2,132.0
2024-11-18,7,2,135.0
2024-11-19,7,2,152.0
2024-11-20,7,2,142.0
2024-11-21,7,2,148.0
2024-11-22,7,2,133.0
2024-11-23,7,2,128.0
2024-11-24,7,2,144.0
2024-11-25,7,2,147.0
2024-11-26,7,2,169.0
2024-11-27,7,2,173.0
2024-11-28,7,2,168.0
2024-11-29,7,2,135.0
2024-11-30,7,2,124.0
2024-12-01,7,2,136.0
2024-12-02,7,2,142.0
2024-12-03,7,2,163.0
2024-12-04,7,2,161.0
2024-12-05,7,2,149.0
2024-12-06,7,2,148.0
2024-12-07,7,2,151.0
2024-12-08,7,2,138.0
2024-12-09,7,2,156.0
2024-12-10,7,2,168.0
2024-12-11,7,2,171.0
2024-12-12,7,2,174.0
2024-12-13,7,2,146.0
2024-12-14,7,2,113.0
2024-12-15,7,2,136.0
2024-12-16,7,2,158.0
2024-12-17,7,2,170.0
2024-12-18,7,2,172.0
2024-12-19,7,2,161.0
2024-12-20,7,2,85.96998536364475
2024-12-21,7,2,89.92912942644419
2024-12-22,7,2,80.87965728290263
2024-12-23,7,2,177.0
2024-12-24,7,2,178.0
2024-12-25,7,2,172.0
2024-12-26,7,2,176.0
2024-12-27,7,2,134.0
2024-12-28,7,2,145.0
2024-12-29,7,2,153.0
2024-12-30,7,2,167.0
2024-12-31,7,2,182.0
2025-01-01,7,2,187.0
2025-01-02,7,2,174.0
2025-01-03,7,2,163.0
2025-01-04,7,2,144.0
2025-01-05,7,2,162.0
2025-01-06,7,2,162.0
2025-01-07,7,2,189.0
2025-01-08,7,2,184.0
2025-01-09,7,2,177.0
2025-01-10,7,2,168.0
2025-01-11,7,2,164.0
2025-01-12,7,2,156.0
2025-01-13,7,2,171.0
2025-01-14,7,2,162.0
2025-01-15,7,2,180.0
2025-01-16,7,2,166.0
2025-01-17,7,2,160.0
2025-01-18,7,2,149.0
2025-01-19,7,2,152.0
2025-01-20,7,2,164.0
2025-01-21,7,2,191.0
2025-01-22,7,2,175.0
2025-01-23,7,2,172.0
2025-01-24,7,2,167.0
2025-01-25,7,2,166.0
2025-01-26,7,2,154.0
2025-01-27,7,2,184.0
2025-01-28,7,2,167.0
2025-01-29,7,2,193.0
2025-01-30,7,2,187.0
2025-01-31,7,2,162.0
2025-02-01,7,2,150.0
2025-02-02,7,2,165.0
2025-02-03,7,2,178.0
2025-02-04,7,2,185.0
2025-02-05,7,2,193.0
2025-02-06,7,2,182.0
2025-02-07,7,2,182.0
2025-02-08,7,2,169.0
2025-02-09,7,2,169.0
2025-02-10,7,2,196.0
2025-02-11,7,2,203.0
2025-02-12,7,2,208.0
2025-02-13,7,2,202.0
2025-02-14,7,2,174.0
2025-02-15,7,2,156.0
2025-02-16,7,2,155.0
2025-02-17,7,2,189.0
2025-02-18,7,2,189.0
2025-02-19,7,2,228.0
2025-02-20,7,2,185.0
2025-02-21,7,2,169.0
2025-02-22,7,2,174.0
2025-02-23,7,2,178.0
2025-02-24,7,2,200.0
2025-02-25,7,2,197.0
2025-02-26,7,2,212.0
2025-02-27,7,2,192.0
2025-02-28,7,2,184.0
2025-03-01,7,2,168.0
2025-03-02,7,2,189.0
2025-03-03,7,2,206.0
2025-03-04,7,2,191.0
2025-03-05,7,2,215.0
2025-03-06,7,2,188.0
2025-03-07,7,2,190.0
2025-03-08,7,2,185.0
2025-03-09,7,2,168.0
2025-03-10,7,2,179.0
2025-03-11,7,2,199.0
2025-03-12,7,2,216.0
2025-03-13,7,2,201.0
2025-03-14,7,2,180.0
2025-03-15,7,2,179.0
2025-03-16,7,2,174.0
2025-03-17,7,2,191.0
2025-03-18,7,2,208.0
2025-03-19,7,2,211.0
2025-03-20,7,2,212.0
2025-03-21,7,2,174.0
2025-03-22,7,2,182.0
2025-03-23,7,2,170.0
2025-03-24,7,2,188.0
2025-03-25,7,2,204.0
2025-03-26,7,2,205.0
2025-03-27,7,2,188.0
2025-03-28,7,2,181.0
2025-03-29,7,2,177.0
2025-03-30,7,2,177.0
2025-03-31,7,2,204.0
2025-04-01,7,2,205.0
2025-04-02,7,2,209.0
2025-04-03,7,2,201.0
2025-04-04,7,2,184.0
2025-04-05,7,2,179.0
2025-04-06,7,2,175.0
2025-04-07,7,2,183.0
2025-04-08,7,2,205.0
2025-04-09,7,2,212.0
2025-04-10,7,2,201.0
2025-04-11,7,2,178.0
2025-04-12,7,2,177.0
2025-04-13,7,2,185.0
2025-04-14,7,2,194.0
2025-04-15,7,2,200.0
2025-04-16,7,2,210.0
2025-04-17,7,2,214.0
2025-04-18,7,2,176.0
2025-04-19,7,2,184.0
2025-04-20,7,2,161.0
2025-04-21,7,2,188.0
2025-04-22,7,2,202.0
2025-04-23,7,2,218.0
2025-04-24,7,2,214.0
2025-04-25,7,2,193.0
2025-04-26,7,2,179.0
2025-04-27,7,2,187.0
2025-04-28,7,2,181.0
2025-04-29,7,2,212.0
2025-04-30,7,2,199.0
2025-05-01,7,2,193.0
2025-05-02,7,2,187.0
2025-05-03,7,2,164.0
2025-05-04,7,2,187.0
2025-05-05,7,2,191.0
2025-05-06,7,2,193.0
2025-05-07,7,2,219.0
2025-05-08,7,2,196.0
2025-05-09,7,2,181.0
2025-05-10,7,2,171.0
2025-05-11,7,2,153.0
2025-05-12,7,2,200.0
2025-05-13,7,2,203.0
2025-05-14,7,2,207.0
2025-05-15,7,2,202.0
2025-05-16,7,2,179.0
2025-05-17,7,2,163.0
2025-05-18,7,2,167.0
2025-05-19,7,2,195.0
2025-05-20,7,2,201.0
2025-05-21,7,2,213.0
2025-05-22,7,2,205.0
2025-05-23,7,2,187.0
2025-05-24,7,2,180.0
2025-05-25,7,2,168.0
2025-05-26,7,2,191.0
2025-05-27,7,2,196.0
2025-05-28,7,2,194.0
2025-05-29,7,2,197.0
2025-05-30,7,2,184.0
2025-05-31,7,2,166.0
2025-06-01,7,2,172.0
2025-06-02,7,2,190.0
2025-06-03,7,2,193.0
2025-06-04,7,2,208.0
2025-06-05,7,2,184.0
2025-06-06,7,2,179.0
2025-06-07,7,2,157.0
2025-06-08,7,2,181.0
2025-06-09,7,2,188.0
2025-06-10,7,2,212.0
2025-06-11,7,2,191.0
2025-06-12,7,2,195.0
2025-06-13,7,2,174.0
2025-06-14,7,2,153.0
2025-06-15,7,2,168.0
2025-06-16,7,2,185.0
2025-06-17,7,2,210.0
2025-06-18,7,2,193.0
2025-06-19,7,2,191.0
2025-06-20,7,2,174.0
2025-06-21,7,2,161.0
2025-06-22,7,2,165.0
2025-06-23,7,2,185.0
2025-06-24,7,2,191.0
2025-06-25,7,2,193.0
2025-06-26,7,2,181.0
2025-06-27,7,2,157.0
2025-06-28,7,2,168.0
2025-06-29,7,2,159.0
2025-06-30,7,2,186.0
2025-07-01,7,2,200.0
2025-07-02,7,2,212.0
2025-07-03,7,2,186.0
2025-07-04,7,2,172.0
2025-07-05,7,2,163.0
2025-07-06,7,2,163.0
2025-07-07,7,2,184.0
2025-07-08,7,2,186.0
2025-07-09,7,2,195.0
2025-07-10,7,2,180.0
2025-07-11,7,2,155.0
2025-07-12,7,2,162.0
2025-07-13,7,2,136.0
2025-07-14,7,2,176.0
2025-07-15,7,2,194.0
2025-07-16,7,2,193.0
2025-07-17,7,2,172.0
2025-07-18,7,2,176.0
2025-07-19,7,2,168.0
2025-07-20,7,2,162.0
2025-07-21,7,2,185.0
2025-07-22,7,2,200.0
2025-07-23,7,2,181.0
2025-07-24,7,2,169.0
2025-07-25,7,2,167.0
2025-07-26,7,2,126.0
2025-07-27,7,2,153.0
2025-07-28,7,2,162.0
2025-07-29,7,2,179.0
2025-07-30,7,2,174.0
2025-07-31,7,2,173.0
2025-08-01,7,2,164.0
2025-08-02,7,2,163.0
2025-08-03,7,2,156.0
2025-08-04,7,2,151.0
2025-08-05,7,2,179.0
2025-08-06,7,2,193.0
2025-08-07,7,2,171.0
2025-08-08,7,2,163.0
2025-08-09,7,2,158.0
2025-08-10,7,2,152.0
2025-08-11,7,2,167.0
2025-08-12,7,2,182.0
2025-08-13,7,2,177.0
2025-08-14,7,2,169.0
2025-08-15,7,2,148.0
2025-08-16,7,2,142.0
2025-08-17,7,2,156.0
2025-08-18,7,2,167.0
2025-08-19,7,2,166.0
2025-08-20,7,2,171.0
2025-08-21,7,2,165.0
2025-08-22,7,2,143.0
2025-08-23,7,2,147.0
2025-08-24,7,2,143.0
2025-08-25,7,2,165.0
2025-08-26,7,2,183.0
2025-08-27,7,2,164.0
2025-08-28,7,2,163.0
2025-08-29,7,2,141.0
2025-08-30,7,2,129.0
2025-08-31,7,2,151.0
2025-09-01,7,2,162.0
2025-09-02,7,2,169.0
2025-09-03,7,2,169.0
2025-09-04,7,2,159.0
2025-09-05,7,2,154.0
2025-09-06,7,2,141.0
2025-09-07,7,2,139.0
2025-09-08,7,2,163.0
2025-09-09,7,2,175.0
2025-09-10,7,2,168.0
2025-09-11,7,2,163.0
2025-09-12,7,2,159.0
2025-09-13,7,2,148.0
2025-09-14,7,2,140.0
2025-09-15,7,2,173.0
2025-09-16,7,2,171.0
2025-09-17,7,2,182.0
2025-09-18,7,2,158.0
2025-09-19,7,2,150.0
2025-09-20,7,2,135.0
2025-09-21,7,2,132.0
2025-09-22,7,2,159.0
2025-09-23,7,2,170.0
2025-09-24,7,2,184.0
2025-09-25,7,2,162.0
2025-09-26,7,2,154.0
2025-09-27,7,2,139.0
2025-09-28,7,2,138.0
2025-09-29,7,2,166.0
2025-09-30,7,2,168.0
2025-10-01,7,2,173.0
2025-10-02,7,2,157.0
2025-10-03,7,2,138.0
2025-10-04,7,2,146.0
2025-10-05,7,2,145.0
2025-10-06,7,2,167.0
2025-10-07,7,2,177.0
2025-10-08,7,2,167.0
2025-10-09,7,2,168.0
2025-10-10,7,2,152.0
2025-10-11,7,2,152.0
2025-10-12,7,2,157.0
2025-10-13,7,2,147.0
2025-10-14,7,2,183.0
2025-10-15,7,2,186.0
2025-10-16,7,2,162.0
2025-10-17,7,2,153.0
2025-10-18,7,2,128.0
2025-10-19,7,2,148.0
2025-10-20,7,2,82.11451493960844
2025-10-21,7,2,96.60531169365699
2025-10-22,7,2,97.67870404580873
2025-10-23,7,2,90.7016537568224
2025-10-24,7,2,84.26129964391193
2025-10-25,7,2,75.1374646506221
2025-10-26,7,2,75.1374646506221
2025-10-27,7,2,181.0
2025-10-28,7,2,185.0
2025-10-29,7,2,182.0
2025-10-30,7,2,170.0
2025-10-31,7,2,176.0
2025-11-01,7,2,161.0
2025-11-02,7,2,149.0
2025-11-03,7,2,157.0
2025-11-04,7,2,179.0
2025-11-05,7,2,179.0
2025-11-06,7,2,166.0
2025-11-07,7,2,170.0
2025-11-08,7,2,154.0
2025-11-09,7,2,150.0
2025-11-10,7,2,164.0
2025-11-11,7,2,181.0
2025-11-12,7,2,181.0
2025-11-13,7,2,171.0
2025-11-14,7,2,178.0
2025-11-15,7,2,145.0
2025-11-16,7,2,138.0
2025-11-17,7,2,175.0
2025-11-18,7,2,192.0
2025-11-19,7,2,188.0
2025-11-20,7,2,165.0
2025-11-21,7,2,162.0
2025-11-22,7,2,150.0
2025-11-23,7,2,169.0
2025-11-24,7,2,165.0
2025-11-25,7,2,188.0
2025-11-26,7,2,194.0
2025-11-27,7,2,174.0
2025-11-28,7,2,161.0
2025-11-29,7,2,161.0
2025-11-30,7,2,135.0
2025-12-01,7,2,186.0
2025-12-02,7,2,180.0
2025-12-03,7,2,193.0
2025-12-04,7,2,173.0
2025-12-05,7,2,180.0
2025-12-06,7,2,160.0
2025-12-07,7,2,166.0
2025-12-08,7,2,182.0
2025-12-09,7,2,200.0
2025-12-10,7,2,186.0
2025-12-11,7,2,184.0
2025-12-12,7,2,182.0
2025-12-13,7,2,160.0
2025-12-14,7,2,178.0
2025-12-15,7,2,182.0
2025-12-16,7,2,191.0
2025-12-17,7,2,204.0
2025-12-18,7,2,188.0
2025-12-19,7,2,182.0
2025-12-20,7,2,162.0
2025-12-21,7,2,177.0
2025-12-22,7,2,187.0
2025-12-23,7,2,195.0
2025-12-24,7,2,187.0
2025-12-25,7,2,197.0
2025-12-26,7,2,187.0
2025-12-27,7,2,171.0
2025-12-28,7,2,155.0
2025-12-29,7,2,196.0
2025-12-30,7,2,204.0
2024-01-01,7,3,96.0
2024-01-02,7,3,97.0
2024-01-03,7,3,99.0
2024-01-04,7,3,109.0
2024-01-05,7,3,67.0
2024-01-06,7,3,89.0
2024-01-07,7,3,94.0
2024-01-08,7,3,116.0
2024-01-09,7,3,124.0
2024-01-10,7,3,130.0
2024-01-11,7,3,102.0
2024-01-12,7,3,79.0
2024-01-13,7,3,91.0
2024-01-14,7,3,98.0
2024-01-15,7,3,117.0
2024-01-16,7,3,136.0
2024-01-17,7,3,109.0
2024-01-18,7,3,125.0
2024-01-19,7,3,76.0
2024-01-20,7,3,97.0
2024-01-21,7,3,106.0
2024-01-22,7,3,93.0
2024-01-23,7,3,131.0
2024-01-24,7,3,115.0
2024-01-25,7,3,116.0
2024-01-26,7,3,117.0
2024-01-27,7,3,96.0
2024-01-28,7,3,100.0
2024-01-29,7,3,120.0
2024-01-30,7,3,139.0
2024-01-31,7,3,133.0
2024-02-01,7,3,144.0
2024-02-02,7,3,109.0
2024-02-03,7,3,119.0
2024-02-04,7,3,115.0
2024-02-05,7,3,129.0
2024-02-06,7,3,121.0
2024-02-07,7,3,152.0
2024-02-08,7,3,132.0
2024-02-09,7,3,144.0
2024-02-10,7,3,113.0
2024-02-11,7,3,113.0
2024-02-12,7,3,120.0
2024-02-13,7,3,139.0
2024-02-14,7,3,159.0
2024-02-15,7,3,144.0
2024-02-16,7,3,125.0
2024-02-17,7,3,124.0
2024-02-18,7,3,112.0
2024-02-19,7,3,124.0
2024-02-20,7,3,136.0
2024-02-21,7,3,158.0
2024-02-22,7,3,151.0
2024-02-23,7,3,117.0
2024-02-24,7,3,110.0
2024-02-25,7,3,120.0
2024-02-26,7,3,122.0
2024-02-27,7,3,149.0
2024-02-28,7,3,167.0
2024-02-29,7,3,147.0
2024-03-01,7,3,141.0
2024-03-02,7,3,106.0
2024-03-03,7,3,119.0
2024-03-04,7,3,115.0
2024-03-05,7,3,149.0
2024-03-06,7,3,179.0
2024-03-07,7,3,166.0
2024-03-08,7,3,137.0
2024-03-09,7,3,125.0
2024-03-10,7,3,133.0
2024-03-11,7,3,126.0
2024-03-12,7,3,155.0
2024-03-13,7,3,131.0
2024-03-14,7,3,118.0
2024-03-15,7,3,130.0
2024-03-16,7,3,154.0
2024-03-17,7,3,149.0
2024-03-18,7,3,155.0
2024-03-19,7,3,155.0
2024-03-20,7,3,176.0
2024-03-21,7,3,143.0
2024-03-22,7,3,122.0
2024-03-23,7,3,121.0
2024-03-24,7,3,112.0
2024-03-25,7,3,170.0
2024-03-26,7,3,162.0
2024-03-27,7,3,149.0
2024-03-28,7,3,149.0
2024-03-29,7,3,136.0
2024-03-30,7,3,145.0
2024-03-31,7,3,158.0
2024-04-01,7,3,157.0
2024-04-02,7,3,165.0
2024-04-03,7,3,163.0
2024-04-04,7,3,152.0
2024-04-05,7,3,138.0
2024-04-06,7,3,130.0
2024-04-07,7,3,130.0
2024-04-08,7,3,139.0
2024-04-09,7,3,144.0
2024-04-10,7,3,156.0
2024-04-11,7,3,135.0
2024-04-12,7,3,130.0
2024-04-13,7,3,127.0
2024-04-14,7,3,134.0
2024-04-15,7,3,146.0
2024-04-16,7,3,161.0
2024-04-17,7,3,163.0
2024-04-18,7,3,171.0
2024-04-19,7,3,155.0
2024-04-20,7,3,123.0
2024-04-21,7,3,141.0
2024-04-22,7,3,140.0
2024-04-23,7,3,135.0
2024-04-24,7,3,165.0
2024-04-25,7,3,142.0
2024-04-26,7,3,127.0
2024-04-27,7,3,119.0
2024-04-28,7,3,120.0
2024-04-29,7,3,162.0
2024-04-30,7,3,138.0
2024-05-01,7,3,153.0
2024-05-02,7,3,126.0
2024-05-03,7,3,124.0
2024-05-04,7,3,108.0
2024-05-05,7,3,132.0
2024-05-06,7,3,120.0
2024-05-07,7,3,166.0
2024-05-08,7,3,137.0
2024-05-09,7,3,131.0
2024-05-10,7,3,137.0
2024-05-11,7,3,142.0
2024-05-12,7,3,118.0
2024-05-13,7,3,142.0
2024-05-14,7,3,134.0
2024-05-15,7,3,143.0
2024-05-16,7,3,139.0
2024-05-17,7,3,116.0
2024-05-18,7,3,130.0
2024-05-19,7,3,129.0
2024-05-20,7,3,125.0
2024-05-21,7,3,114.0
2024-05-22,7,3,137.0
2024-05-23,7,3,151.0
2024-05-24,7,3,121.0
2024-05-25,7,3,125.0
2024-05-26,7,3,135.0
2024-05-27,7,3,134.0
2024-05-28,7,3,152.0
2024-05-29,7,3,135.0
2024-05-30,7,3,146.0
2024-05-31,7,3,116.0
2024-06-01,7,3,100.0
2024-06-02,7,3,136.0
2024-06-03,7,3,123.0
2024-06-04,7,3,126.0
2024-06-05,7,3,142.0
2024-06-06,7,3,115.0
2024-06-07,7,3,99.0
2024-06-08,7,3,102.0
2024-06-09,7,3,90.0
2024-06-10,7,3,113.0
2024-06-11,7,3,115.0
2024-06-12,7,3,143.0
2024-06-13,7,3,143.0
2024-06-14,7,3,93.0
2024-06-15,7,3,124.0
2024-06-16,7,3,111.0
2024-06-17,7,3,116.0
2024-06-18,7,3,107.0
2024-06-19,7,3,108.0
2024-06-20,7,3,118.0
2024-06-21,7,3,102.0
2024-06-22,7,3,91.0
2024-06-23,7,3,98.0
2024-06-24,7,3,100.0
2024-06-25,7,3,117.0
2024-06-26,7,3,122.0
2024-06-27,7,3,143.0
2024-06-28,7,3,72.0
2024-06-29,7,3,94.0
2024-06-30,7,3,93.0
2024-07-01,7,3,104.0
2024-07-02,7,3,119.0
2024-07-03,7,3,140.0
2024-07-04,7,3,112.0
2024-07-05,7,3,76.0
2024-07-06,7,3,89.0
2024-07-07,7,3,85.0
2024-07-08,7,3,91.0
2024-07-09,7,3,112.0
2024-07-10,7,3,110.0
2024-07-11,7,3,100.0
2024-07-12,7,3,87.0
2024-07-13,7,3,66.0
2024-07-14,7,3,90.0
2024-07-15,7,3,91.0
2024-07-16,7,3,108.0
2024-07-17,7,3,97.0
2024-07-18,7,3,85.0
2024-07-19,7,3,79.0
2024-07-20,7,3,74.0
2024-07-21,7,3,72.0
2024-07-22,7,3,89.0
2024-07-23,7,3,75.0
2024-07-24,7,3,125.0
2024-07-25,7,3,84.0
2024-07-26,7,3,65.0
2024-07-27,7,3,83.0
2024-07-28,7,3,58.0
2024-07-29,7,3,86.0
2024-07-30,7,3,81.0
2024-07-31,7,3,94.0
2024-08-01,7,3,85.0
2024-08-02,7,3,65.0
2024-08-03,7,3,75.0
2024-08-04,7,3,84.0
2024-08-05,7,3,70.0
2024-08-06,7,3,92.0
2024-08-07,7,3,78.0
2024-08-08,7,3,85.0
2024-08-09,7,3,80.0
2024-08-10,7,3,62.0
2024-08-11,7,3,57.0
2024-08-12,7,3,72.0
2024-08-13,7,3,81.0
2024-08-14,7,3,87.0
2024-08-15,7,3,73.0
2024-08-16,7,3,68.0
2024-08-17,7,3,43.0
2024-08-18,7,3,27.0
2024-08-19,7,3,84.0
2024-08-20,7,3,83.0
2024-08-21,7,3,87.0
2024-08-22,7,3,68.0
2024-08-23,7,3,58.0
2024-08-24,7,3,42.0
2024-08-25,7,3,70.0
2024-08-26,7,3,63.0
2024-08-27,7,3,62.0
2024-08-28,7,3,91.0
2024-08-29,7,3,87.0
2024-08-30,7,3,58.0
2024-08-31,7,3,69.0
2024-09-01,7,3,57.0
2024-09-02,7,3,64.0
2024-09-03,7,3,77.0
2024-09-04,7,3,86.0
2024-09-05,7,3,84.0
2024-09-06,7,3,64.0
2024-09-07,7,3,52.0
2024-09-08,7,3,53.0
2024-09-09,7,3,72.0
2024-09-10,7,3,68.0
2024-09-11,7,3,61.0
2024-09-12,7,3,72.0
2024-09-13,7,3,45.0
2024-09-14,7,3,30.0
2024-09-15,7,3,69.0
2024-09-16,7,3,24.0
2024-09-17,7,3,82.0
2024-09-18,7,3,65.0
2024-09-19,7,3,60.0
2024-09-20,7,3,60.0
2024-09-21,7,3,74.0
2024-09-22,7,3,58.0
2024-09-23,7,3,50.0
2024-09-24,7,3,73.0
2024-09-25,7,3,74.0
2024-09-26,7,3,44.0
2024-09-27,7,3,56.0
2024-09-28,7,3,39.0
2024-09-29,7,3,58.0
2024-09-30,7,3,58.0
2024-10-01,7,3,92.0
2024-10-02,7,3,81.0
2024-10-03,7,3,71.0
2024-10-04,7,3,78.0
2024-10-05,7,3,50.0
2024-10-06,7,3,69.0
2024-10-07,7,3,49.0
2024-10-08,7,3,51.0
2024-10-09,7,3,80.0
2024-10-10,7,3,84.0
2024-10-11,7,3,43.0
2024-10-12,7,3,43.0
2024-10-13,7,3,32.0
2024-10-14,7,3,63.0
2024-10-15,7,3,76.0
2024-10-16,7,3,86.0
2024-10-17,7,3,65.0
2024-10-18,7,3,55.0
2024-10-19,7,3,57.0
2024-10-20,7,3,56.0
2024-10-21,7,3,70.0
2024-10-22,7,3,88.0
2024-10-23,7,3,90.0
2024-10-24,7,3,98.0
2024-10-25,7,3,65.0
2024-10-26,7,3,57.0
2024-10-27,7,3,52.0
2024-10-28,7,3,69.0
2024-10-29,7,3,66.0
2024-10-30,7,3,77.0
2024-10-31,7,3,89.0
2024-11-01,7,3,45.0
2024-11-02,7,3,71.0
2024-11-03,7,3,55.0
2024-11-04,7,3,61.0
2024-11-05,7,3,81.0
2024-11-06,7,3,94.0
2024-11-07,7,3,81.0
2024-11-08,7,3,89.0
2024-11-09,7,3,64.0
2024-11-10,7,3,68.0
2024-11-11,7,3,81.0
2024-11-12,7,3,89.0
2024-11-13,7,3,88.0
2024-11-14,7,3,85.0
2024-11-15,7,3,73.0
2024-11-16,7,3,62.0
2024-11-17,7,3,81.0
2024-11-18,7,3,92.0
2024-11-19,7,3,78.0
2024-11-20,7,3,37.43172641550828
2024-11-21,7,3,30.784971257614284
2024-11-22,7,3,24.837874537393343
2024-11-23,7,3,26.237191412739445
2024-11-24,7,3,25.88736219390292
2024-11-25,7,3,25.537532975066394
2024-11-26,7,3,37.081897196671754
2024-11-27,7,3,34.63309266481607
2024-11-28,7,3,102.0
2024-11-29,7,3,80.0
2024-11-30,7,3,81.0
2024-12-01,7,3,87.0
2024-12-02,7,3,103.0
2024-12-03,7,3,95.0
2024-12-04,7,3,127.0
2024-12-05,7,3,96.0
2024-12-06,7,3,71.0
2024-12-07,7,3,79.0
2024-12-08,7,3,79.0
2024-12-09,7,3,87.0
2024-12-10,7,3,108.0
2024-12-11,7,3,119.0
2024-12-12,7,3,107.0
2024-12-13,7,3,106.0
2024-12-14,7,3,81.0
2024-12-15,7,3,92.0
2024-12-16,7,3,102.0
2024-12-17,7,3,134.0
2024-12-18,7,3,105.0
2024-12-19,7,3,102.0
2024-12-20,7,3,120.0
2024-12-21,7,3,86.0
2024-12-22,7,3,74.0
2024-12-23,7,3,128.0
2024-12-24,7,3,107.0
2024-12-25,7,3,123.0
2024-12-26,7,3,127.0
2024-12-27,7,3,112.0
2024-12-28,7,3,84.0
2024-12-29,7,3,126.0
2024-12-30,7,3,117.0
2024-12-31,7,3,124.0
2025-01-01,7,3,116.0
2025-01-02,7,3,126.0
2025-01-03,7,3,125.0
2025-01-04,7,3,97.0
2025-01-05,7,3,84.0
2025-01-06,7,3,109.0
2025-01-07,7,3,126.0
2025-01-08,7,3,116.0
2025-01-09,7,3,132.0
2025-01-10,7,3,122.0
2025-01-11,7,3,98.0
2025-01-12,7,3,120.0
2025-01-13,7,3,112.0
2025-01-14,7,3,120.0
2025-01-15,7,3,127.0
2025-01-16,7,3,122.0
2025-01-17,7,3,128.0
2025-01-18,7,3,118.0
2025-01-19,7,3,105.0
2025-01-20,7,3,121.0
2025-01-21,7,3,162.0
2025-01-22,7,3,155.0
2025-01-23,7,3,121.0
2025-01-24,7,3,140.0
2025-01-25,7,3,143.0
2025-01-26,7,3,121.0
2025-01-27,7,3,130.0
2025-01-28,7,3,142.0
2025-01-29,7,3,147.0
2025-01-30,7,3,152.0
2025-01-31,7,3,123.0
2025-02-01,7,3,131.0
2025-02-02,7,3,126.0
2025-02-03,7,3,132.0
2025-02-04,7,3,156.0
2025-02-05,7,3,153.0
2025-02-06,7,3,140.0
2025-02-07,7,3,135.0
2025-02-08,7,3,127.0
2025-02-09,7,3,125.0
2025-02-10,7,3,134.0
2025-02-11,7,3,157.0
2025-02-12,7,3,162.0
2025-02-13,7,3,157.0
2025-02-14,7,3,144.0
2025-02-15,7,3,147.0
2025-02-16,7,3,123.0
2025-02-17,7,3,166.0
2025-02-18,7,3,145.0
2025-02-19,7,3,179.0
2025-02-20,7,3,162.0
2025-02-21,7,3,137.0
2025-02-22,7,3,107.0
2025-02-23,7,3,122.0
2025-02-24,7,3,144.0
2025-02-25,7,3,170.0
2025-02-26,7,3,162.0
2025-02-27,7,3,160.0
2025-02-28,7,3,142.0
2025-03-01,7,3,141.0
2025-03-02,7,3,126.0
2025-03-03,7,3,152.0
2025-03-04,7,3,174.0
2025-03-05,7,3,200.0
2025-03-06,7,3,173.0
2025-03-07,7,3,148.0
2025-03-08,7,3,134.0
2025-03-09,7,3,151.0
2025-03-10,7,3,148.0
2025-03-11,7,3,172.0
2025-03-12,7,3,177.0
2025-03-13,7,3,163.0
2025-03-14,7,3,164.0
2025-03-15,7,3,143.0
2025-03-16,7,3,142.0
2025-03-17,7,3,154.0
2025-03-18,7,3,157.0
2025-03-19,7,3,159.0
2025-03-20,7,3,174.0
2025-03-21,7,3,171.0
2025-03-22,7,3,171.0
2025-03-23,7,3,162.0
2025-03-24,7,3,167.0
2025-03-25,7,3,177.0
2025-03-26,7,3,192.0
2025-03-27,7,3,164.0
2025-03-28,7,3,176.0
2025-03-29,7,3,146.0
2025-03-30,7,3,153.0
2025-03-31,7,3,162.0
2025-04-01,7,3,187.0
2025-04-02,7,3,177.0
2025-04-03,7,3,174.0
2025-04-04,7,3,141.0
2025-04-05,7,3,145.0
2025-04-06,7,3,162.0
2025-04-07,7,3,152.0
2025-04-08,7,3,174.0
2025-04-09,7,3,177.0
2025-04-10,7,3,162.0
2025-04-11,7,3,167.0
2025-04-12,7,3,153.0
2025-04-13,7,3,160.0
2025-04-14,7,3,174.0
2025-04-15,7,3,174.0
2025-04-16,7,3,195.0
2025-04-17,7,3,154.0
2025-04-18,7,3,153.0
2025-04-19,7,3,148.0
2025-04-20,7,3,128.0
2025-04-21,7,3,177.0
2025-04-22,7,3,162.0
2025-04-23,7,3,176.0
2025-04-24,7,3,175.0
2025-04-25,7,3,180.0
2025-04-26,7,3,125.0
2025-04-27,7,3,154.0
2025-04-28,7,3,156.0
2025-04-29,7,3,178.0
2025-04-30,7,3,184.0
2025-05-01,7,3,169.0
2025-05-02,7,3,152.0
2025-05-03,7,3,130.0
2025-05-04,7,3,133.0
2025-05-05,7,3,166.0
2025-05-06,7,3,158.0
2025-05-07,7,3,176.0
2025-05-08,7,3,177.0
2025-05-09,7,3,133.0
2025-05-10,7,3,154.0
2025-05-11,7,3,156.0
2025-05-12,7,3,157.0
2025-05-13,7,3,158.0
2025-05-14,7,3,174.0
2025-05-15,7,3,157.0
2025-05-16,7,3,137.0
2025-05-17,7,3,137.0
2025-05-18,7,3,128.0
2025-05-19,7,3,136.0
2025-05-20,7,3,155.0
2025-05-21,7,3,144.0
2025-05-22,7,3,169.0
2025-05-23,7,3,147.0
2025-05-24,7,3,122.0
2025-05-25,7,3,129.0
2025-05-26,7,3,155.0
2025-05-27,7,3,172.0
2025-05-28,7,3,161.0
2025-05-29,7,3,148.0
2025-05-30,7,3,118.0
2025-05-31,7,3,124.0
2025-06-01,7,3,117.0
2025-06-02,7,3,128.0
2025-06-03,7,3,168.0
2025-06-04,7,3,154.0
2025-06-05,7,3,148.0
2025-06-06,7,3,137.0
2025-06-07,7,3,121.0
2025-06-08,7,3,127.0
2025-06-09,7,3,137.0
2025-06-10,7,3,144.0
2025-06-11,7,3,154.0
2025-06-12,7,3,141.0
2025-06-13,7,3,129.0
2025-06-14,7,3,119.0
2025-06-15,7,3,144.0
2025-06-16,7,3,144.0
2025-06-17,7,3,153.0
2025-06-18,7,3,152.0
2025-06-19,7,3,142.0
2025-06-20,7,3,119.0
2025-06-21,7,3,127.0
2025-06-22,7,3,120.0
2025-06-23,7,3,134.0
2025-06-24,7,3,135.0
2025-06-25,7,3,131.0
2025-06-26,7,3,145.0
2025-06-27,7,3,119.0
2025-06-28,7,3,103.0
2025-06-29,7,3,115.0
2025-06-30,7,3,121.0
2025-07-01,7,3,152.0
2025-07-02,7,3,132.0
2025-07-03,7,3,132.0
2025-07-04,7,3,125.0
2025-07-05,7,3,111.0
2025-07-06,7,3,112.0
2025-07-07,7,3,111.0
2025-07-08,7,3,130.0
2025-07-09,7,3,136.0
2025-07-10,7,3,124.0
2025-07-11,7,3,125.0
2025-07-12,7,3,96.0
2025-07-13,7,3,101.0
2025-07-14,7,3,142.0
2025-07-15,7,3,133.0
2025-07-16,7,3,114.0
2025-07-17,7,3,122.0
2025-07-18,7,3,112.0
2025-07-19,7,3,84.0
2025-07-20,7,3,92.0
2025-07-21,7,3,93.0
2025-07-22,7,3,122.0
2025-07-23,7,3,102.0
2025-07-24,7,3,103.0
2025-07-25,7,3,81.0
2025-07-26,7,3,92.0
2025-07-27,7,3,87.0
2025-07-28,7,3,107.0
2025-07-29,7,3,93.0
2025-07-30,7,3,107.0
2025-07-31,7,3,116.0
2025-08-01,7,3,80.0
2025-08-02,7,3,96.0
2025-08-03,7,3,85.0
2025-08-04,7,3,88.0
2025-08-05,7,3,100.0
2025-08-06,7,3,114.0
2025-08-07,7,3,128.0
2025-08-08,7,3,120.0
2025-08-09,7,3,64.0
2025-08-10,7,3,90.0
2025-08-11,7,3,113.0
2025-08-12,7,3,91.0
2025-08-13,7,3,101.0
2025-08-14,7,3,102.0
2025-08-15,7,3,85.0
2025-08-16,7,3,60.0
2025-08-17,7,3,87.0
2025-08-18,7,3,95.0
2025-08-19,7,3,113.0
2025-08-20,7,3,111.0
2025-08-21,7,3,102.0
2025-08-22,7,3,82.0
2025-08-23,7,3,87.0
2025-08-24,7,3,60.0
2025-08-25,7,3,74.0
2025-08-26,7,3,111.0
2025-08-27,7,3,98.0
2025-08-28,7,3,82.0
2025-08-29,7,3,88.0
2025-08-30,7,3,78.0
2025-08-31,7,3,49.0
2025-09-01,7,3,92.0
2025-09-02,7,3,89.0
2025-09-03,7,3,105.0
2025-09-04,7,3,89.0
2025-09-05,7,3,84.0
2025-09-06,7,3,68.0
2025-09-07,7,3,56.0
2025-09-08,7,3,64.0
2025-09-09,7,3,79.0
2025-09-10,7,3,84.0
2025-09-11,7,3,93.0
2025-09-12,7,3,86.0
2025-09-13,7,3,62.0
2025-09-14,7,3,58.0
2025-09-15,7,3,81.0
2025-09-16,7,3,70.0
2025-09-17,7,3,103.0
2025-09-18,7,3,86.0
2025-09-19,7,3,74.0
2025-09-20,7,3,59.0
2025-09-21,7,3,61.0
2025-09-22,7,3,61.0
2025-09-23,7,3,102.0
2025-09-24,7,3,80.0
2025-09-25,7,3,78.0
2025-09-26,7,3,62.0
2025-09-27,7,3,74.0
2025-09-28,7,3,61.0
2025-09-29,7,3,91.0
2025-09-30,7,3,99.0
2025-10-01,7,3,84.0
2025-10-02,7,3,86.0
2025-10-03,7,3,54.0
2025-10-04,7,3,70.0
2025-10-05,7,3,61.0
2025-10-06,7,3,68.0
2025-10-07,7,3,90.0
2025-10-08,7,3,157.4910641935341
2025-10-09,7,3,159.2409649067956
2025-10-10,7,3,167.99046847310305
2025-10-11,7,3,141.7419577741807
2025-10-12,7,3,96.24453922938196
2025-10-13,7,3,173.2401706128875
2025-10-14,7,3,166.24056775984155
2025-10-15,7,3,68.0
2025-10-16,7,3,86.0
2025-10-17,7,3,58.0
2025-10-18,7,3,63.0
2025-10-19,7,3,93.0
2025-10-20,7,3,68.0
2025-10-21,7,3,80.0
2025-10-22,7,3,98.0
2025-10-23,7,3,82.0
2025-10-24,7,3,75.0
2025-10-25,7,3,71.0
2025-10-26,7,3,56.0
2025-10-27,7,3,89.0
2025-10-28,7,3,90.0
2025-10-29,7,3,114.0
2025-10-30,7,3,84.0
2025-10-31,7,3,73.0
2025-11-01,7,3,62.0
2025-11-02,7,3,71.0
2025-11-03,7,3,72.0
2025-11-04,7,3,108.0
2025-11-05,7,3,99.0
2025-11-06,7,3,107.0
2025-11-07,7,3,85.0
2025-11-08,7,3,96.0
2025-11-09,7,3,77.0
2025-11-10,7,3,88.0
2025-11-11,7,3,112.0
2025-11-12,7,3,85.0
2025-11-13,7,3,95.0
2025-11-14,7,3,87.0
2025-11-15,7,3,89.0
2025-11-16,7,3,95.0
2025-11-17,7,3,110.0
2025-11-18,7,3,106.0
2025-11-19,7,3,104.0
2025-11-20,7,3,106.0
2025-11-21,7,3,89.0
2025-11-22,7,3,65.0
2025-11-23,7,3,90.0
2025-11-24,7,3,91.0
2025-11-25,7,3,111.0
2025-11-26,7,3,114.0
2025-11-27,7,3,135.0
2025-11-28,7,3,108.0
2025-11-29,7,3,97.0
2025-11-30,7,3,105.0
2025-12-01,7,3,102.0
2025-12-02,7,3,105.0
2025-12-03,7,3,98.0
2025-12-04,7,3,121.0
2025-12-05,7,3,109.0
2025-12-06,7,3,86.0
2025-12-07,7,3,91.0
2025-12-08,7,3,102.0
2025-12-09,7,3,115.0
2025-12-10,7,3,122.0
2025-12-11,7,3,124.0
2025-12-12,7,3,120.0
2025-12-13,7,3,100.0
2025-12-14,7,3,119.0
2025-12-15,7,3,144.0
2025-12-16,7,3,135.0
2025-12-17,7,3,133.0
2025-12-18,7,3,99.0
2025-12-19,7,3,120.0
2025-12-20,7,3,107.0
2025-12-21,7,3,111.0
2025-12-22,7,3,120.0
2025-12-23,7,3,131.0
2025-12-24,7,3,128.0
2025-12-25,7,3,141.0
2025-12-26,7,3,88.0
2025-12-27,7,3,117.0
2025-12-28,7,3,98.0
2025-12-29,7,3,143.0
2025-12-30,7,3,138.0
2024-01-01,7,4,116.0
2024-01-02,7,4,115.0
2024-01-03,7,4,126.0
2024-01-04,7,4,123.0
2024-01-05,7,4,115.0
2024-01-06,7,4,129.0
2024-01-07,7,4,109.0
2024-01-08,7,4,124.0
2024-01-09,7,4,143.0
2024-01-10,7,4,142.0
2024-01-11,7,4,143.0
2024-01-12,7,4,119.0
2024-01-13,7,4,131.0
2024-01-14,7,4,112.0
2024-01-15,7,4,126.0
2024-01-16,7,4,132.0
2024-01-17,7,4,129.0
2024-01-18,7,4,128.0
2024-01-19,7,4,122.0
2024-01-20,7,4,114.0
2024-01-21,7,4,136.0
2024-01-22,7,4,129.0
2024-01-23,7,4,138.0
2024-01-24,7,4,139.0
2024-01-25,7,4,135.0
2024-01-26,7,4,131.0
2024-01-27,7,4,124.0
2024-01-28,7,4,144.0
2024-01-29,7,4,142.0
2024-01-30,7,4,139.0
2024-01-31,7,4,135.0
2024-02-01,7,4,136.0
2024-02-02,7,4,137.0
2024-02-03,7,4,146.0
2024-02-04,7,4,117.0
2024-02-05,7,4,143.0
2024-02-06,7,4,153.0
2024-02-07,7,4,127.0
2024-02-08,7,4,138.0
2024-02-09,7,4,123.0
2024-02-10,7,4,137.0
2024-02-11,7,4,130.0
2024-02-12,7,4,137.0
2024-02-13,7,4,139.0
2024-02-14,7,4,152.0
2024-02-15,7,4,144.0
2024-02-16,7,4,139.0
2024-02-17,7,4,136.0
2024-02-18,7,4,142.0
2024-02-19,7,4,138.0
2024-02-20,7,4,163.0
2024-02-21,7,4,133.0
2024-02-22,7,4,125.0
2024-02-23,7,4,120.0
2024-02-24,7,4,114.0
2024-02-25,7,4,145.0
2024-02-26,7,4,148.0
2024-02-27,7,4,160.0
2024-02-28,7,4,137.0
2024-02-29,7,4,153.0
2024-03-01,7,4,141.0
2024-03-02,7,4,139.0
2024-03-03,7,4,146.0
2024-03-04,7,4,136.0
2024-03-05,7,4,176.0
2024-03-06,7,4,164.0
2024-03-07,7,4,141.0
2024-03-08,7,4,130.0
2024-03-09,7,4,138.0
2024-03-10,7,4,142.0
2024-03-11,7,4,156.0
2024-03-12,7,4,137.0
2024-03-13,7,4,154.0
2024-03-14,7,4,132.0
2024-03-15,7,4,148.0
2024-03-16,7,4,139.0
2024-03-17,7,4,162.0
2024-03-18,7,4,130.0
2024-03-19,7,4,166.0
2024-03-20,7,4,134.0
2024-03-21,7,4,135.0
2024-03-22,7,4,126.0
2024-03-23,7,4,144.0
2024-03-24,7,4,130.0
2024-03-25,7,4,133.0
2024-03-26,7,4,154.0
2024-03-27,7,4,158.0
2024-03-28,7,4,150.0
2024-03-29,7,4,143.0
2024-03-30,7,4,161.0
2024-03-31,7,4,144.0
2024-04-01,7,4,156.0
2024-04-02,7,4,154.0
2024-04-03,7,4,142.0
2024-04-04,7,4,156.0
2024-04-05,7,4,138.0
2024-04-06,7,4,141.0
2024-04-07,7,4,146.0
2024-04-08,7,4,127.0
2024-04-09,7,4,135.0
2024-04-10,7,4,163.0
2024-04-11,7,4,143.0
2024-04-12,7,4,139.0
2024-04-13,7,4,144.0
2024-04-14,7,4,139.0
2024-04-15,7,4,152.0
2024-04-16,7,4,152.0
2024-04-17,7,4,156.0
2024-04-18,7,4,143.0
2024-04-19,7,4,147.0
2024-04-20,7,4,154.0
2024-04-21,7,4,137.0
2024-04-22,7,4,157.0
2024-04-23,7,4,152.0
2024-04-24,7,4,161.0
2024-04-25,7,4,151.0
2024-04-26,7,4,144.0
2024-04-27,7,4,145.0
2024-04-28,7,4,156.0
2024-04-29,7,4,150.0
2024-04-30,7,4,157.0
2024-05-01,7,4,149.0
2024-05-02,7,4,166.0
2024-05-03,7,4,151.0
2024-05-04,7,4,142.0
2024-05-05,7,4,141.0
2024-05-06,7,4,157.0
2024-05-07,7,4,144.0
2024-05-08,7,4,133.0
2024-05-09,7,4,149.0
2024-05-10,7,4,156.0
2024-05-11,7,4,157.0
2024-05-12,7,4,140.0
2024-05-13,7,4,146.0
2024-05-14,7,4,155.0
2024-05-15,7,4,148.0
2024-05-16,7,4,153.0
2024-05-17,7,4,141.0
2024-05-18,7,4,150.0
2024-05-19,7,4,147.0
2024-05-20,7,4,153.0
2024-05-21,7,4,146.0
2024-05-22,7,4,170.0
2024-05-23,7,4,151.0
2024-05-24,7,4,143.0
2024-05-25,7,4,129.0
2024-05-26,7,4,137.0
2024-05-27,7,4,144.0
2024-05-28,7,4,139.0
2024-05-29,7,4,145.0
2024-05-30,7,4,143.0
2024-05-31,7,4,140.0
2024-06-01,7,4,117.0
2024-06-02,7,4,135.0
2024-06-03,7,4,137.0
2024-06-04,7,4,145.0
2024-06-05,7,4,158.0
2024-06-06,7,4,165.0
2024-06-07,7,4,145.0
2024-06-08,7,4,121.0
2024-06-09,7,4,132.0
2024-06-10,7,4,146.0
2024-06-11,7,4,149.0
2024-06-12,7,4,155.0
2024-06-13,7,4,140.0
2024-06-14,7,4,132.0
2024-06-15,7,4,151.0
2024-06-16,7,4,134.0
2024-06-17,7,4,127.0
2024-06-18,7,4,158.0
2024-06-19,7,4,127.0
2024-06-20,7,4,102.0
2024-06-21,7,4,142.0
2024-06-22,7,4,141.0
2024-06-23,7,4,136.0
2024-06-24,7,4,122.0
2024-06-25,7,4,140.0
2024-06-26,7,4,138.0
2024-06-27,7,4,132.0
2024-06-28,7,4,147.0
2024-06-29,7,4,118.0
2024-06-30,7,4,133.0
2024-07-01,7,4,147.0
2024-07-02,7,4,143.0
2024-07-03,7,4,153.0
2024-07-04,7,4,142.0
2024-07-05,7,4,135.0
2024-07-06,7,4,131.0
2024-07-07,7,4,135.0
2024-07-08,7,4,128.0
2024-07-09,7,4,123.0
2024-07-10,7,4,148.0
2024-07-11,7,4,146.0
2024-07-12,7,4,131.0
2024-07-13,7,4,119.0
2024-07-14,7,4,109.0
2024-07-15,7,4,131.0
2024-07-16,7,4,120.0
2024-07-17,7,4,120.0
2024-07-18,7,4,132.0
2024-07-19,7,4,119.0
2024-07-20,7,4,127.0
2024-07-21,7,4,123.0
2024-07-22,7,4,122.0
2024-07-23,7,4,115.0
2024-07-24,7,4,125.0
2024-07-25,7,4,122.0
2024-07-26,7,4,160.17553349765868
2024-07-27,7,4,168.75636564931895
2024-07-28,7,4,157.3152561137719
2024-07-29,7,4,178.76733649292262
2024-07-30,7,4,134.0
2024-07-31,7,4,123.0
2024-08-01,7,4,133.0
2024-08-02,7,4,109.0
2024-08-03,7,4,108.0
2024-08-04,7,4,120.0
2024-08-05,7,4,133.0
2024-08-06,7,4,139.0
2024-08-07,7,4,148.0
2024-08-08,7,4,123.0
2024-08-09,7,4,121.0
2024-08-10,7,4,108.0
2024-08-11,7,4,106.0
2024-08-12,7,4,127.0
2024-08-13,7,4,120.0
2024-08-14,7,4,143.0
2024-08-15,7,4,110.0
2024-08-16,7,4,126.0
2024-08-17,7,4,107.0
2024-08-18,7,4,110.0
2024-08-19,7,4,129.0
2024-08-20,7,4,120.0
2024-08-21,7,4,123.0
2024-08-22,7,4,116.0
2024-08-23,7,4,139.0
2024-08-24,7,4,110.0
2024-08-25,7,4,118.0
2024-08-26,7,4,120.0
2024-08-27,7,4,129.0
2024-08-28,7,4,121.0
2024-08-29,7,4,122.0
2024-08-30,7,4,123.0
2024-08-31,7,4,106.0
2024-09-01,7,4,128.0
2024-09-02,7,4,134.0
2024-09-03,7,4,132.0
2024-09-04,7,4,127.0
2024-09-05,7,4,91.0
2024-09-06,7,4,123.0
2024-09-07,7,4,111.0
2024-09-08,7,4,113.0
2024-09-09,7,4,100.0
2024-09-10,7,4,130.0
2024-09-11,7,4,111.0
2024-09-12,7,4,124.0
2024-09-13,7,4,127.0
2024-09-14,7,4,110.0
2024-09-15,7,4,129.0
2024-09-16,7,4,112.0
2024-09-17,7,4,131.0
2024-09-18,7,4,112.0
2024-09-19,7,4,134.0
2024-09-20,7,4,127.0
2024-09-21,7,4,119.0
2024-09-22,7,4,111.0
2024-09-23,7,4,105.0
2024-09-24,7,4,121.0
2024-09-25,7,4,138.0
2024-09-26,7,4,124.0
2024-09-27,7,4,101.0
2024-09-28,7,4,103.0
2024-09-29,7,4,129.0
2024-09-30,7,4,126.0
2024-10-01,7,4,112.0
2024-10-02,7,4,107.0
2024-10-03,7,4,116.0
2024-10-04,7,4,98.0
2024-10-05,7,4,113.0
2024-10-06,7,4,142.0
2024-10-07,7,4,104.0
2024-10-08,7,4,124.0
2024-10-09,7,4,141.0
2024-10-10,7,4,132.0
2024-10-11,7,4,117.0
2024-10-12,7,4,114.0
2024-10-13,7,4,105.0
2024-10-14,7,4,119.0
2024-10-15,7,4,129.0
2024-10-16,7,4,140.0
2024-10-17,7,4,118.0
2024-10-18,7,4,118.0
2024-10-19,7,4,107.0
2024-10-20,7,4,120.0
2024-10-21,7,4,131.0
2024-10-22,7,4,134.0
2024-10-23,7,4,116.0
2024-10-24,7,4,127.0
2024-10-25,7,4,114.0
2024-10-26,7,4,129.0
2024-10-27,7,4,118.0
2024-10-28,7,4,108.0
2024-10-29,7,4,127.0
2024-10-30,7,4,135.0
2024-10-31,7,4,130.0
2024-11-01,7,4,117.0
2024-11-02,7,4,113.0
2024-11-03,7,4,110.0
2024-11-04,7,4,121.0
2024-11-05,7,4,121.0
2024-11-06,7,4,142.0
2024-11-07,7,4,119.0
2024-11-08,7,4,125.0
2024-11-09,7,4,122.0
2024-11-10,7,4,133.0
2024-11-11,7,4,139.0
2024-11-12,7,4,140.0
2024-11-13,7,4,137.0
2024-11-14,7,4,120.0
2024-11-15,7,4,115.0
2024-11-16,7,4,114.0
2024-11-17,7,4,133.0
2024-11-18,7,4,130.0
2024-11-19,7,4,144.0
2024-11-20,7,4,146.0
2024-11-21,7,4,125.0
2024-11-22,7,4,128.0
2024-11-23,7,4,125.0
2024-11-24,7,4,123.0
2024-11-25,7,4,126.0
2024-11-26,7,4,149.0
2024-11-27,7,4,138.0
2024-11-28,7,4,135.0
2024-11-29,7,4,122.0
2024-11-30,7,4,135.0
2024-12-01,7,4,118.0
2024-12-02,7,4,139.0
2024-12-03,7,4,144.0
2024-12-04,7,4,136.0
2024-12-05,7,4,141.0
2024-12-06,7,4,135.0
2024-12-07,7,4,130.0
2024-12-08,7,4,132.0
2024-12-09,7,4,137.0
2024-12-10,7,4,143.0
2024-12-11,7,4,143.0
2024-12-12,7,4,128.0
2024-12-13,7,4,134.0
2024-12-14,7,4,135.0
2024-12-15,7,4,135.0
2024-12-16,7,4,149.0
2024-12-17,7,4,151.0
2024-12-18,7,4,136.0
2024-12-19,7,4,141.0
2024-12-20,7,4,135.0
2024-12-21,7,4,135.0
2024-12-22,7,4,137.0
2024-12-23,7,4,148.0
2024-12-24,7,4,148.0
2024-12-25,7,4,161.0
2024-12-26,7,4,148.0
2024-12-27,7,4,132.0
2024-12-28,7,4,133.0
2024-12-29,7,4,146.0
2024-12-30,7,4,127.0
2024-12-31,7,4,135.0
2025-01-01,7,4,151.0
2025-01-02,7,4,158.0
2025-01-03,7,4,157.0
2025-01-04,7,4,138.0
2025-01-05,7,4,153.0
2025-01-06,7,4,148.0
2025-01-07,7,4,135.0
2025-01-08,7,4,153.0
2025-01-09,7,4,144.0
2025-01-10,7,4,156.0
2025-01-11,7,4,143.0
2025-01-12,7,4,131.0
2025-01-13,7,4,134.0
2025-01-14,7,4,154.0
2025-01-15,7,4,130.0
2025-01-16,7,4,148.0
2025-01-17,7,4,151.0
2025-01-18,7,4,134.0
2025-01-19,7,4,158.0
2025-01-20,7,4,165.0
2025-01-21,7,4,146.0
2025-01-22,7,4,155.0
2025-01-23,7,4,166.0
2025-01-24,7,4,151.0
2025-01-25,7,4,133.0
2025-01-26,7,4,148.0
2025-01-27,7,4,146.0
2025-01-28,7,4,171.0
2025-01-29,7,4,168.0
2025-01-30,7,4,155.0
2025-01-31,7,4,155.0
2025-02-01,7,4,137.0
2025-02-02,7,4,144.0
2025-02-03,7,4,174.0
2025-02-04,7,4,162.0
2025-02-05,7,4,173.0
2025-02-06,7,4,163.0
2025-02-07,7,4,170.0
2025-02-08,7,4,132.0
2025-02-09,7,4,152.0
2025-02-10,7,4,177.0
2025-02-11,7,4,174.0
2025-02-12,7,4,180.0
2025-02-13,7,4,163.0
2025-02-14,7,4,152.0
2025-02-15,7,4,144.0
2025-02-16,7,4,145.0
2025-02-17,7,4,170.0
2025-02-18,7,4,172.0
2025-02-19,7,4,167.0
2025-02-20,7,4,170.0
2025-02-21,7,4,161.0
2025-02-22,7,4,167.0
2025-02-23,7,4,168.0
2025-02-24,7,4,152.0
2025-02-25,7,4,171.0
2025-02-26,7,4,151.0
2025-02-27,7,4,168.0
2025-02-28,7,4,168.0
2025-03-01,7,4,145.0
2025-03-02,7,4,155.0
2025-03-03,7,4,165.0
2025-03-04,7,4,172.0
2025-03-05,7,4,168.0
2025-03-06,7,4,155.0
2025-03-07,7,4,162.0
2025-03-08,7,4,142.0
2025-03-09,7,4,159.0
2025-03-10,7,4,161.0
2025-03-11,7,4,169.0
2025-03-12,7,4,166.0
2025-03-13,7,4,153.0
2025-03-14,7,4,160.0
2025-03-15,7,4,171.0
2025-03-16,7,4,176.0
2025-03-17,7,4,193.0
2025-03-18,7,4,190.0
2025-03-19,7,4,160.0
2025-03-20,7,4,166.0
2025-03-21,7,4,165.0
2025-03-22,7,4,161.0
2025-03-23,7,4,164.0
2025-03-24,7,4,194.0
2025-03-25,7,4,161.0
2025-03-26,7,4,166.0
2025-03-27,7,4,188.0
2025-03-28,7,4,159.0
2025-03-29,7,4,167.0
2025-03-30,7,4,175.0
2025-03-31,7,4,174.0
2025-04-01,7,4,175.0
2025-04-02,7,4,185.0
2025-04-03,7,4,162.0
2025-04-04,7,4,161.0
2025-04-05,7,4,169.0
2025-04-06,7,4,142.0
2025-04-07,7,4,184.0
2025-04-08,7,4,177.0
2025-04-09,7,4,176.0
2025-04-10,7,4,154.0
2025-04-11,7,4,153.0
2025-04-12,7,4,159.0
2025-04-13,7,4,173.0
2025-04-14,7,4,147.0
2025-04-15,7,4,182.0
2025-04-16,7,4,171.0
2025-04-17,7,4,169.0
2025-04-18,7,4,169.0
2025-04-19,7,4,166.0
2025-04-20,7,4,157.0
2025-04-21,7,4,176.0
2025-04-22,7,4,149.0
2025-04-23,7,4,170.0
2025-04-24,7,4,173.0
2025-04-25,7,4,162.0
2025-04-26,7,4,143.0
2025-04-27,7,4,172.0
2025-04-28,7,4,155.0
2025-04-29,7,4,172.0
2025-04-30,7,4,176.0
2025-05-01,7,4,171.0
2025-05-02,7,4,178.0
2025-05-03,7,4,162.0
2025-05-04,7,4,168.0
2025-05-05,7,4,167.0
2025-05-06,7,4,179.0
2025-05-07,7,4,188.0
2025-05-08,7,4,171.0
2025-05-09,7,4,173.0
2025-05-10,7,4,177.0
2025-05-11,7,4,177.0
2025-05-12,7,4,163.0
2025-05-13,7,4,182.0
2025-05-14,7,4,175.0
2025-05-15,7,4,181.0
2025-05-16,7,4,170.0
2025-05-17,7,4,163.0
2025-05-18,7,4,166.0
2025-05-19,7,4,168.0
2025-05-20,7,4,173.0
2025-05-21,7,4,169.0
2025-05-22,7,4,165.0
2025-05-23,7,4,181.0
2025-05-24,7,4,164.0
2025-05-25,7,4,154.0
2025-05-26,7,4,161.0
2025-05-27,7,4,180.0
2025-05-28,7,4,162.0
2025-05-29,7,4,150.0
2025-05-30,7,4,146.0
2025-05-31,7,4,139.0
2025-06-01,7,4,144.0
2025-06-02,7,4,150.0
2025-06-03,7,4,182.0
2025-06-04,7,4,167.0
2025-06-05,7,4,161.0
2025-06-06,7,4,144.0
2025-06-07,7,4,154.0
2025-06-08,7,4,138.0
2025-06-09,7,4,157.0
2025-06-10,7,4,187.0
2025-06-11,7,4,173.0
2025-06-12,7,4,161.0
2025-06-13,7,4,165.0
2025-06-14,7,4,149.0
2025-06-15,7,4,146.0
2025-06-16,7,4,178.0
2025-06-17,7,4,151.0
2025-06-18,7,4,161.0
2025-06-19,7,4,164.0
2025-06-20,7,4,146.0
2025-06-21,7,4,226.65189054531675
2025-06-22,7,4,213.8225382502988
2025-06-23,7,4,235.2047920753287
2025-06-24,7,4,239.48124284033466
2025-06-25,7,4,228.07737413365206
2025-06-26,7,4,253.7360787236879
2025-06-27,7,4,209.54608748529284
2025-06-28,7,4,235.2047920753287
2025-06-29,7,4,164.0
2025-06-30,7,4,175.0
2025-07-01,7,4,162.0
2025-07-02,7,4,152.0
2025-07-03,7,4,180.0
2025-07-04,7,4,148.0
2025-07-05,7,4,140.0
2025-07-06,7,4,147.0
2025-07-07,7,4,143.0
2025-07-08,7,4,164.0
2025-07-09,7,4,152.0
2025-07-10,7,4,152.0
2025-07-11,7,4,161.0
2025-07-12,7,4,153.0
2025-07-13,7,4,148.0
2025-07-14,7,4,154.0
2025-07-15,7,4,156.0
2025-07-16,7,4,153.0
2025-07-17,7,4,154.0
2025-07-18,7,4,154.0
2025-07-19,7,4,144.0
2025-07-20,7,4,150.0
2025-07-21,7,4,141.0
2025-07-22,7,4,148.0
2025-07-23,7,4,148.0
2025-07-24,7,4,146.0
2025-07-25,7,4,160.0
2025-07-26,7,4,151.0
2025-07-27,7,4,133.0
2025-07-28,7,4,153.0
2025-07-29,7,4,149.0
2025-07-30,7,4,146.0
2025-07-31,7,4,134.0
2025-08-01,7,4,155.0
2025-08-02,7,4,127.0
2025-08-03,7,4,142.0
2025-08-04,7,4,137.0
2025-08-05,7,4,160.0
2025-08-06,7,4,149.0
2025-08-07,7,4,147.0
2025-08-08,7,4,142.0
2025-08-09,7,4,143.0
2025-08-10,7,4,141.0
2025-08-11,7,4,145.0
2025-08-12,7,4,144.0
2025-08-13,7,4,134.0
2025-08-14,7,4,136.0
2025-08-15,7,4,150.0
2025-08-16,7,4,136.0
2025-08-17,7,4,133.0
2025-08-18,7,4,129.0
2025-08-19,7,4,130.0
2025-08-20,7,4,142.0
2025-08-21,7,4,156.0
2025-08-22,7,4,135.0
2025-08-23,7,4,142.0
2025-08-24,7,4,132.0
2025-08-25,7,4,150.0
2025-08-26,7,4,144.0
2025-08-27,7,4,135.0
2025-08-28,7,4,142.0
2025-08-29,7,4,160.0
2025-08-30,7,4,156.0
2025-08-31,7,4,143.0
2025-09-01,7,4,141.0
2025-09-02,7,4,150.0
2025-09-03,7,4,151.0
2025-09-04,7,4,144.0
2025-09-05,7,4,144.0
2025-09-06,7,4,138.0
2025-09-07,7,4,134.0
2025-09-08,7,4,129.0
2025-09-09,7,4,141.0
2025-09-10,7,4,156.0
2025-09-11,7,4,144.0
2025-09-12,7,4,142.0
2025-09-13,7,4,133.0
2025-09-14,7,4,126.0
2025-09-15,7,4,139.0
2025-09-16,7,4,135.0
2025-09-17,7,4,136.0
2025-09-18,7,4,157.0
2025-09-19,7,4,134.0
2025-09-20,7,4,128.0
2025-09-21,7,4,154.0
2025-09-22,7,4,150.0
2025-09-23,7,4,142.0
2025-09-24,7,4,152.0
2025-09-25,7,4,141.0
2025-09-26,7,4,132.0
2025-09-27,7,4,141.0
2025-09-28,7,4,134.0
2025-09-29,7,4,142.0
2025-09-30,7,4,157.0
2025-10-01,7,4,157.0
2025-10-02,7,4,138.0
2025-10-03,7,4,144.0
2025-10-04,7,4,124.0
2025-10-05,7,4,142.0
2025-10-06,7,4,144.0
2025-10-07,7,4,151.0
2025-10-08,7,4,145.0
2025-10-09,7,4,167.0
2025-10-10,7,4,130.0
2025-10-11,7,4,147.0
2025-10-12,7,4,127.0
2025-10-13,7,4,148.0
2025-10-14,7,4,154.0
2025-10-15,7,4,149.0
2025-10-16,7,4,140.0
2025-10-17,7,4,142.0
2025-10-18,7,4,141.0
2025-10-19,7,4,158.0
2025-10-20,7,4,135.0
2025-10-21,7,4,143.0
2025-10-22,7,4,153.0
2025-10-23,7,4,144.0
2025-10-24,7,4,141.0
2025-10-25,7,4,150.0
2025-10-26,7,4,110.0
2025-10-27,7,4,139.0
2025-10-28,7,4,131.0
2025-10-29,7,4,138.0
2025-10-30,7,4,174.0
2025-10-31,7,4,150.0
2025-11-01,7,4,151.0
2025-11-02,7,4,141.0
2025-11-03,7,4,155.0
2025-11-04,7,4,133.0
2025-11-05,7,4,164.0
2025-11-06,7,4,141.0
2025-11-07,7,4,139.0
2025-11-08,7,4,148.0
2025-11-09,7,4,147.0
2025-11-10,7,4,149.0
2025-11-11,7,4,139.0
2025-11-12,7,4,156.0
2025-11-13,7,4,162.0
2025-11-14,7,4,141.0
2025-11-15,7,4,158.0
2025-11-16,7,4,136.0
2025-11-17,7,4,150.0
2025-11-18,7,4,172.0
2025-11-19,7,4,149.0
2025-11-20,7,4,165.0
2025-11-21,7,4,170.0
2025-11-22,7,4,148.0
2025-11-23,7,4,142.0
2025-11-24,7,4,144.0
2025-11-25,7,4,171.0
2025-11-26,7,4,172.0
2025-11-27,7,4,171.0
2025-11-28,7,4,151.0
2025-11-29,7,4,159.0
2025-11-30,7,4,149.0
2025-12-01,7,4,145.0
2025-12-02,7,4,172.0
2025-12-03,7,4,179.0
2025-12-04,7,4,147.0
2025-12-05,7,4,143.0
2025-12-06,7,4,151.0
2025-12-07,7,4,163.0
2025-12-08,7,4,145.0
2025-12-09,7,4,165.0
2025-12-10,7,4,157.0
2025-12-11,7,4,168.0
2025-12-12,7,4,148.0
2025-12-13,7,4,162.0
2025-12-14,7,4,153.0
2025-12-15,7,4,150.0
2025-12-16,7,4,165.0
2025-12-17,7,4,146.0
2025-12-18,7,4,157.0
2025-12-19,7,4,162.0
2025-12-20,7,4,137.0
2025-12-21,7,4,130.0
2025-12-22,7,4,137.0
2025-12-23,7,4,182.0
2025-12-24,7,4,168.0
2025-12-25,7,4,160.0
2025-12-26,7,4,171.0
2025-12-27,7,4,154.0
2025-12-28,7,4,163.0
2025-12-29,7,4,165.0
2025-12-30,7,4,165.0
2024-01-01,7,5,95.0
2024-01-02,7,5,98.0
2024-01-03,7,5,103.0
2024-01-04,7,5,102.0
2024-01-05,7,5,77.0
2024-01-06,7,5,83.0
2024-01-07,7,5,84.0
2024-01-08,7,5,90.0
2024-01-09,7,5,94.0
2024-01-10,7,5,110.0
2024-01-11,7,5,105.0
2024-01-12,7,5,89.0
2024-01-13,7,5,72.0
2024-01-14,7,5,80.0
2024-01-15,7,5,94.0
2024-01-16,7,5,111.0
2024-01-17,7,5,93.0
2024-01-18,7,5,96.0
2024-01-19,7,5,87.0
2024-01-20,7,5,84.0
2024-01-21,7,5,76.0
2024-01-22,7,5,95.0
2024-01-23,7,5,105.0
2024-01-24,7,5,101.0
2024-01-25,7,5,103.0
2024-01-26,7,5,89.0
2024-01-27,7,5,92.0
2024-01-28,7,5,82.0
2024-01-29,7,5,101.0
2024-01-30,7,5,103.0
2024-01-31,7,5,107.0
2024-02-01,7,5,109.0
2024-02-02,7,5,98.0
2024-02-03,7,5,86.0
2024-02-04,7,5,90.0
2024-02-05,7,5,89.0
2024-02-06,7,5,125.0
2024-02-07,7,5,121.0
2024-02-08,7,5,115.0
2024-02-09,7,5,84.0
2024-02-10,7,5,87.0
2024-02-11,7,5,92.0
2024-02-12,7,5,87.0
2024-02-13,7,5,122.0
2024-02-14,7,5,130.0
2024-02-15,7,5,129.0
2024-02-16,7,5,91.0
2024-02-17,7,5,95.0
2024-02-18,7,5,109.0
2024-02-19,7,5,104.0
2024-02-20,7,5,111.0
2024-02-21,7,5,102.0
2024-02-22,7,5,123.0
2024-02-23,7,5,102.0
2024-02-24,7,5,89.0
2024-02-25,7,5,101.0
2024-02-26,7,5,110.0
2024-02-27,7,5,120.0
2024-02-28,7,5,119.0
2024-02-29,7,5,129.0
2024-03-01,7,5,103.0
2024-03-02,7,5,112.0
2024-03-03,7,5,105.0
2024-03-04,7,5,113.0
2024-03-05,7,5,119.0
2024-03-06,7,5,131.0
2024-03-07,7,5,117.0
2024-03-08,7,5,97.0
2024-03-09,7,5,90.0
2024-03-10,7,5,105.0
2024-03-11,7,5,103.0
2024-03-12,7,5,120.0
2024-03-13,7,5,133.0
2024-03-14,7,5,120.0
2024-03-15,7,5,100.0
2024-03-16,7,5,113.0
2024-03-17,7,5,108.0
2024-03-18,7,5,121.0
2024-03-19,7,5,101.0
2024-03-20,7,5,127.0
2024-03-21,7,5,126.0
2024-03-22,7,5,123.0
2024-03-23,7,5,88.0
2024-03-24,7,5,114.0
2024-03-25,7,5,128.0
2024-03-26,7,5,104.0
2024-03-27,7,5,129.0
2024-03-28,7,5,124.0
2024-03-29,7,5,105.0
2024-03-30,7,5,97.0
2024-03-31,7,5,110.0
2024-04-01,7,5,108.0
2024-04-02,7,5,121.0
2024-04-03,7,5,133.0
2024-04-04,7,5,135.0
2024-04-05,7,5,113.0
2024-04-06,7,5,103.0
2024-04-07,7,5,99.0
2024-04-08,7,5,104.0
2024-04-09,7,5,133.0
2024-04-10,7,5,124.0
2024-04-11,7,5,129.0
2024-04-12,7,5,105.0
2024-04-13,7,5,96.0
2024-04-14,7,5,108.0
2024-04-15,7,5,113.0
2024-04-16,7,5,112.0
2024-04-17,7,5,142.0
2024-04-18,7,5,113.0
2024-04-19,7,5,116.0
2024-04-20,7,5,109.0
2024-04-21,7,5,92.0
2024-04-22,7,5,104.0
2024-04-23,7,5,120.0
2024-04-24,7,5,117.0
2024-04-25,7,5,133.0
2024-04-26,7,5,105.0
2024-04-27,7,5,108.0
2024-04-28,7,5,107.0
2024-04-29,7,5,114.0
2024-04-30,7,5,122.0
2024-05-01,7,5,135.0
2024-05-02,7,5,110.0
2024-05-03,7,5,122.0
2024-05-04,7,5,88.0
2024-05-05,7,5,109.0
2024-05-06,7,5,98.0
2024-05-07,7,5,118.0
2024-05-08,7,5,123.0
2024-05-09,7,5,111.0
2024-05-10,7,5,103.0
2024-05-11,7,5,86.0
2024-05-12,7,5,91.0
2024-05-13,7,5,114.0
2024-05-14,7,5,119.0
2024-05-15,7,5,115.0
2024-05-16,7,5,126.0
2024-05-17,7,5,93.0
2024-05-18,7,5,94.0
2024-05-19,7,5,94.0
2024-05-20,7,5,114.0
2024-05-21,7,5,118.0
2024-05-22,7,5,119.0
2024-05-23,7,5,96.0
2024-05-24,7,5,110.0
2024-05-25,7,5,93.0
2024-05-26,7,5,98.0
2024-05-27,7,5,100.0
2024-05-28,7,5,108.0
2024-05-29,7,5,131.0
2024-05-30,7,5,95.0
2024-05-31,7,5,91.0
2024-06-01,7,5,107.0
2024-06-02,7,5,101.0
2024-06-03,7,5,102.0
2024-06-04,7,5,125.0
2024-06-05,7,5,120.0
2024-06-06,7,5,111.0
2024-06-07,7,5,100.0
2024-06-08,7,5,95.0
2024-06-09,7,5,98.0
2024-06-10,7,5,122.0
2024-06-11,7,5,110.0
2024-06-12,7,5,112.0
2024-06-13,7,5,96.0
2024-06-14,7,5,96.0
2024-06-15,7,5,106.0
2024-06-16,7,5,100.0
2024-06-17,7,5,96.0
2024-06-18,7,5,110.0
2024-06-19,7,5,100.0
2024-06-20,7,5,96.0
2024-06-21,7,5,95.0
2024-06-22,7,5,82.0
2024-06-23,7,5,80.0
2024-06-24,7,5,103.0
2024-06-25,7,5,107.0
2024-06-26,7,5,95.0
2024-06-27,7,5,84.0
2024-06-28,7,5,86.0
2024-06-29,7,5,70.0
2024-06-30,7,5,70.0
2024-07-01,7,5,106.0
2024-07-02,7,5,104.0
2024-07-03,7,5,105.0
2024-07-04,7,5,99.0
2024-07-05,7,5,79.0
2024-07-06,7,5,86.0
2024-07-07,7,5,83.0
2024-07-08,7,5,87.0
2024-07-09,7,5,97.0
2024-07-10,7,5,94.0
2024-07-11,7,5,94.0
2024-07-12,7,5,85.0
2024-07-13,7,5,76.0
2024-07-14,7,5,83.0
2024-07-15,7,5,91.0
2024-07-16,7,5,103.0
2024-07-17,7,5,111.0
2024-07-18,7,5,101.0
2024-07-19,7,5,94.0
2024-07-20,7,5,70.0
2024-07-21,7,5,75.0
2024-07-22,7,5,95.0
2024-07-23,7,5,105.0
2024-07-24,7,5,94.0
2024-07-25,7,5,99.0
2024-07-26,7,5,74.0
2024-07-27,7,5,80.0
2024-07-28,7,5,78.0
2024-07-29,7,5,75.0
2024-07-30,7,5,93.0
2024-07-31,7,5,118.0
2024-08-01,7,5,94.0
2024-08-02,7,5,102.0
2024-08-03,7,5,61.0
2024-08-04,7,5,83.0
2024-08-05,7,5,62.0
2024-08-06,7,5,95.0
2024-08-07,7,5,102.0
2024-08-08,7,5,97.0
2024-08-09,7,5,72.0
2024-08-10,7,5,82.0
2024-08-11,7,5,69.0
2024-08-12,7,5,82.0
2024-08-13,7,5,89.0
2024-08-14,7,5,85.0
2024-08-15,7,5,102.0
2024-08-16,7,5,78.0
2024-08-17,7,5,80.0
2024-08-18,7,5,82.0
2024-08-19,7,5,73.0
2024-08-20,7,5,102.0
2024-08-21,7,5,98.0
2024-08-22,7,5,77.0
2024-08-23,7,5,80.0
2024-08-24,7,5,60.0
2024-08-25,7,5,86.0
2024-08-26,7,5,88.0
2024-08-27,7,5,89.0
2024-08-28,7,5,104.0
2024-08-29,7,5,71.0
2024-08-30,7,5,68.0
2024-08-31,7,5,66.0
2024-09-01,7,5,90.0
2024-09-02,7,5,70.0
2024-09-03,7,5,74.0
2024-09-04,7,5,78.0
2024-09-05,7,5,93.0
2024-09-06,7,5,68.0
2024-09-07,7,5,66.0
2024-09-08,7,5,76.0
2024-09-09,7,5,77.0
2024-09-10,7,5,90.0
2024-09-11,7,5,95.0
2024-09-12,7,5,80.0
2024-09-13,7,5,72.0
2024-09-14,7,5,69.0
2024-09-15,7,5,77.0
2024-09-16,7,5,71.0
2024-09-17,7,5,61.0
2024-09-18,7,5,96.0
2024-09-19,7,5,92.0
2024-09-20,7,5,75.0
2024-09-21,7,5,69.0
2024-09-22,7,5,63.0
2024-09-23,7,5,83.0
2024-09-24,7,5,95.0
2024-09-25,7,5,90.0
2024-09-26,7,5,106.0
2024-09-27,7,5,59.0
2024-09-28,7,5,68.0
2024-09-29,7,5,58.0
2024-09-30,7,5,86.0
2024-10-01,7,5,73.0
2024-10-02,7,5,78.0
2024-10-03,7,5,78.0
2024-10-04,7,5,75.0
2024-10-05,7,5,61.0
2024-10-06,7,5,64.0
2024-10-07,7,5,77.0
2024-10-08,7,5,86.0
2024-10-09,7,5,104.0
2024-10-10,7,5,90.0
2024-10-11,7,5,71.0
2024-10-12,7,5,86.0
2024-10-13,7,5,74.0
2024-10-14,7,5,70.0
2024-10-15,7,5,91.0
2024-10-16,7,5,96.0
2024-10-17,7,5,79.0
2024-10-18,7,5,65.0
2024-10-19,7,5,69.0
2024-10-20,7,5,67.0
2024-10-21,7,5,94.0
2024-10-22,7,5,97.0
2024-10-23,7,5,87.0
2024-10-24,7,5,90.0
2024-10-25,7,5,87.0
2024-10-26,7,5,57.0
2024-10-27,7,5,62.0
2024-10-28,7,5,81.0
2024-10-29,7,5,91.0
2024-10-30,7,5,93.0
2024-10-31,7,5,85.0
2024-11-01,7,5,74.0
2024-11-02,7,5,74.0
2024-11-03,7,5,83.0
2024-11-04,7,5,79.0
2024-11-05,7,5,115.0
2024-11-06,7,5,113.0
2024-11-07,7,5,101.0
2024-11-08,7,5,84.0
2024-11-09,7,5,90.0
2024-11-10,7,5,72.0
2024-11-11,7,5,77.0
2024-11-12,7,5,90.0
2024-11-13,7,5,88.0
2024-11-14,7,5,92.0
2024-11-15,7,5,83.0
2024-11-16,7,5,76.0
2024-11-17,7,5,77.0
2024-11-18,7,5,88.0
2024-11-19,7,5,112.0
2024-11-20,7,5,105.0
2024-11-21,7,5,101.0
2024-11-22,7,5,84.0
2024-11-23,7,5,62.0
2024-11-24,7,5,63.0
2024-11-25,7,5,108.0
2024-11-26,7,5,94.0
2024-11-27,7,5,96.0
2024-11-28,7,5,97.0
2024-11-29,7,5,90.0
2024-11-30,7,5,85.0
2024-12-01,7,5,97.0
2024-12-02,7,5,105.0
2024-12-03,7,5,94.0
2024-12-04,7,5,113.0
2024-12-05,7,5,94.0
2024-12-06,7,5,86.0
2024-12-07,7,5,71.0
2024-12-08,7,5,69.0
2024-12-09,7,5,94.0
2024-12-10,7,5,95.0
2024-12-11,7,5,115.0
2024-12-12,7,5,98.0
2024-12-13,7,5,93.0
2024-12-14,7,5,96.0
2024-12-15,7,5,73.0
2024-12-16,7,5,90.0
2024-12-17,7,5,108.0
2024-12-18,7,5,112.0
2024-12-19,7,5,113.0
2024-12-20,7,5,101.0
2024-12-21,7,5,87.0
2024-12-22,7,5,92.0
2024-12-23,7,5,102.0
2024-12-24,7,5,96.0
2024-12-25,7,5,111.0
2024-12-26,7,5,108.0
2024-12-27,7,5,100.0
2024-12-28,7,5,81.0
2024-12-29,7,5,81.0
2024-12-30,7,5,100.0
2024-12-31,7,5,130.0
2025-01-01,7,5,107.0
2025-01-02,7,5,119.0
2025-01-03,7,5,113.0
2025-01-04,7,5,92.0
2025-01-05,7,5,89.0
2025-01-06,7,5,109.0
2025-01-07,7,5,116.0
2025-01-08,7,5,110.0
2025-01-09,7,5,105.0
2025-01-10,7,5,105.0
2025-01-11,7,5,103.0
2025-01-12,7,5,95.0
2025-01-13,7,5,107.0
2025-01-14,7,5,123.0
2025-01-15,7,5,119.0
2025-01-16,7,5,111.0
2025-01-17,7,5,97.0
2025-01-18,7,5,91.0
2025-01-19,7,5,124.0
2025-01-20,7,5,108.0
2025-01-21,7,5,132.0
2025-01-22,7,5,138.0
2025-01-23,7,5,115.0
2025-01-24,7,5,110.0
2025-01-25,7,5,101.0
2025-01-26,7,5,88.0
2025-01-27,7,5,99.0
2025-01-28,7,5,123.0
2025-01-29,7,5,122.0
2025-01-30,7,5,136.0
2025-01-31,7,5,107.0
2025-02-01,7,5,120.0
2025-02-02,7,5,101.0
2025-02-03,7,5,132.0
2025-02-04,7,5,130.0
2025-02-05,7,5,133.0
2025-02-06,7,5,117.0
2025-02-07,7,5,116.0
2025-02-08,7,5,120.0
2025-02-09,7,5,106.0
2025-02-10,7,5,114.0
2025-02-11,7,5,125.0
2025-02-12,7,5,145.0
2025-02-13,7,5,131.0
2025-02-14,7,5,126.0
2025-02-15,7,5,110.0
2025-02-16,7,5,110.0
2025-02-17,7,5,123.0
2025-02-18,7,5,139.0
2025-02-19,7,5,130.0
2025-02-20,7,5,138.0
2025-02-21,7,5,119.0
2025-02-22,7,5,37.26269366846065
2025-02-23,7,5,51.39681885304917
2025-02-24,7,5,47.113750615295075
2025-02-25,7,5,59.534648504781956
2025-02-26,7,5,60.81956897610819
2025-02-27,7,5,55.67988709080326
2025-02-28,7,5,52.253432500599985
2025-03-01,7,5,51.82512567682458
2025-03-02,7,5,109.0
2025-03-03,7,5,130.0
2025-03-04,7,5,143.0
2025-03-05,7,5,151.0
2025-03-06,7,5,119.0
2025-03-07,7,5,122.0
2025-03-08,7,5,103.0
2025-03-09,7,5,105.0
2025-03-10,7,5,128.0
2025-03-11,7,5,135.0
2025-03-12,7,5,147.0
2025-03-13,7,5,127.0
2025-03-14,7,5,118.0
2025-03-15,7,5,115.0
2025-03-16,7,5,108.0
2025-03-17,7,5,119.0
2025-03-18,7,5,145.0
2025-03-19,7,5,133.0
2025-03-20,7,5,142.0
2025-03-21,7,5,126.0
2025-03-22,7,5,100.0
2025-03-23,7,5,121.0
2025-03-24,7,5,131.0
2025-03-25,7,5,140.0
2025-03-26,7,5,137.0
2025-03-27,7,5,123.0
2025-03-28,7,5,133.0
2025-03-29,7,5,114.0
2025-03-30,7,5,109.0
2025-03-31,7,5,131.0
2025-04-01,7,5,129.0
2025-04-02,7,5,130.0
2025-04-03,7,5,129.0
2025-04-04,7,5,115.0
2025-04-05,7,5,107.0
2025-04-06,7,5,124.0
2025-04-07,7,5,126.0
2025-04-08,7,5,148.0
2025-04-09,7,5,131.0
2025-04-10,7,5,116.0
2025-04-11,7,5,123.0
2025-04-12,7,5,131.0
2025-04-13,7,5,122.0
2025-04-14,7,5,156.0
2025-04-15,7,5,139.0
2025-04-16,7,5,244.46892195388133
2025-04-17,7,5,195.57513756310507
2025-04-18,7,5,218.27582317310834
2025-04-19,7,5,202.55996390464455
2025-04-20,7,5,197.32134414848994
2025-04-21,7,5,218.27582317310834
2025-04-22,7,5,235.73788902695702
2025-04-23,7,5,237.4840956123419
2025-04-24,7,5,261.93098780773
2025-04-25,7,5,117.0
2025-04-26,7,5,115.0
2025-04-27,7,5,112.0
2025-04-28,7,5,132.0
2025-04-29,7,5,136.0
2025-04-30,7,5,134.0
2025-05-01,7,5,113.0
2025-05-02,7,5,122.0
2025-05-03,7,5,110.0
2025-05-04,7,5,114.0
2025-05-05,7,5,114.0
2025-05-06,7,5,147.0
2025-05-07,7,5,144.0
2025-05-08,7,5,142.0
2025-05-09,7,5,129.0
2025-05-10,7,5,117.0
2025-05-11,7,5,103.0
2025-05-12,7,5,140.0
2025-05-13,7,5,124.0
2025-05-14,7,5,132.0
2025-05-15,7,5,134.0
2025-05-16,7,5,124.0
2025-05-17,7,5,115.0
2025-05-18,7,5,109.0
2025-05-19,7,5,116.0
2025-05-20,7,5,154.0
2025-05-21,7,5,133.0
2025-05-22,7,5,125.0
2025-05-23,7,5,109.0
2025-05-24,7,5,111.0
2025-05-25,7,5,112.0
2025-05-26,7,5,120.0
2025-05-27,7,5,133.0
2025-05-28,7,5,147.0
2025-05-29,7,5,119.0
2025-05-30,7,5,114.0
2025-05-31,7,5,101.0
2025-06-01,7,5,111.0
2025-06-02,7,5,113.0
2025-06-03,7,5,123.0
2025-06-04,7,5,116.0
2025-06-05,7,5,123.0
2025-06-06,7,5,116.0
2025-06-07,7,5,122.0
2025-06-08,7,5,111.0
2025-06-09,7,5,112.0
2025-06-10,7,5,113.0
2025-06-11,7,5,116.0
2025-06-12,7,5,109.0
2025-06-13,7,5,127.0
2025-06-14,7,5,105.0
2025-06-15,7,5,99.0
2025-06-16,7,5,105.0
2025-06-17,7,5,115.0
2025-06-18,7,5,120.0
2025-06-19,7,5,130.0
2025-06-20,7,5,107.0
2025-06-21,7,5,87.0
2025-06-22,7,5,123.0
2025-06-23,7,5,101.0
2025-06-24,7,5,116.0
2025-06-25,7,5,135.0
2025-06-26,7,5,120.0
2025-06-27,7,5,101.0
2025-06-28,7,5,87.0
2025-06-29,7,5,91.0
2025-06-30,7,5,101.0
2025-07-01,7,5,119.0
2025-07-02,7,5,122.0
2025-07-03,7,5,112.0
2025-07-04,7,5,102.0
2025-07-05,7,5,86.0
2025-07-06,7,5,101.0
2025-07-07,7,5,119.0
2025-07-08,7,5,115.0
2025-07-09,7,5,117.0
2025-07-10,7,5,112.0
2025-07-11,7,5,111.0
2025-07-12,7,5,86.0
2025-07-13,7,5,109.0
2025-07-14,7,5,109.0
2025-07-15,7,5,114.0
2025-07-16,7,5,127.0
2025-07-17,7,5,99.0
2025-07-18,7,5,103.0
2025-07-19,7,5,95.0
2025-07-20,7,5,85.0
2025-07-21,7,5,107.0
2025-07-22,7,5,115.0
2025-07-23,7,5,112.0
2025-07-24,7,5,115.0
2025-07-25,7,5,91.0
2025-07-26,7,5,92.0
2025-07-27,7,5,90.0
2025-07-28,7,5,95.0
2025-07-29,7,5,115.0
2025-07-30,7,5,110.0
2025-07-31,7,5,92.0
2025-08-01,7,5,78.0
2025-08-02,7,5,95.0
2025-08-03,7,5,78.0
2025-08-04,7,5,101.0
2025-08-05,7,5,109.0
2025-08-06,7,5,107.0
2025-08-07,7,5,121.0
2025-08-08,7,5,94.0
2025-08-09,7,5,92.0
2025-08-10,7,5,90.0
2025-08-11,7,5,95.0
2025-08-12,7,5,106.0
2025-08-13,7,5,122.0
2025-08-14,7,5,111.0
2025-08-15,7,5,108.0
2025-08-16,7,5,86.0
2025-08-17,7,5,78.0
2025-08-18,7,5,91.0
2025-08-19,7,5,94.0
2025-08-20,7,5,114.0
2025-08-21,7,5,95.0
2025-08-22,7,5,62.0
2025-08-23,7,5,105.0
2025-08-24,7,5,80.0
2025-08-25,7,5,89.0
2025-08-26,7,5,119.0
2025-08-27,7,5,95.0
2025-08-28,7,5,109.0
2025-08-29,7,5,83.0
2025-08-30,7,5,69.0
2025-08-31,7,5,99.0
2025-09-01,7,5,101.0
2025-09-02,7,5,111.0
2025-09-03,7,5,108.0
2025-09-04,7,5,103.0
2025-09-05,7,5,76.0
2025-09-06,7,5,81.0
2025-09-07,7,5,74.0
2025-09-08,7,5,80.0
2025-09-09,7,5,105.0
2025-09-10,7,5,114.0
2025-09-11,7,5,94.0
2025-09-12,7,5,85.0
2025-09-13,7,5,69.0
2025-09-14,7,5,82.0
2025-09-15,7,5,98.0
2025-09-16,7,5,108.0
2025-09-17,7,5,108.0
2025-09-18,7,5,91.0
2025-09-19,7,5,80.0
2025-09-20,7,5,87.0
2025-09-21,7,5,89.0
2025-09-22,7,5,90.0
2025-09-23,7,5,97.0
2025-09-24,7,5,114.0
2025-09-25,7,5,93.0
2025-09-26,7,5,93.0
2025-09-27,7,5,78.0
2025-09-28,7,5,72.0
2025-09-29,7,5,106.0
2025-09-30,7,5,102.0
2025-10-01,7,5,97.0
2025-10-02,7,5,84.0
2025-10-03,7,5,74.0
2025-10-04,7,5,76.0
2025-10-05,7,5,99.0
2025-10-06,7,5,86.0
2025-10-07,7,5,114.0
2025-10-08,7,5,102.0
2025-10-09,7,5,86.0
2025-10-10,7,5,82.0
2025-10-11,7,5,69.0
2025-10-12,7,5,75.0
2025-10-13,7,5,84.0
2025-10-14,7,5,85.0
2025-10-15,7,5,118.0
2025-10-16,7,5,100.0
2025-10-17,7,5,81.0
2025-10-18,7,5,83.0
2025-10-19,7,5,76.0
2025-10-20,7,5,69.0
2025-10-21,7,5,130.0
2025-10-22,7,5,107.0
2025-10-23,7,5,94.0
2025-10-24,7,5,71.0
2025-10-25,7,5,69.0
2025-10-26,7,5,100.0
2025-10-27,7,5,108.0
2025-10-28,7,5,111.0
2025-10-29,7,5,97.0
2025-10-30,7,5,114.0
2025-10-31,7,5,94.0
2025-11-01,7,5,89.0
2025-11-02,7,5,90.0
2025-11-03,7,5,82.0
2025-11-04,7,5,95.0
2025-11-05,7,5,104.0
2025-11-06,7,5,108.0
2025-11-07,7,5,79.0
2025-11-08,7,5,84.0
2025-11-09,7,5,86.0
2025-11-10,7,5,105.0
2025-11-11,7,5,114.0
2025-11-12,7,5,101.0
2025-11-13,7,5,117.0
2025-11-14,7,5,83.0
2025-11-15,7,5,97.0
2025-11-16,7,5,85.0
2025-11-17,7,5,101.0
2025-11-18,7,5,111.0
2025-11-19,7,5,114.0
2025-11-20,7,5,112.0
2025-11-21,7,5,99.0
2025-11-22,7,5,96.0
2025-11-23,7,5,96.0
2025-11-24,7,5,90.0
2025-11-25,7,5,114.0
2025-11-26,7,5,109.0
2025-11-27,7,5,98.0
2025-11-28,7,5,95.0
2025-11-29,7,5,93.0
2025-11-30,7,5,96.0
2025-12-01,7,5,114.0
2025-12-02,7,5,126.0
2025-12-03,7,5,120.0
2025-12-04,7,5,115.0
2025-12-05,7,5,101.0
2025-12-06,7,5,101.0
2025-12-07,7,5,101.0
2025-12-08,7,5,106.0
2025-12-09,7,5,136.0
2025-12-10,7,5,114.0
2025-12-11,7,5,126.0
2025-12-12,7,5,91.0
2025-12-13,7,5,104.0
2025-12-14,7,5,112.0
2025-12-15,7,5,92.0
2025-12-16,7,5,120.0
2025-12-17,7,5,128.0
2025-12-18,7,5,118.0
2025-12-19,7,5,109.0
2025-12-20,7,5,101.0
2025-12-21,7,5,92.0
2025-12-22,7,5,133.0
2025-12-23,7,5,117.0
2025-12-24,7,5,129.0
2025-12-25,7,5,113.0
2025-12-26,7,5,88.0
2025-12-27,7,5,94.0
2025-12-28,7,5,92.0
2025-12-29,7,5,125.0
2025-12-30,7,5,119.0
2024-01-01,8,1,130.0
2024-01-02,8,1,141.0
2024-01-03,8,1,141.0
2024-01-04,8,1,125.0
2024-01-05,8,1,139.0
2024-01-06,8,1,122.0
2024-01-07,8,1,153.0
2024-01-08,8,1,151.0
2024-01-09,8,1,123.0
2024-01-10,8,1,141.0
2024-01-11,8,1,160.0
2024-01-12,8,1,143.0
2024-01-13,8,1,132.0
2024-01-14,8,1,106.0
2024-01-15,8,1,136.0
2024-01-16,8,1,147.0
2024-01-17,8,1,122.0
2024-01-18,8,1,150.0
2024-01-19,8,1,129.0
2024-01-20,8,1,138.0
2024-01-21,8,1,137.0
2024-01-22,8,1,139.0
2024-01-23,8,1,157.0
2024-01-24,8,1,152.0
2024-01-25,8,1,178.0
2024-01-26,8,1,161.0
2024-01-27,8,1,125.0
2024-01-28,8,1,152.0
2024-01-29,8,1,135.0
2024-01-30,8,1,136.0
2024-01-31,8,1,134.0
2024-02-01,8,1,144.0
2024-02-02,8,1,154.0
2024-02-03,8,1,141.0
2024-02-04,8,1,147.0
2024-02-05,8,1,108.0
2024-02-06,8,1,150.0
2024-02-07,8,1,141.0
2024-02-08,8,1,132.0
2024-02-09,8,1,130.0
2024-02-10,8,1,142.0
2024-02-11,8,1,150.0
2024-02-12,8,1,138.0
2024-02-13,8,1,161.0
2024-02-14,8,1,166.0
2024-02-15,8,1,156.0
2024-02-16,8,1,136.0
2024-02-17,8,1,137.0
2024-02-18,8,1,149.0
2024-02-19,8,1,142.0
2024-02-20,8,1,164.0
2024-02-21,8,1,145.0
2024-02-22,8,1,159.0
2024-02-23,8,1,159.0
2024-02-24,8,1,147.0
2024-02-25,8,1,135.0
2024-02-26,8,1,133.0
2024-02-27,8,1,145.0
2024-02-28,8,1,165.0
2024-02-29,8,1,154.0
2024-03-01,8,1,143.0
2024-03-02,8,1,151.0
2024-03-03,8,1,125.0
2024-03-04,8,1,151.0
2024-03-05,8,1,146.0
2024-03-06,8,1,145.0
2024-03-07,8,1,151.0
2024-03-08,8,1,181.0
2024-03-09,8,1,155.0
2024-03-10,8,1,136.0
2024-03-11,8,1,169.0
2024-03-12,8,1,145.0
2024-03-13,8,1,180.0
2024-03-14,8,1,148.0
2024-03-15,8,1,154.0
2024-03-16,8,1,173.0
2024-03-17,8,1,146.0
2024-03-18,8,1,178.0
2024-03-19,8,1,161.0
2024-03-20,8,1,162.0
2024-03-21,8,1,149.0
2024-03-22,8,1,170.0
2024-03-23,8,1,144.0
2024-03-24,8,1,173.0
2024-03-25,8,1,149.0
2024-03-26,8,1,157.0
2024-03-27,8,1,175.0
2024-03-28,8,1,159.0
2024-03-29,8,1,157.0
2024-03-30,8,1,135.0
2024-03-31,8,1,153.0
2024-04-01,8,1,161.0
2024-04-02,8,1,183.0
2024-04-03,8,1,158.0
2024-04-04,8,1,164.0
2024-04-05,8,1,168.0
2024-04-06,8,1,151.0
2024-04-07,8,1,164.0
2024-04-08,8,1,186.0
2024-04-09,8,1,163.0
2024-04-10,8,1,179.0
2024-04-11,8,1,166.0
2024-04-12,8,1,164.0
2024-04-13,8,1,158.0
2024-04-14,8,1,164.0
2024-04-15,8,1,169.0
2024-04-16,8,1,161.0
2024-04-17,8,1,157.0
2024-04-18,8,1,165.0
2024-04-19,8,1,136.0
2024-04-20,8,1,157.0
2024-04-21,8,1,160.0
2024-04-22,8,1,154.0
2024-04-23,8,1,162.0
2024-04-24,8,1,174.0
2024-04-25,8,1,168.0
2024-04-26,8,1,164.0
2024-04-27,8,1,158.0
2024-04-28,8,1,151.0
2024-04-29,8,1,155.0
2024-04-30,8,1,166.0
2024-05-01,8,1,179.0
2024-05-02,8,1,161.0
2024-05-03,8,1,167.0
2024-05-04,8,1,124.0
2024-05-05,8,1,153.0
2024-05-06,8,1,155.0
2024-05-07,8,1,140.0
2024-05-08,8,1,143.0
2024-05-09,8,1,162.0
2024-05-10,8,1,152.0
2024-05-11,8,1,156.0
2024-05-12,8,1,117.0
2024-05-13,8,1,166.0
2024-05-14,8,1,171.0
2024-05-15,8,1,143.0
2024-05-16,8,1,172.0
2024-05-17,8,1,170.0
2024-05-18,8,1,129.0
2024-05-19,8,1,148.0
2024-05-20,8,1,154.0
2024-05-21,8,1,136.0
2024-05-22,8,1,154.0
2024-05-23,8,1,170.0
2024-05-24,8,1,137.0
2024-05-25,8,1,165.0
2024-05-26,8,1,229.61620172808804
2024-05-27,8,1,217.28781505812358
2024-05-28,8,1,240.40354006430695
2024-05-29,8,1,214.20571839063248
2024-05-30,8,1,241.9445883980525
2024-05-31,8,1,143.0
2024-06-01,8,1,137.0
2024-06-02,8,1,126.0
2024-06-03,8,1,147.0
2024-06-04,8,1,156.0
2024-06-05,8,1,138.0
2024-06-06,8,1,163.0
2024-06-07,8,1,147.0
2024-06-08,8,1,130.0
2024-06-09,8,1,140.0
2024-06-10,8,1,156.0
2024-06-11,8,1,167.0
2024-06-12,8,1,171.0
2024-06-13,8,1,169.0
2024-06-14,8,1,126.0
2024-06-15,8,1,129.0
2024-06-16,8,1,122.0
2024-06-17,8,1,157.0
2024-06-18,8,1,147.0
2024-06-19,8,1,165.0
2024-06-20,8,1,129.0
2024-06-21,8,1,131.0
2024-06-22,8,1,126.0
2024-06-23,8,1,151.0
2024-06-24,8,1,150.0
2024-06-25,8,1,123.0
2024-06-26,8,1,142.0
2024-06-27,8,1,155.0
2024-06-28,8,1,150.0
2024-06-29,8,1,138.0
2024-06-30,8,1,136.0
2024-07-01,8,1,128.0
2024-07-02,8,1,157.0
2024-07-03,8,1,131.0
2024-07-04,8,1,122.0
2024-07-05,8,1,137.0
2024-07-06,8,1,126.0
2024-07-07,8,1,140.0
2024-07-08,8,1,143.0
2024-07-09,8,1,162.0
2024-07-10,8,1,148.0
2024-07-11,8,1,152.0
2024-07-12,8,1,39.328472611651314
2024-07-13,8,1,43.80488412842464
2024-07-14,8,1,40.287703650959884
2024-07-15,8,1,41.24693469026845
2024-07-16,8,1,41.24693469026845
2024-07-17,8,1,50.83924508335414
2024-07-18,8,1,43.80488412842464
2024-07-19,8,1,38.68898525211227
2024-07-20,8,1,42.84565308911607
2024-07-21,8,1,122.0
2024-07-22,8,1,123.0
2024-07-23,8,1,172.0
2024-07-24,8,1,125.0
2024-07-25,8,1,157.0
2024-07-26,8,1,119.0
2024-07-27,8,1,132.0
2024-07-28,8,1,124.0
2024-07-29,8,1,139.0
2024-07-30,8,1,120.0
2024-07-31,8,1,119.0
2024-08-01,8,1,142.0
2024-08-02,8,1,106.0
2024-08-03,8,1,109.0
2024-08-04,8,1,122.0
2024-08-05,8,1,114.0
2024-08-06,8,1,120.0
2024-08-07,8,1,130.0
2024-08-08,8,1,105.0
2024-08-09,8,1,108.0
2024-08-10,8,1,136.0
2024-08-11,8,1,133.0
2024-08-12,8,1,154.0
2024-08-13,8,1,139.0
2024-08-14,8,1,149.0
2024-08-15,8,1,124.0
2024-08-16,8,1,121.0
2024-08-17,8,1,124.0
2024-08-18,8,1,98.0
2024-08-19,8,1,132.0
2024-08-20,8,1,123.0
2024-08-21,8,1,127.0
2024-08-22,8,1,140.0
2024-08-23,8,1,103.0
2024-08-24,8,1,118.0
2024-08-25,8,1,124.0
2024-08-26,8,1,118.0
2024-08-27,8,1,130.0
2024-08-28,8,1,132.0
2024-08-29,8,1,137.0
2024-08-30,8,1,118.0
2024-08-31,8,1,102.0
2024-09-01,8,1,111.0
2024-09-02,8,1,119.0
2024-09-03,8,1,119.0
2024-09-04,8,1,132.0
2024-09-05,8,1,127.0
2024-09-06,8,1,121.0
2024-09-07,8,1,105.0
2024-09-08,8,1,118.0
2024-09-09,8,1,137.0
2024-09-10,8,1,131.0
2024-09-11,8,1,142.0
2024-09-12,8,1,126.0
2024-09-13,8,1,111.0
2024-09-14,8,1,125.0
2024-09-15,8,1,100.0
2024-09-16,8,1,115.0
2024-09-17,8,1,125.0
2024-09-18,8,1,136.0
2024-09-19,8,1,140.0
2024-09-20,8,1,128.0
2024-09-21,8,1,123.0
2024-09-22,8,1,126.0
2024-09-23,8,1,133.0
2024-09-24,8,1,114.0
2024-09-25,8,1,154.0
2024-09-26,8,1,138.0
2024-09-27,8,1,116.0
2024-09-28,8,1,119.0
2024-09-29,8,1,100.0
2024-09-30,8,1,118.0
2024-10-01,8,1,123.0
2024-10-02,8,1,123.0
2024-10-03,8,1,134.0
2024-10-04,8,1,120.0
2024-10-05,8,1,101.0
2024-10-06,8,1,102.0
2024-10-07,8,1,99.0
2024-10-08,8,1,138.0
2024-10-09,8,1,126.0
2024-10-10,8,1,134.0
2024-10-11,8,1,156.0
2024-10-12,8,1,105.0
2024-10-13,8,1,121.0
2024-10-14,8,1,139.0
2024-10-15,8,1,122.0
2024-10-16,8,1,126.0
2024-10-17,8,1,132.0
2024-10-18,8,1,150.0
2024-10-19,8,1,124.0
2024-10-20,8,1,108.0
2024-10-21,8,1,115.0
2024-10-22,8,1,123.0
2024-10-23,8,1,109.0
2024-10-24,8,1,125.0
2024-10-25,8,1,121.0
2024-10-26,8,1,118.0
2024-10-27,8,1,102.0
2024-10-28,8,1,129.0
2024-10-29,8,1,119.0
2024-10-30,8,1,129.0
2024-10-31,8,1,119.0
2024-11-01,8,1,136.0
2024-11-02,8,1,111.0
2024-11-03,8,1,136.0
2024-11-04,8,1,128.0
2024-11-05,8,1,137.0
2024-11-06,8,1,134.0
2024-11-07,8,1,120.0
2024-11-08,8,1,129.0
2024-11-09,8,1,115.0
2024-11-10,8,1,126.0
2024-11-11,8,1,135.0
2024-11-12,8,1,156.0
2024-11-13,8,1,141.0
2024-11-14,8,1,143.0
2024-11-15,8,1,133.0
2024-11-16,8,1,119.0
2024-11-17,8,1,132.0
2024-11-18,8,1,128.0
2024-11-19,8,1,131.0
2024-11-20,8,1,124.0
2024-11-21,8,1,141.0
2024-11-22,8,1,121.0
2024-11-23,8,1,132.0
2024-11-24,8,1,126.0
2024-11-25,8,1,128.0
2024-11-26,8,1,127.0
2024-11-27,8,1,155.0
2024-11-28,8,1,131.0
2024-11-29,8,1,149.0
2024-11-30,8,1,117.0
2024-12-01,8,1,146.0
2024-12-02,8,1,135.0
2024-12-03,8,1,150.0
2024-12-04,8,1,126.0
2024-12-05,8,1,123.0
2024-12-06,8,1,135.0
2024-12-07,8,1,117.0
2024-12-08,8,1,146.0
2024-12-09,8,1,141.0
2024-12-10,8,1,135.0
2024-12-11,8,1,133.0
2024-12-12,8,1,137.0
2024-12-13,8,1,128.0
2024-12-14,8,1,137.0
2024-12-15,8,1,132.0
2024-12-16,8,1,153.0
2024-12-17,8,1,152.0
2024-12-18,8,1,136.0
2024-12-19,8,1,138.0
2024-12-20,8,1,127.0
2024-12-21,8,1,124.0
2024-12-22,8,1,115.0
2024-12-23,8,1,153.0
2024-12-24,8,1,163.0
2024-12-25,8,1,138.0
2024-12-26,8,1,133.0
2024-12-27,8,1,147.0
2024-12-28,8,1,127.0
2024-12-29,8,1,153.0
2024-12-30,8,1,136.0
2024-12-31,8,1,125.0
2025-01-01,8,1,150.0
2025-01-02,8,1,142.0
2025-01-03,8,1,144.0
2025-01-04,8,1,135.0
2025-01-05,8,1,148.0
2025-01-06,8,1,152.0
2025-01-07,8,1,157.0
2025-01-08,8,1,157.0
2025-01-09,8,1,151.0
2025-01-10,8,1,129.0
2025-01-11,8,1,147.0
2025-01-12,8,1,152.0
2025-01-13,8,1,154.0
2025-01-14,8,1,153.0
2025-01-15,8,1,164.0
2025-01-16,8,1,157.0
2025-01-17,8,1,156.0
2025-01-18,8,1,144.0
2025-01-19,8,1,129.0
2025-01-20,8,1,150.0
2025-01-21,8,1,147.0
2025-01-22,8,1,154.0
2025-01-23,8,1,157.0
2025-01-24,8,1,162.0
2025-01-25,8,1,155.0
2025-01-26,8,1,151.0
2025-01-27,8,1,169.0
2025-01-28,8,1,161.0
2025-01-29,8,1,165.0
2025-01-30,8,1,154.0
2025-01-31,8,1,140.0
2025-02-01,8,1,156.0
2025-02-02,8,1,133.0
2025-02-03,8,1,146.0
2025-02-04,8,1,165.0
2025-02-05,8,1,154.0
2025-02-06,8,1,161.0
2025-02-07,8,1,157.0
2025-02-08,8,1,145.0
2025-02-09,8,1,154.0
2025-02-10,8,1,160.0
2025-02-11,8,1,152.0
2025-02-12,8,1,173.0
2025-02-13,8,1,139.0
2025-02-14,8,1,179.0
2025-02-15,8,1,160.0
2025-02-16,8,1,167.0
2025-02-17,8,1,169.0
2025-02-18,8,1,166.0
2025-02-19,8,1,159.0
2025-02-20,8,1,165.0
2025-02-21,8,1,169.0
2025-02-22,8,1,146.0
2025-02-23,8,1,159.0
2025-02-24,8,1,142.0
2025-02-25,8,1,159.0
2025-02-26,8,1,160.0
2025-02-27,8,1,186.0
2025-02-28,8,1,145.0
2025-03-01,8,1,162.0
2025-03-02,8,1,178.0
2025-03-03,8,1,176.0
2025-03-04,8,1,188.0
2025-03-05,8,1,191.0
2025-03-06,8,1,169.0
2025-03-07,8,1,168.0
2025-03-08,8,1,161.0
2025-03-09,8,1,166.0
2025-03-10,8,1,171.0
2025-03-11,8,1,192.0
2025-03-12,8,1,176.0
2025-03-13,8,1,158.0
2025-03-14,8,1,170.0
2025-03-15,8,1,168.0
2025-03-16,8,1,151.0
2025-03-17,8,1,157.0
2025-03-18,8,1,184.0
2025-03-19,8,1,168.0
2025-03-20,8,1,165.0
2025-03-21,8,1,159.0
2025-03-22,8,1,163.0
2025-03-23,8,1,175.0
2025-03-24,8,1,175.0
2025-03-25,8,1,168.0
2025-03-26,8,1,190.0
2025-03-27,8,1,181.0
2025-03-28,8,1,176.0
2025-03-29,8,1,172.0
2025-03-30,8,1,156.0
2025-03-31,8,1,157.0
2025-04-01,8,1,169.0
2025-04-02,8,1,186.0
2025-04-03,8,1,157.0
2025-04-04,8,1,149.0
2025-04-05,8,1,140.0
2025-04-06,8,1,148.0
2025-04-07,8,1,159.0
2025-04-08,8,1,175.0
2025-04-09,8,1,161.0
2025-04-10,8,1,179.0
2025-04-11,8,1,165.0
2025-04-12,8,1,137.0
2025-04-13,8,1,162.0
2025-04-14,8,1,169.0
2025-04-15,8,1,196.0
2025-04-16,8,1,177.0
2025-04-17,8,1,150.0
2025-04-18,8,1,167.0
2025-04-19,8,1,163.0
2025-04-20,8,1,169.0
2025-04-21,8,1,198.0
2025-04-22,8,1,166.0
2025-04-23,8,1,166.0
2025-04-24,8,1,176.0
2025-04-25,8,1,185.0
2025-04-26,8,1,168.0
2025-04-27,8,1,157.0
2025-04-28,8,1,178.0
2025-04-29,8,1,193.0
2025-04-30,8,1,164.0
2025-05-01,8,1,157.0
2025-05-02,8,1,164.0
2025-05-03,8,1,163.0
2025-05-04,8,1,176.0
2025-05-05,8,1,160.0
2025-05-06,8,1,176.0
2025-05-07,8,1,190.0
2025-05-08,8,1,171.0
2025-05-09,8,1,157.0
2025-05-10,8,1,164.0
2025-05-11,8,1,155.0
2025-05-12,8,1,168.0
2025-05-13,8,1,167.0
2025-05-14,8,1,169.0
2025-05-15,8,1,162.0
2025-05-16,8,1,154.0
2025-05-17,8,1,168.0
2025-05-18,8,1,160.0
2025-05-19,8,1,178.0
2025-05-20,8,1,142.0
2025-05-21,8,1,163.0
2025-05-22,8,1,156.0
2025-05-23,8,1,156.0
2025-05-24,8,1,143.0
2025-05-25,8,1,137.0
2025-05-26,8,1,169.0
2025-05-27,8,1,159.0
2025-05-28,8,1,174.0
2025-05-29,8,1,149.0
2025-05-30,8,1,138.0
2025-05-31,8,1,156.0
2025-06-01,8,1,161.0
2025-06-02,8,1,152.0
2025-06-03,8,1,152.0
2025-06-04,8,1,180.0
2025-06-05,8,1,161.0
2025-06-06,8,1,143.0
2025-06-07,8,1,133.0
2025-06-08,8,1,144.0
2025-06-09,8,1,153.0
2025-06-10,8,1,171.0
2025-06-11,8,1,163.0
2025-06-12,8,1,158.0
2025-06-13,8,1,142.0
2025-06-14,8,1,165.0
2025-06-15,8,1,161.0
2025-06-16,8,1,166.0
2025-06-17,8,1,160.0
2025-06-18,8,1,166.0
2025-06-19,8,1,127.0
2025-06-20,8,1,153.0
2025-06-21,8,1,169.0
2025-06-22,8,1,141.0
2025-06-23,8,1,141.0
2025-06-24,8,1,156.0
2025-06-25,8,1,149.0
2025-06-26,8,1,144.0
2025-06-27,8,1,152.0
2025-06-28,8,1,154.0
2025-06-29,8,1,149.0
2025-06-30,8,1,137.0
2025-07-01,8,1,148.0
2025-07-02,8,1,161.0
2025-07-03,8,1,160.0
2025-07-04,8,1,144.0
2025-07-05,8,1,132.0
2025-07-06,8,1,152.0
2025-07-07,8,1,170.0
2025-07-08,8,1,167.0
2025-07-09,8,1,178.0
2025-07-10,8,1,143.0
2025-07-11,8,1,156.0
2025-07-12,8,1,155.0
2025-07-13,8,1,135.0
2025-07-14,8,1,136.0
2025-07-15,8,1,140.0
2025-07-16,8,1,151.0
2025-07-17,8,1,131.0
2025-07-18,8,1,162.0
2025-07-19,8,1,123.0
2025-07-20,8,1,144.0
2025-07-21,8,1,117.0
2025-07-22,8,1,173.0
2025-07-23,8,1,165.0
2025-07-24,8,1,127.0
2025-07-25,8,1,143.0
2025-07-26,8,1,133.0
2025-07-27,8,1,139.0
2025-07-28,8,1,149.0
2025-07-29,8,1,138.0
2025-07-30,8,1,148.0
2025-07-31,8,1,123.0
2025-08-01,8,1,139.0
2025-08-02,8,1,109.0
2025-08-03,8,1,150.0
2025-08-04,8,1,123.0
2025-08-05,8,1,149.0
2025-08-06,8,1,156.0
2025-08-07,8,1,164.0
2025-08-08,8,1,157.0
2025-08-09,8,1,148.0
2025-08-10,8,1,133.0
2025-08-11,8,1,151.0
2025-08-12,8,1,147.0
2025-08-13,8,1,149.0
2025-08-14,8,1,133.0
2025-08-15,8,1,155.0
2025-08-16,8,1,121.0
2025-08-17,8,1,119.0
2025-08-18,8,1,141.0
2025-08-19,8,1,121.0
2025-08-20,8,1,144.0
2025-08-21,8,1,158.0
2025-08-22,8,1,138.0
2025-08-23,8,1,129.0
2025-08-24,8,1,120.0
2025-08-25,8,1,118.0
2025-08-26,8,1,151.0
2025-08-27,8,1,142.0
2025-08-28,8,1,145.0
2025-08-29,8,1,106.0
2025-08-30,8,1,136.0
2025-08-31,8,1,152.0
2025-09-01,8,1,150.0
2025-09-02,8,1,143.0
2025-09-03,8,1,128.0
2025-09-04,8,1,138.0
2025-09-05,8,1,132.0
2025-09-06,8,1,121.0
2025-09-07,8,1,123.0
2025-09-08,8,1,158.0
2025-09-09,8,1,127.0
2025-09-10,8,1,135.0
2025-09-11,8,1,143.0
2025-09-12,8,1,156.0
2025-09-13,8,1,122.0
2025-09-14,8,1,106.0
2025-09-15,8,1,108.0
2025-09-16,8,1,168.0
2025-09-17,8,1,117.0
2025-09-18,8,1,136.0
2025-09-19,8,1,112.0
2025-09-20,8,1,116.0
2025-09-21,8,1,119.0
2025-09-22,8,1,109.0
2025-09-23,8,1,152.0
2025-09-24,8,1,144.0
2025-09-25,8,1,130.0
2025-09-26,8,1,122.0
2025-09-27,8,1,138.0
2025-09-28,8,1,128.0
2025-09-29,8,1,157.0
2025-09-30,8,1,133.0
2025-10-01,8,1,144.0
2025-10-02,8,1,121.0
2025-10-03,8,1,124.0
2025-10-04,8,1,138.0
2025-10-05,8,1,141.0
2025-10-06,8,1,154.0
2025-10-07,8,1,143.0
2025-10-08,8,1,154.0
2025-10-09,8,1,143.0
2025-10-10,8,1,125.0
2025-10-11,8,1,108.0
2025-10-12,8,1,125.0
2025-10-13,8,1,120.0
2025-10-14,8,1,151.0
2025-10-15,8,1,153.0
2025-10-16,8,1,125.0
2025-10-17,8,1,144.0
2025-10-18,8,1,113.0
2025-10-19,8,1,145.0
2025-10-20,8,1,132.0
2025-10-21,8,1,145.0
2025-10-22,8,1,158.0
2025-10-23,8,1,145.0
2025-10-24,8,1,130.0
2025-10-25,8,1,138.0
2025-10-26,8,1,118.0
2025-10-27,8,1,113.0
2025-10-28,8,1,154.0
2025-10-29,8,1,127.0
2025-10-30,8,1,150.0
2025-10-31,8,1,135.0
2025-11-01,8,1,129.0
2025-11-02,8,1,120.0
2025-11-03,8,1,131.0
2025-11-04,8,1,143.0
2025-11-05,8,1,146.0
2025-11-06,8,1,130.0
2025-11-07,8,1,143.0
2025-11-08,8,1,140.0
2025-11-09,8,1,138.0
2025-11-10,8,1,133.0
2025-11-11,8,1,154.0
2025-11-12,8,1,153.0
2025-11-13,8,1,119.0
2025-11-14,8,1,139.0
2025-11-15,8,1,156.0
2025-11-16,8,1,146.0
2025-11-17,8,1,154.0
2025-11-18,8,1,138.0
2025-11-19,8,1,149.0
2025-11-20,8,1,142.0
2025-11-21,8,1,138.0
2025-11-22,8,1,129.0
2025-11-23,8,1,122.0
2025-11-24,8,1,143.0
2025-11-25,8,1,139.0
2025-11-26,8,1,157.0
2025-11-27,8,1,146.0
2025-11-28,8,1,118.0
2025-11-29,8,1,153.0
2025-11-30,8,1,144.0
2025-12-01,8,1,139.0
2025-12-02,8,1,146.0
2025-12-03,8,1,138.0
2025-12-04,8,1,148.0
2025-12-05,8,1,151.0
2025-12-06,8,1,160.0
2025-12-07,8,1,140.0
2025-12-08,8,1,148.0
2025-12-09,8,1,167.0
2025-12-10,8,1,141.0
2025-12-11,8,1,153.0
2025-12-12,8,1,136.0
2025-12-13,8,1,143.0
2025-12-14,8,1,155.0
2025-12-15,8,1,130.0
2025-12-16,8,1,169.0
2025-12-17,8,1,161.0
2025-12-18,8,1,155.0
2025-12-19,8,1,164.0
2025-12-20,8,1,135.0
2025-12-21,8,1,130.0
2025-12-22,8,1,140.0
2025-12-23,8,1,164.0
2025-12-24,8,1,154.0
2025-12-25,8,1,146.0
2025-12-26,8,1,139.0
2025-12-27,8,1,149.0
2025-12-28,8,1,149.0
2025-12-29,8,1,138.0
2025-12-30,8,1,144.0
2024-01-01,8,2,71.0
2024-01-02,8,2,57.0
2024-01-03,8,2,60.0
2024-01-04,8,2,70.0
2024-01-05,8,2,54.0
2024-01-06,8,2,51.0
2024-01-07,8,2,60.0
2024-01-08,8,2,62.0
2024-01-09,8,2,66.0
2024-01-10,8,2,82.0
2024-01-11,8,2,74.0
2024-01-12,8,2,65.0
2024-01-13,8,2,59.0
2024-01-14,8,2,54.0
2024-01-15,8,2,60.0
2024-01-16,8,2,75.0
2024-01-17,8,2,73.0
2024-01-18,8,2,76.0
2024-01-19,8,2,64.0
2024-01-20,8,2,62.0
2024-01-21,8,2,64.0
2024-01-22,8,2,90.0
2024-01-23,8,2,68.0
2024-01-24,8,2,82.0
2024-01-25,8,2,68.0
2024-01-26,8,2,66.0
2024-01-27,8,2,57.0
2024-01-28,8,2,74.0
2024-01-29,8,2,62.0
2024-01-30,8,2,92.0
2024-01-31,8,2,92.0
2024-02-01,8,2,101.0
2024-02-02,8,2,90.0
2024-02-03,8,2,60.0
2024-02-04,8,2,82.0
2024-02-05,8,2,75.0
2024-02-06,8,2,90.0
2024-02-07,8,2,106.0
2024-02-08,8,2,77.0
2024-02-09,8,2,76.0
2024-02-10,8,2,52.0
2024-02-11,8,2,81.0
2024-02-12,8,2,101.0
2024-02-13,8,2,95.0
2024-02-14,8,2,105.0
2024-02-15,8,2,97.0
2024-02-16,8,2,71.0
2024-02-17,8,2,76.0
2024-02-18,8,2,80.0
2024-02-19,8,2,72.0
2024-02-20,8,2,105.0
2024-02-21,8,2,89.0
2024-02-22,8,2,87.0
2024-02-23,8,2,78.0
2024-02-24,8,2,75.0
2024-02-25,8,2,105.0
2024-02-26,8,2,79.0
2024-02-27,8,2,79.0
2024-02-28,8,2,97.0
2024-02-29,8,2,82.0
2024-03-01,8,2,78.0
2024-03-02,8,2,83.0
2024-03-03,8,2,68.0
2024-03-04,8,2,84.0
2024-03-05,8,2,98.0
2024-03-06,8,2,90.0
2024-03-07,8,2,92.0
2024-03-08,8,2,86.0
2024-03-09,8,2,77.0
2024-03-10,8,2,82.0
2024-03-11,8,2,92.0
2024-03-12,8,2,90.0
2024-03-13,8,2,85.0
2024-03-14,8,2,83.0
2024-03-15,8,2,73.0
2024-03-16,8,2,91.0
2024-03-17,8,2,65.0
2024-03-18,8,2,96.0
2024-03-19,8,2,91.0
2024-03-20,8,2,110.0
2024-03-21,8,2,90.0
2024-03-22,8,2,86.0
2024-03-23,8,2,85.0
2024-03-24,8,2,94.0
2024-03-25,8,2,85.0
2024-03-26,8,2,92.0
2024-03-27,8,2,105.0
2024-03-28,8,2,80.0
2024-03-29,8,2,70.0
2024-03-30,8,2,84.0
2024-03-31,8,2,89.0
2024-04-01,8,2,94.0
2024-04-02,8,2,98.0
2024-04-03,8,2,96.0
2024-04-04,8,2,110.0
2024-04-05,8,2,103.0
2024-04-06,8,2,82.0
2024-04-07,8,2,76.0
2024-04-08,8,2,81.0
2024-04-09,8,2,103.0
2024-04-10,8,2,89.0
2024-04-11,8,2,84.0
2024-04-12,8,2,82.0
2024-04-13,8,2,86.0
2024-04-14,8,2,97.0
2024-04-15,8,2,93.0
2024-04-16,8,2,103.0
2024-04-17,8,2,110.0
2024-04-18,8,2,103.0
2024-04-19,8,2,81.0
2024-04-20,8,2,89.0
2024-04-21,8,2,92.0
2024-04-22,8,2,93.0
2024-04-23,8,2,99.0
2024-04-24,8,2,105.0
2024-04-25,8,2,99.0
2024-04-26,8,2,67.0
2024-04-27,8,2,84.0
2024-04-28,8,2,93.0
2024-04-29,8,2,99.0
2024-04-30,8,2,101.0
2024-05-01,8,2,100.0
2024-05-02,8,2,89.0
2024-05-03,8,2,83.0
2024-05-04,8,2,85.0
2024-05-05,8,2,84.0
2024-05-06,8,2,97.0
2024-05-07,8,2,91.0
2024-05-08,8,2,108.0
2024-05-09,8,2,86.0
2024-05-10,8,2,85.0
2024-05-11,8,2,72.0
2024-05-12,8,2,78.0
2024-05-13,8,2,106.0
2024-05-14,8,2,99.0
2024-05-15,8,2,98.0
2024-05-16,8,2,104.0
2024-05-17,8,2,56.0
2024-05-18,8,2,74.0
2024-05-19,8,2,72.0
2024-05-20,8,2,76.0
2024-05-21,8,2,78.0
2024-05-22,8,2,92.0
2024-05-23,8,2,95.0
2024-05-24,8,2,78.0
2024-05-25,8,2,81.0
2024-05-26,8,2,76.0
2024-05-27,8,2,94.0
2024-05-28,8,2,86.0
2024-05-29,8,2,74.0
2024-05-30,8,2,71.0
2024-05-31,8,2,72.0
2024-06-01,8,2,63.0
2024-06-02,8,2,67.0
2024-06-03,8,2,91.0
2024-06-04,8,2,74.0
2024-06-05,8,2,104.0
2024-06-06,8,2,76.0
2024-06-07,8,2,63.0
2024-06-08,8,2,68.0
2024-06-09,8,2,85.0
2024-06-10,8,2,71.0
2024-06-11,8,2,80.0
2024-06-12,8,2,82.0
2024-06-13,8,2,93.0
2024-06-14,8,2,68.0
2024-06-15,8,2,71.0
2024-06-16,8,2,69.0
2024-06-17,8,2,75.0
2024-06-18,8,2,79.0
2024-06-19,8,2,104.0
2024-06-20,8,2,106.0
2024-06-21,8,2,61.0
2024-06-22,8,2,54.0
2024-06-23,8,2,93.46764732655438
2024-06-24,8,2,72.22500020688294
2024-06-25,8,2,114.71029444622583
2024-06-26,8,2,144.45000041376588
2024-06-27,8,2,100.5485296997782
2024-06-28,8,2,78.0
2024-06-29,8,2,76.0
2024-06-30,8,2,55.0
2024-07-01,8,2,72.0
2024-07-02,8,2,82.0
2024-07-03,8,2,87.0
2024-07-04,8,2,82.0
2024-07-05,8,2,76.0
2024-07-06,8,2,51.0
2024-07-07,8,2,62.0
2024-07-08,8,2,82.0
2024-07-09,8,2,91.0
2024-07-10,8,2,79.0
2024-07-11,8,2,66.0
2024-07-12,8,2,72.0
2024-07-13,8,2,61.0
2024-07-14,8,2,63.0
2024-07-15,8,2,73.0
2024-07-16,8,2,64.0
2024-07-17,8,2,83.0
2024-07-18,8,2,70.0
2024-07-19,8,2,71.0
2024-07-20,8,2,54.0
2024-07-21,8,2,61.0
2024-07-22,8,2,67.0
2024-07-23,8,2,65.0
2024-07-24,8,2,64.0
2024-07-25,8,2,74.0
2024-07-26,8,2,49.0
2024-07-27,8,2,48.0
2024-07-28,8,2,50.0
2024-07-29,8,2,64.0
2024-07-30,8,2,75.0
2024-07-31,8,2,55.0
2024-08-01,8,2,57.0
2024-08-02,8,2,48.0
2024-08-03,8,2,47.0
2024-08-04,8,2,32.0
2024-08-05,8,2,69.0
2024-08-06,8,2,67.0
2024-08-07,8,2,67.0
2024-08-08,8,2,69.0
2024-08-09,8,2,58.0
2024-08-10,8,2,52.0
2024-08-11,8,2,49.0
2024-08-12,8,2,58.0
2024-08-13,8,2,72.0
2024-08-14,8,2,71.0
2024-08-15,8,2,77.0
2024-08-16,8,2,52.0
2024-08-17,8,2,52.0
2024-08-18,8,2,46.0
2024-08-19,8,2,58.0
2024-08-20,8,2,66.0
2024-08-21,8,2,60.0
2024-08-22,8,2,52.0
2024-08-23,8,2,56.0
2024-08-24,8,2,48.0
2024-08-25,8,2,60.0
2024-08-26,8,2,53.0
2024-08-27,8,2,52.0
2024-08-28,8,2,63.0
2024-08-29,8,2,64.0
2024-08-30,8,2,28.0
2024-08-31,8,2,42.0
2024-09-01,8,2,51.0
2024-09-02,8,2,54.0
2024-09-03,8,2,56.0
2024-09-04,8,2,50.0
2024-09-05,8,2,56.0
2024-09-06,8,2,35.0
2024-09-07,8,2,48.0
2024-09-08,8,2,44.0
2024-09-09,8,2,65.0
2024-09-10,8,2,40.0
2024-09-11,8,2,58.0
2024-09-12,8,2,62.0
2024-09-13,8,2,57.0
2024-09-14,8,2,48.0
2024-09-15,8,2,33.0
2024-09-16,8,2,46.0
2024-09-17,8,2,37.0
2024-09-18,8,2,90.62852395571898
2024-09-19,8,2,98.05709149307299
2024-09-20,8,2,68.34282134365692
2024-09-21,8,2,68.34282134365692
2024-09-22,8,2,69.82853485112773
2024-09-23,8,2,47.0
2024-09-24,8,2,35.0
2024-09-25,8,2,73.0
2024-09-26,8,2,59.0
2024-09-27,8,2,34.0
2024-09-28,8,2,44.0
2024-09-29,8,2,44.0
2024-09-30,8,2,63.0
2024-10-01,8,2,63.0
2024-10-02,8,2,65.0
2024-10-03,8,2,57.0
2024-10-04,8,2,39.0
2024-10-05,8,2,47.0
2024-10-06,8,2,42.0
2024-10-07,8,2,41.0
2024-10-08,8,2,52.0
2024-10-09,8,2,50.0
2024-10-10,8,2,65.0
2024-10-11,8,2,65.0
2024-10-12,8,2,52.0
2024-10-13,8,2,47.0
2024-10-14,8,2,51.0
2024-10-15,8,2,57.0
2024-10-16,8,2,52.0
2024-10-17,8,2,75.0
2024-10-18,8,2,38.0
2024-10-19,8,2,34.0
2024-10-20,8,2,42.0
2024-10-21,8,2,51.0
2024-10-22,8,2,66.0
2024-10-23,8,2,56.0
2024-10-24,8,2,38.0
2024-10-25,8,2,46.0
2024-10-26,8,2,42.0
2024-10-27,8,2,43.0
2024-10-28,8,2,51.0
2024-10-29,8,2,59.0
2024-10-30,8,2,51.0
2024-10-31,8,2,73.0
2024-11-01,8,2,64.0
2024-11-02,8,2,58.0
2024-11-03,8,2,36.0
2024-11-04,8,2,59.0
2024-11-05,8,2,60.0
2024-11-06,8,2,61.0
2024-11-07,8,2,52.0
2024-11-08,8,2,77.0
2024-11-09,8,2,45.0
2024-11-10,8,2,40.0
2024-11-11,8,2,59.0
2024-11-12,8,2,73.0
2024-11-13,8,2,67.0
2024-11-14,8,2,65.0
2024-11-15,8,2,64.0
2024-11-16,8,2,40.0
2024-11-17,8,2,53.0
2024-11-18,8,2,54.0
2024-11-19,8,2,61.0
2024-11-20,8,2,87.0
2024-11-21,8,2,64.0
2024-11-22,8,2,46.0
2024-11-23,8,2,50.0
2024-11-24,8,2,42.0
2024-11-25,8,2,60.0
2024-11-26,8,2,64.0
2024-11-27,8,2,78.0
2024-11-28,8,2,86.0
2024-11-29,8,2,58.0
2024-11-30,8,2,48.0
2024-12-01,8,2,57.0
2024-12-02,8,2,79.0
2024-12-03,8,2,78.0
2024-12-04,8,2,74.0
2024-12-05,8,2,51.0
2024-12-06,8,2,61.0
2024-12-07,8,2,64.0
2024-12-08,8,2,68.0
2024-12-09,8,2,80.0
2024-12-10,8,2,70.0
2024-12-11,8,2,74.0
2024-12-12,8,2,72.0
2024-12-13,8,2,72.0
2024-12-14,8,2,57.0
2024-12-15,8,2,67.0
2024-12-16,8,2,67.0
2024-12-17,8,2,72.0
2024-12-18,8,2,92.0
2024-12-19,8,2,79.0
2024-12-20,8,2,75.0
2024-12-21,8,2,61.0
2024-12-22,8,2,73.0
2024-12-23,8,2,63.0
2024-12-24,8,2,73.0
2024-12-25,8,2,93.0
2024-12-26,8,2,79.0
2024-12-27,8,2,69.0
2024-12-28,8,2,57.0
2024-12-29,8,2,76.0
2024-12-30,8,2,95.0
2024-12-31,8,2,91.0
2025-01-01,8,2,83.0
2025-01-02,8,2,96.0
2025-01-03,8,2,77.0
2025-01-04,8,2,65.0
2025-01-05,8,2,84.0
2025-01-06,8,2,78.0
2025-01-07,8,2,74.0
2025-01-08,8,2,88.0
2025-01-09,8,2,91.0
2025-01-10,8,2,70.0
2025-01-11,8,2,54.0
2025-01-12,8,2,88.0
2025-01-13,8,2,111.0
2025-01-14,8,2,87.0
2025-01-15,8,2,88.0
2025-01-16,8,2,76.0
2025-01-17,8,2,72.0
2025-01-18,8,2,60.0
2025-01-19,8,2,65.0
2025-01-20,8,2,86.0
2025-01-21,8,2,79.0
2025-01-22,8,2,82.0
2025-01-23,8,2,93.0
2025-01-24,8,2,77.0
2025-01-25,8,2,81.0
2025-01-26,8,2,77.0
2025-01-27,8,2,87.0
2025-01-28,8,2,104.0
2025-01-29,8,2,94.0
2025-01-30,8,2,101.0
2025-01-31,8,2,82.0
2025-02-01,8,2,73.0
2025-02-02,8,2,73.0
2025-02-03,8,2,75.0
2025-02-04,8,2,88.0
2025-02-05,8,2,85.0
2025-02-06,8,2,87.0
2025-02-07,8,2,96.0
2025-02-08,8,2,83.0
2025-02-09,8,2,82.0
2025-02-10,8,2,87.0
2025-02-11,8,2,101.0
2025-02-12,8,2,105.0
2025-02-13,8,2,89.0
2025-02-14,8,2,95.0
2025-02-15,8,2,82.0
2025-02-16,8,2,91.0
2025-02-17,8,2,96.0
2025-02-18,8,2,91.0
2025-02-19,8,2,119.0
2025-02-20,8,2,101.0
2025-02-21,8,2,89.0
2025-02-22,8,2,93.0
2025-02-23,8,2,79.0
2025-02-24,8,2,83.0
2025-02-25,8,2,112.0
2025-02-26,8,2,120.0
2025-02-27,8,2,106.0
2025-02-28,8,2,103.0
2025-03-01,8,2,77.0
2025-03-02,8,2,88.0
2025-03-03,8,2,94.0
2025-03-04,8,2,118.0
2025-03-05,8,2,115.0
2025-03-06,8,2,115.0
2025-03-07,8,2,91.0
2025-03-08,8,2,80.0
2025-03-09,8,2,106.0
2025-03-10,8,2,102.0
2025-03-11,8,2,120.0
2025-03-12,8,2,111.0
2025-03-13,8,2,128.0
2025-03-14,8,2,109.0
2025-03-15,8,2,91.0
2025-03-16,8,2,95.0
2025-03-17,8,2,103.0
2025-03-18,8,2,100.0
2025-03-19,8,2,108.0
2025-03-20,8,2,102.0
2025-03-21,8,2,101.0
2025-03-22,8,2,85.0
2025-03-23,8,2,94.0
2025-03-24,8,2,100.0
2025-03-25,8,2,112.0
2025-03-26,8,2,128.0
2025-03-27,8,2,119.0
2025-03-28,8,2,87.0
2025-03-29,8,2,93.0
2025-03-30,8,2,93.0
2025-03-31,8,2,98.0
2025-04-01,8,2,133.0
2025-04-02,8,2,109.0
2025-04-03,8,2,104.0
2025-04-04,8,2,116.0
2025-04-05,8,2,103.0
2025-04-06,8,2,92.0
2025-04-07,8,2,111.0
2025-04-08,8,2,110.0
2025-04-09,8,2,112.0
2025-04-10,8,2,101.0
2025-04-11,8,2,76.0
2025-04-12,8,2,80.0
2025-04-13,8,2,85.0
2025-04-14,8,2,108.0
2025-04-15,8,2,113.0
2025-04-16,8,2,124.0
2025-04-17,8,2,97.0
2025-04-18,8,2,116.0
2025-04-19,8,2,110.0
2025-04-20,8,2,96.0
2025-04-21,8,2,97.0
2025-04-22,8,2,105.0
2025-04-23,8,2,115.0
2025-04-24,8,2,125.0
2025-04-25,8,2,98.0
2025-04-26,8,2,78.0
2025-04-27,8,2,113.0
2025-04-28,8,2,99.0
2025-04-29,8,2,124.0
2025-04-30,8,2,118.0
2025-05-01,8,2,105.0
2025-05-02,8,2,107.0
2025-05-03,8,2,85.0
2025-05-04,8,2,91.0
2025-05-05,8,2,96.0
2025-05-06,8,2,107.0
2025-05-07,8,2,116.0
2025-05-08,8,2,110.0
2025-05-09,8,2,81.0
2025-05-10,8,2,85.0
2025-05-11,8,2,89.0
2025-05-12,8,2,105.0
2025-05-13,8,2,94.0
2025-05-14,8,2,116.0
2025-05-15,8,2,93.0
2025-05-16,8,2,97.0
2025-05-17,8,2,99.0
2025-05-18,8,2,79.0
2025-05-19,8,2,100.0
2025-05-20,8,2,104.0
2025-05-21,8,2,98.0
2025-05-22,8,2,90.0
2025-05-23,8,2,86.0
2025-05-24,8,2,79.0
2025-05-25,8,2,87.0
2025-05-26,8,2,92.0
2025-05-27,8,2,108.0
2025-05-28,8,2,113.0
2025-05-29,8,2,85.0
2025-05-30,8,2,88.0
2025-05-31,8,2,76.0
2025-06-01,8,2,76.0
2025-06-02,8,2,79.0
2025-06-03,8,2,86.0
2025-06-04,8,2,98.0
2025-06-05,8,2,101.0
2025-06-06,8,2,92.0
2025-06-07,8,2,72.0
2025-06-08,8,2,73.0
2025-06-09,8,2,94.0
2025-06-10,8,2,95.0
2025-06-11,8,2,110.0
2025-06-12,8,2,85.0
2025-06-13,8,2,68.0
2025-06-14,8,2,86.0
2025-06-15,8,2,64.0
2025-06-16,8,2,75.0
2025-06-17,8,2,91.0
2025-06-18,8,2,96.0
2025-06-19,8,2,98.0
2025-06-20,8,2,74.0
2025-06-21,8,2,90.0
2025-06-22,8,2,65.0
2025-06-23,8,2,83.0
2025-06-24,8,2,102.0
2025-06-25,8,2,104.0
2025-06-26,8,2,62.0
2025-06-27,8,2,107.0
2025-06-28,8,2,72.0
2025-06-29,8,2,79.0
2025-06-30,8,2,81.0
2025-07-01,8,2,112.0
2025-07-02,8,2,106.0
2025-07-03,8,2,108.0
2025-07-04,8,2,83.0
2025-07-05,8,2,81.0
2025-07-06,8,2,64.0
2025-07-07,8,2,79.0
2025-07-08,8,2,98.0
2025-07-09,8,2,94.0
2025-07-10,8,2,86.0
2025-07-11,8,2,68.0
2025-07-12,8,2,81.0
2025-07-13,8,2,83.0
2025-07-14,8,2,89.0
2025-07-15,8,2,90.0
2025-07-16,8,2,88.0
2025-07-17,8,2,93.0
2025-07-18,8,2,82.0
2025-07-19,8,2,59.0
2025-07-20,8,2,72.0
2025-07-21,8,2,83.0
2025-07-22,8,2,78.0
2025-07-23,8,2,95.0
2025-07-24,8,2,87.0
2025-07-25,8,2,67.0
2025-07-26,8,2,52.0
2025-07-27,8,2,72.0
2025-07-28,8,2,93.0
2025-07-29,8,2,84.0
2025-07-30,8,2,90.0
2025-07-31,8,2,67.0
2025-08-01,8,2,68.0
2025-08-02,8,2,62.0
2025-08-03,8,2,56.0
2025-08-04,8,2,76.0
2025-08-05,8,2,84.0
2025-08-06,8,2,79.0
2025-08-07,8,2,75.0
2025-08-08,8,2,86.0
2025-08-09,8,2,55.0
2025-08-10,8,2,51.0
2025-08-11,8,2,59.0
2025-08-12,8,2,80.0
2025-08-13,8,2,55.0
2025-08-14,8,2,69.0
2025-08-15,8,2,55.0
2025-08-16,8,2,58.0
2025-08-17,8,2,60.0
2025-08-18,8,2,72.0
2025-08-19,8,2,82.0
2025-08-20,8,2,89.0
2025-08-21,8,2,69.0
2025-08-22,8,2,56.0
2025-08-23,8,2,65.0
2025-08-24,8,2,43.0
2025-08-25,8,2,74.0
2025-08-26,8,2,76.0
2025-08-27,8,2,81.0
2025-08-28,8,2,74.0
2025-08-29,8,2,63.0
2025-08-30,8,2,57.0
2025-08-31,8,2,47.0
2025-09-01,8,2,59.0
2025-09-02,8,2,90.0
2025-09-03,8,2,81.0
2025-09-04,8,2,80.0
2025-09-05,8,2,57.0
2025-09-06,8,2,55.0
2025-09-07,8,2,62.0
2025-09-08,8,2,76.0
2025-09-09,8,2,71.0
2025-09-10,8,2,79.0
2025-09-11,8,2,75.0
2025-09-12,8,2,69.0
2025-09-13,8,2,52.0
2025-09-14,8,2,68.0
2025-09-15,8,2,50.0
2025-09-16,8,2,61.0
2025-09-17,8,2,78.0
2025-09-18,8,2,72.0
2025-09-19,8,2,57.0
2025-09-20,8,2,49.0
2025-09-21,8,2,51.0
2025-09-22,8,2,55.0
2025-09-23,8,2,71.0
2025-09-24,8,2,58.0
2025-09-25,8,2,79.0
2025-09-26,8,2,63.0
2025-09-27,8,2,66.0
2025-09-28,8,2,57.0
2025-09-29,8,2,63.0
2025-09-30,8,2,73.0
2025-10-01,8,2,67.0
2025-10-02,8,2,56.0
2025-10-03,8,2,50.0
2025-10-04,8,2,50.0
2025-10-05,8,2,47.0
2025-10-06,8,2,77.0
2025-10-07,8,2,65.0
2025-10-08,8,2,78.0
2025-10-09,8,2,74.0
2025-10-10,8,2,71.0
2025-10-11,8,2,61.0
2025-10-12,8,2,55.0
2025-10-13,8,2,81.0
2025-10-14,8,2,61.0
2025-10-15,8,2,66.0
2025-10-16,8,2,71.0
2025-10-17,8,2,61.0
2025-10-18,8,2,63.0
2025-10-19,8,2,59.0
2025-10-20,8,2,69.0
2025-10-21,8,2,83.0
2025-10-22,8,2,77.0
2025-10-23,8,2,77.0
2025-10-24,8,2,54.0
2025-10-25,8,2,50.0
2025-10-26,8,2,67.0
2025-10-27,8,2,68.0
2025-10-28,8,2,77.0
2025-10-29,8,2,70.0
2025-10-30,8,2,68.0
2025-10-31,8,2,66.0
2025-11-01,8,2,55.0
2025-11-02,8,2,52.0
2025-11-03,8,2,60.0
2025-11-04,8,2,71.0
2025-11-05,8,2,76.0
2025-11-06,8,2,71.0
2025-11-07,8,2,80.0
2025-11-08,8,2,69.0
2025-11-09,8,2,65.0
2025-11-10,8,2,88.0
2025-11-11,8,2,77.0
2025-11-12,8,2,85.0
2025-11-13,8,2,79.0
2025-11-14,8,2,72.0
2025-11-15,8,2,55.0
2025-11-16,8,2,61.0
2025-11-17,8,2,65.0
2025-11-18,8,2,85.0
2025-11-19,8,2,83.0
2025-11-20,8,2,60.0
2025-11-21,8,2,74.0
2025-11-22,8,2,66.0
2025-11-23,8,2,83.0
2025-11-24,8,2,84.0
2025-11-25,8,2,94.0
2025-11-26,8,2,75.0
2025-11-27,8,2,91.0
2025-11-28,8,2,70.0
2025-11-29,8,2,60.0
2025-11-30,8,2,47.0
2025-12-01,8,2,90.0
2025-12-02,8,2,83.0
2025-12-03,8,2,87.0
2025-12-04,8,2,86.0
2025-12-05,8,2,93.0
2025-12-06,8,2,67.0
2025-12-07,8,2,72.0
2025-12-08,8,2,90.0
2025-12-09,8,2,86.0
2025-12-10,8,2,83.0
2025-12-11,8,2,65.0
2025-12-12,8,2,90.0
2025-12-13,8,2,75.0
2025-12-14,8,2,80.0
2025-12-15,8,2,79.0
2025-12-16,8,2,98.0
2025-12-17,8,2,89.0
2025-12-18,8,2,91.0
2025-12-19,8,2,82.0
2025-12-20,8,2,86.0
2025-12-21,8,2,84.0
2025-12-22,8,2,80.0
2025-12-23,8,2,101.0
2025-12-24,8,2,94.0
2025-12-25,8,2,84.0
2025-12-26,8,2,89.0
2025-12-27,8,2,80.0
2025-12-28,8,2,70.0
2025-12-29,8,2,84.0
2025-12-30,8,2,105.0
2024-01-01,8,3,98.0
2024-01-02,8,3,111.0
2024-01-03,8,3,102.0
2024-01-04,8,3,92.0
2024-01-05,8,3,67.0
2024-01-06,8,3,101.0
2024-01-07,8,3,80.0
2024-01-08,8,3,86.0
2024-01-09,8,3,101.0
2024-01-10,8,3,104.0
2024-01-11,8,3,101.0
2024-01-12,8,3,89.0
2024-01-13,8,3,95.0
2024-01-14,8,3,90.0
2024-01-15,8,3,97.0
2024-01-16,8,3,104.0
2024-01-17,8,3,103.0
2024-01-18,8,3,96.0
2024-01-19,8,3,90.0
2024-01-20,8,3,87.0
2024-01-21,8,3,101.0
2024-01-22,8,3,107.0
2024-01-23,8,3,108.0
2024-01-24,8,3,110.0
2024-01-25,8,3,117.0
2024-01-26,8,3,106.0
2024-01-27,8,3,111.0
2024-01-28,8,3,97.0
2024-01-29,8,3,98.0
2024-01-30,8,3,121.0
2024-01-31,8,3,115.0
2024-02-01,8,3,106.0
2024-02-02,8,3,109.0
2024-02-03,8,3,97.0
2024-02-04,8,3,109.0
2024-02-05,8,3,114.0
2024-02-06,8,3,115.0
2024-02-07,8,3,106.0
2024-02-08,8,3,108.0
2024-02-09,8,3,120.0
2024-02-10,8,3,118.0
2024-02-11,8,3,127.0
2024-02-12,8,3,116.0
2024-02-13,8,3,111.0
2024-02-14,8,3,131.0
2024-02-15,8,3,116.0
2024-02-16,8,3,106.0
2024-02-17,8,3,111.0
2024-02-18,8,3,124.0
2024-02-19,8,3,115.0
2024-02-20,8,3,122.0
2024-02-21,8,3,112.0
2024-02-22,8,3,121.0
2024-02-23,8,3,119.0
2024-02-24,8,3,110.0
2024-02-25,8,3,112.0
2024-02-26,8,3,120.0
2024-02-27,8,3,116.0
2024-02-28,8,3,109.0
2024-02-29,8,3,121.0
2024-03-01,8,3,115.0
2024-03-02,8,3,117.0
2024-03-03,8,3,132.0
2024-03-04,8,3,130.0
2024-03-05,8,3,111.0
2024-03-06,8,3,147.0
2024-03-07,8,3,129.0
2024-03-08,8,3,116.0
2024-03-09,8,3,125.0
2024-03-10,8,3,97.0
2024-03-11,8,3,118.0
2024-03-12,8,3,129.0
2024-03-13,8,3,130.0
2024-03-14,8,3,137.0
2024-03-15,8,3,49.88187621793054
2024-03-16,8,3,47.153961112262465
2024-03-17,8,3,44.81574816454697
2024-03-18,8,3,50.66128053383571
2024-03-19,8,3,48.32306758612021
2024-03-20,8,3,52.9994934815512
2024-03-21,8,3,47.153961112262465
2024-03-22,8,3,123.0
2024-03-23,8,3,106.0
2024-03-24,8,3,126.0
2024-03-25,8,3,121.0
2024-03-26,8,3,119.0
2024-03-27,8,3,124.0
2024-03-28,8,3,125.0
2024-03-29,8,3,114.0
2024-03-30,8,3,123.0
2024-03-31,8,3,116.0
2024-04-01,8,3,131.0
2024-04-02,8,3,128.0
2024-04-03,8,3,137.0
2024-04-04,8,3,128.0
2024-04-05,8,3,119.0
2024-04-06,8,3,109.0
2024-04-07,8,3,119.0
2024-04-08,8,3,130.0
2024-04-09,8,3,125.0
2024-04-10,8,3,131.0
2024-04-11,8,3,123.0
2024-04-12,8,3,135.0
2024-04-13,8,3,119.0
2024-04-14,8,3,119.0
2024-04-15,8,3,120.0
2024-04-16,8,3,136.0
2024-04-17,8,3,131.0
2024-04-18,8,3,126.0
2024-04-19,8,3,120.0
2024-04-20,8,3,108.0
2024-04-21,8,3,129.0
2024-04-22,8,3,130.0
2024-04-23,8,3,129.0
2024-04-24,8,3,129.0
2024-04-25,8,3,119.0
2024-04-26,8,3,108.0
2024-04-27,8,3,109.0
2024-04-28,8,3,125.0
2024-04-29,8,3,119.0
2024-04-30,8,3,135.0
2024-05-01,8,3,128.0
2024-05-02,8,3,118.0
2024-05-03,8,3,112.0
2024-05-04,8,3,116.0
2024-05-05,8,3,103.0
2024-05-06,8,3,115.0
2024-05-07,8,3,122.0
2024-05-08,8,3,133.0
2024-05-09,8,3,125.0
2024-05-10,8,3,117.0
2024-05-11,8,3,115.0
2024-05-12,8,3,121.0
2024-05-13,8,3,119.0
2024-05-14,8,3,116.0
2024-05-15,8,3,126.0
2024-05-16,8,3,114.0
2024-05-17,8,3,99.0
2024-05-18,8,3,111.0
2024-05-19,8,3,115.0
2024-05-20,8,3,119.0
2024-05-21,8,3,125.0
2024-05-22,8,3,131.0
2024-05-23,8,3,111.0
2024-05-24,8,3,109.0
2024-05-25,8,3,98.0
2024-05-26,8,3,112.0
2024-05-27,8,3,123.0
2024-05-28,8,3,115.0
2024-05-29,8,3,125.0
2024-05-30,8,3,110.0
2024-05-31,8,3,114.0
2024-06-01,8,3,88.0
2024-06-02,8,3,117.0
2024-06-03,8,3,103.0
2024-06-04,8,3,117.0
2024-06-05,8,3,128.0
2024-06-06,8,3,104.0
2024-06-07,8,3,119.0
2024-06-08,8,3,118.0
2024-06-09,8,3,108.0
2024-06-10,8,3,108.0
2024-06-11,8,3,112.0
2024-06-12,8,3,118.0
2024-06-13,8,3,115.0
2024-06-14,8,3,88.0
2024-06-15,8,3,97.0
2024-06-16,8,3,95.0
2024-06-17,8,3,99.0
2024-06-18,8,3,105.0
2024-06-19,8,3,101.0
2024-06-20,8,3,118.0
2024-06-21,8,3,96.0
2024-06-22,8,3,94.0
2024-06-23,8,3,94.0
2024-06-24,8,3,98.0
2024-06-25,8,3,110.0
2024-06-26,8,3,106.0
2024-06-27,8,3,108.0
2024-06-28,8,3,108.0
2024-06-29,8,3,84.0
2024-06-30,8,3,96.0
2024-07-01,8,3,101.0
2024-07-02,8,3,95.0
2024-07-03,8,3,109.0
2024-07-04,8,3,98.0
2024-07-05,8,3,105.0
2024-07-06,8,3,97.0
2024-07-07,8,3,90.0
2024-07-08,8,3,94.0
2024-07-09,8,3,113.0
2024-07-10,8,3,97.0
2024-07-11,8,3,99.0
2024-07-12,8,3,90.0
2024-07-13,8,3,95.0
2024-07-14,8,3,96.0
2024-07-15,8,3,96.0
2024-07-16,8,3,93.0
2024-07-17,8,3,97.0
2024-07-18,8,3,85.0
2024-07-19,8,3,89.0
2024-07-20,8,3,77.0
2024-07-21,8,3,100.0
2024-07-22,8,3,85.0
2024-07-23,8,3,102.0
2024-07-24,8,3,107.0
2024-07-25,8,3,97.0
2024-07-26,8,3,80.0
2024-07-27,8,3,75.0
2024-07-28,8,3,103.0
2024-07-29,8,3,101.0
2024-07-30,8,3,93.0
2024-07-31,8,3,90.0
2024-08-01,8,3,81.0
2024-08-02,8,3,77.0
2024-08-03,8,3,82.0
2024-08-04,8,3,95.0
2024-08-05,8,3,82.0
2024-08-06,8,3,97.0
2024-08-07,8,3,96.0
2024-08-08,8,3,83.0
2024-08-09,8,3,86.0
2024-08-10,8,3,82.0
2024-08-11,8,3,82.0
2024-08-12,8,3,78.0
2024-08-13,8,3,91.0
2024-08-14,8,3,96.0
2024-08-15,8,3,90.0
2024-08-16,8,3,84.0
2024-08-17,8,3,70.0
2024-08-18,8,3,81.0
2024-08-19,8,3,88.0
2024-08-20,8,3,80.0
2024-08-21,8,3,75.0
2024-08-22,8,3,93.0
2024-08-23,8,3,71.0
2024-08-24,8,3,64.0
2024-08-25,8,3,73.0
2024-08-26,8,3,74.0
2024-08-27,8,3,67.0
2024-08-28,8,3,90.0
2024-08-29,8,3,85.0
2024-08-30,8,3,65.0
2024-08-31,8,3,68.0
2024-09-01,8,3,62.0
2024-09-02,8,3,68.0
2024-09-03,8,3,76.0
2024-09-04,8,3,85.0
2024-09-05,8,3,92.0
2024-09-06,8,3,68.0
2024-09-07,8,3,73.0
2024-09-08,8,3,74.0
2024-09-09,8,3,58.0
2024-09-10,8,3,69.0
2024-09-11,8,3,96.0
2024-09-12,8,3,72.0
2024-09-13,8,3,73.0
2024-09-14,8,3,68.0
2024-09-15,8,3,51.0
2024-09-16,8,3,68.0
2024-09-17,8,3,84.0
2024-09-18,8,3,73.0
2024-09-19,8,3,73.0
2024-09-20,8,3,60.0
2024-09-21,8,3,59.0
2024-09-22,8,3,63.0
2024-09-23,8,3,58.0
2024-09-24,8,3,87.0
2024-09-25,8,3,69.0
2024-09-26,8,3,74.0
2024-09-27,8,3,63.0
2024-09-28,8,3,73.0
2024-09-29,8,3,57.0
2024-09-30,8,3,66.0
2024-10-01,8,3,68.0
2024-10-02,8,3,61.0
2024-10-03,8,3,79.0
2024-10-04,8,3,69.0
2024-10-05,8,3,67.0
2024-10-06,8,3,73.0
2024-10-07,8,3,73.0
2024-10-08,8,3,75.0
2024-10-09,8,3,82.0
2024-10-10,8,3,72.0
2024-10-11,8,3,78.0
2024-10-12,8,3,63.0
2024-10-13,8,3,67.0
2024-10-14,8,3,78.0
2024-10-15,8,3,97.0
2024-10-16,8,3,73.0
2024-10-17,8,3,68.0
2024-10-18,8,3,69.0
2024-10-19,8,3,61.0
2024-10-20,8,3,74.0
2024-10-21,8,3,76.0
2024-10-22,8,3,72.0
2024-10-23,8,3,88.0
2024-10-24,8,3,92.0
2024-10-25,8,3,66.0
2024-10-26,8,3,71.0
2024-10-27,8,3,54.0
2024-10-28,8,3,73.0
2024-10-29,8,3,84.0
2024-10-30,8,3,83.0
2024-10-31,8,3,81.0
2024-11-01,8,3,68.0
2024-11-02,8,3,80.0
2024-11-03,8,3,69.0
2024-11-04,8,3,69.0
2024-11-05,8,3,84.0
2024-11-06,8,3,93.0
2024-11-07,8,3,86.0
2024-11-08,8,3,72.0
2024-11-09,8,3,86.0
2024-11-10,8,3,74.0
2024-11-11,8,3,67.0
2024-11-12,8,3,91.0
2024-11-13,8,3,87.0
2024-11-14,8,3,84.0
2024-11-15,8,3,85.0
2024-11-16,8,3,73.0
2024-11-17,8,3,75.0
2024-11-18,8,3,74.0
2024-11-19,8,3,85.0
2024-11-20,8,3,93.0
2024-11-21,8,3,83.0
2024-11-22,8,3,69.0
2024-11-23,8,3,83.0
2024-11-24,8,3,85.0
2024-11-25,8,3,91.0
2024-11-26,8,3,85.0
2024-11-27,8,3,94.0
2024-11-28,8,3,92.0
2024-11-29,8,3,89.0
2024-11-30,8,3,86.0
2024-12-01,8,3,72.0
2024-12-02,8,3,102.0
2024-12-03,8,3,86.0
2024-12-04,8,3,85.0
2024-12-05,8,3,71.0
2024-12-06,8,3,93.0
2024-12-07,8,3,95.0
2024-12-08,8,3,81.0
2024-12-09,8,3,79.0
2024-12-10,8,3,105.0
2024-12-11,8,3,91.0
2024-12-12,8,3,101.0
2024-12-13,8,3,84.0
2024-12-14,8,3,84.0
2024-12-15,8,3,92.0
2024-12-16,8,3,98.0
2024-12-17,8,3,103.0
2024-12-18,8,3,115.0
2024-12-19,8,3,113.0
2024-12-20,8,3,108.0
2024-12-21,8,3,90.0
2024-12-22,8,3,94.0
2024-12-23,8,3,110.0
2024-12-24,8,3,101.0
2024-12-25,8,3,104.0
2024-12-26,8,3,104.0
2024-12-27,8,3,98.0
2024-12-28,8,3,93.0
2024-12-29,8,3,90.0
2024-12-30,8,3,109.0
2024-12-31,8,3,106.0
2025-01-01,8,3,112.0
2025-01-02,8,3,108.0
2025-01-03,8,3,107.0
2025-01-04,8,3,102.0
2025-01-05,8,3,98.0
2025-01-06,8,3,103.0
2025-01-07,8,3,112.0
2025-01-08,8,3,106.0
2025-01-09,8,3,105.0
2025-01-10,8,3,109.0
2025-01-11,8,3,104.0
2025-01-12,8,3,97.0
2025-01-13,8,3,109.0
2025-01-14,8,3,105.0
2025-01-15,8,3,119.0
2025-01-16,8,3,112.0
2025-01-17,8,3,125.0
2025-01-18,8,3,110.0
2025-01-19,8,3,100.0
2025-01-20,8,3,106.0
2025-01-21,8,3,125.0
2025-01-22,8,3,128.0
2025-01-23,8,3,132.0
2025-01-24,8,3,121.0
2025-01-25,8,3,113.0
2025-01-26,8,3,122.0
2025-01-27,8,3,118.0
2025-01-28,8,3,123.0
2025-01-29,8,3,116.0
2025-01-30,8,3,133.0
2025-01-31,8,3,117.0
2025-02-01,8,3,112.0
2025-02-02,8,3,108.0
2025-02-03,8,3,129.0
2025-02-04,8,3,134.0
2025-02-05,8,3,121.0
2025-02-06,8,3,128.0
2025-02-07,8,3,125.0
2025-02-08,8,3,106.0
2025-02-09,8,3,122.0
2025-02-10,8,3,126.0
2025-02-11,8,3,134.0
2025-02-12,8,3,146.0
2025-02-13,8,3,150.0
2025-02-14,8,3,131.0
2025-02-15,8,3,120.0
2025-02-16,8,3,125.0
2025-02-17,8,3,129.0
2025-02-18,8,3,149.0
2025-02-19,8,3,135.0
2025-02-20,8,3,127.0
2025-02-21,8,3,128.0
2025-02-22,8,3,136.0
2025-02-23,8,3,115.0
2025-02-24,8,3,123.0
2025-02-25,8,3,129.0
2025-02-26,8,3,127.0
2025-02-27,8,3,125.0
2025-02-28,8,3,133.0
2025-03-01,8,3,124.0
2025-03-02,8,3,115.0
2025-03-03,8,3,135.0
2025-03-04,8,3,139.0
2025-03-05,8,3,145.0
2025-03-06,8,3,130.0
2025-03-07,8,3,119.0
2025-03-08,8,3,130.0
2025-03-09,8,3,132.0
2025-03-10,8,3,124.0
2025-03-11,8,3,140.0
2025-03-12,8,3,135.0
2025-03-13,8,3,143.0
2025-03-14,8,3,135.0
2025-03-15,8,3,135.0
2025-03-16,8,3,121.0
2025-03-17,8,3,128.0
2025-03-18,8,3,136.0
2025-03-19,8,3,137.0
2025-03-20,8,3,140.0
2025-03-21,8,3,123.0
2025-03-22,8,3,138.0
2025-03-23,8,3,141.0
2025-03-24,8,3,142.0
2025-03-25,8,3,144.0
2025-03-26,8,3,140.0
2025-03-27,8,3,139.0
2025-03-28,8,3,126.0
2025-03-29,8,3,129.0
2025-03-30,8,3,131.0
2025-03-31,8,3,128.0
2025-04-01,8,3,152.0
2025-04-02,8,3,141.0
2025-04-03,8,3,130.0
2025-04-04,8,3,130.0
2025-04-05,8,3,123.0
2025-04-06,8,3,123.0
2025-04-07,8,3,146.0
2025-04-08,8,3,140.0
2025-04-09,8,3,149.0
2025-04-10,8,3,141.0
2025-04-11,8,3,135.0
2025-04-12,8,3,127.0
2025-04-13,8,3,126.0
2025-04-14,8,3,144.0
2025-04-15,8,3,145.0
2025-04-16,8,3,140.0
2025-04-17,8,3,145.0
2025-04-18,8,3,142.0
2025-04-19,8,3,130.0
2025-04-20,8,3,140.0
2025-04-21,8,3,130.0
2025-04-22,8,3,132.0
2025-04-23,8,3,138.0
2025-04-24,8,3,137.0
2025-04-25,8,3,141.0
2025-04-26,8,3,123.0
2025-04-27,8,3,130.0
2025-04-28,8,3,141.0
2025-04-29,8,3,141.0
2025-04-30,8,3,135.0
2025-05-01,8,3,125.0
2025-05-02,8,3,138.0
2025-05-03,8,3,116.0
2025-05-04,8,3,123.0
2025-05-05,8,3,131.0
2025-05-06,8,3,146.0
2025-05-07,8,3,145.0
2025-05-08,8,3,134.0
2025-05-09,8,3,136.0
2025-05-10,8,3,133.0
2025-05-11,8,3,120.0
2025-05-12,8,3,126.0
2025-05-13,8,3,140.0
2025-05-14,8,3,148.0
2025-05-15,8,3,126.0
2025-05-16,8,3,111.0
2025-05-17,8,3,125.0
2025-05-18,8,3,132.0
2025-05-19,8,3,128.0
2025-05-20,8,3,152.0
2025-05-21,8,3,127.0
2025-05-22,8,3,123.0
2025-05-23,8,3,117.0
2025-05-24,8,3,119.0
2025-05-25,8,3,120.0
2025-05-26,8,3,119.0
2025-05-27,8,3,138.0
2025-05-28,8,3,133.0
2025-05-29,8,3,119.0
2025-05-30,8,3,124.0
2025-05-31,8,3,112.0
2025-06-01,8,3,117.0
2025-06-02,8,3,128.0
2025-06-03,8,3,134.0
2025-06-04,8,3,135.0
2025-06-05,8,3,124.0
2025-06-06,8,3,110.0
2025-06-07,8,3,110.0
2025-06-08,8,3,114.0
2025-06-09,8,3,130.0
2025-06-10,8,3,120.0
2025-06-11,8,3,127.0
2025-06-12,8,3,111.0
2025-06-13,8,3,116.0
2025-06-14,8,3,109.0
2025-06-15,8,3,110.0
2025-06-16,8,3,122.0
2025-06-17,8,3,116.0
2025-06-18,8,3,132.0
2025-06-19,8,3,112.0
2025-06-20,8,3,121.0
2025-06-21,8,3,94.0
2025-06-22,8,3,110.0
2025-06-23,8,3,117.0
2025-06-24,8,3,115.0
2025-06-25,8,3,121.0
2025-06-26,8,3,112.0
2025-06-27,8,3,111.0
2025-06-28,8,3,105.0
2025-06-29,8,3,121.0
2025-06-30,8,3,99.0
2025-07-01,8,3,116.0
2025-07-02,8,3,112.0
2025-07-03,8,3,112.0
2025-07-04,8,3,103.0
2025-07-05,8,3,97.0
2025-07-06,8,3,97.0
2025-07-07,8,3,111.0
2025-07-08,8,3,108.0
2025-07-09,8,3,112.0
2025-07-10,8,3,109.0
2025-07-11,8,3,96.0
2025-07-12,8,3,101.0
2025-07-13,8,3,90.0
2025-07-14,8,3,107.0
2025-07-15,8,3,111.0
2025-07-16,8,3,108.0
2025-07-17,8,3,96.0
2025-07-18,8,3,98.0
2025-07-19,8,3,86.0
2025-07-20,8,3,94.0
2025-07-21,8,3,106.0
2025-07-22,8,3,105.0
2025-07-23,8,3,115.0
2025-07-24,8,3,104.0
2025-07-25,8,3,101.0
2025-07-26,8,3,96.0
2025-07-27,8,3,102.0
2025-07-28,8,3,87.0
2025-07-29,8,3,98.0
2025-07-30,8,3,103.0
2025-07-31,8,3,105.0
2025-08-01,8,3,93.0
2025-08-02,8,3,88.0
2025-08-03,8,3,96.0
2025-08-04,8,3,91.0
2025-08-05,8,3,96.0
2025-08-06,8,3,104.0
2025-08-07,8,3,114.0
2025-08-08,8,3,89.0
2025-08-09,8,3,80.0
2025-08-10,8,3,82.0
2025-08-11,8,3,89.0
2025-08-12,8,3,107.0
2025-08-13,8,3,95.0
2025-08-14,8,3,96.0
2025-08-15,8,3,86.0
2025-08-16,8,3,73.0
2025-08-17,8,3,81.0
2025-08-18,8,3,71.0
2025-08-19,8,3,96.0
2025-08-20,8,3,99.0
2025-08-21,8,3,85.0
2025-08-22,8,3,81.0
2025-08-23,8,3,71.0
2025-08-24,8,3,65.0
2025-08-25,8,3,76.0
2025-08-26,8,3,97.0
2025-08-27,8,3,91.0
2025-08-28,8,3,91.0
2025-08-29,8,3,98.0
2025-08-30,8,3,86.0
2025-08-31,8,3,84.0
2025-09-01,8,3,82.0
2025-09-02,8,3,103.0
2025-09-03,8,3,101.0
2025-09-04,8,3,52.824502525657785
2025-09-05,8,3,45.03983899556084
2025-09-06,8,3,38.923317650484684
2025-09-07,8,3,50.04426555062316
2025-09-08,8,3,50.60031294563009
2025-09-09,8,3,88.0
2025-09-10,8,3,89.0
2025-09-11,8,3,78.0
2025-09-12,8,3,86.0
2025-09-13,8,3,78.0
2025-09-14,8,3,81.0
2025-09-15,8,3,90.0
2025-09-16,8,3,94.0
2025-09-17,8,3,83.0
2025-09-18,8,3,86.0
2025-09-19,8,3,83.0
2025-09-20,8,3,79.0
2025-09-21,8,3,65.0
2025-09-22,8,3,75.0
2025-09-23,8,3,93.0
2025-09-24,8,3,94.0
2025-09-25,8,3,98.0
2025-09-26,8,3,68.0
2025-09-27,8,3,82.0
2025-09-28,8,3,80.0
2025-09-29,8,3,75.0
2025-09-30,8,3,75.0
2025-10-01,8,3,97.0
2025-10-02,8,3,78.0
2025-10-03,8,3,70.0
2025-10-04,8,3,79.0
2025-10-05,8,3,77.0
2025-10-06,8,3,87.0
2025-10-07,8,3,92.0
2025-10-08,8,3,115.0
2025-10-09,8,3,92.0
2025-10-10,8,3,85.0
2025-10-11,8,3,70.0
2025-10-12,8,3,89.0
2025-10-13,8,3,80.0
2025-10-14,8,3,83.0
2025-10-15,8,3,89.0
2025-10-16,8,3,90.0
2025-10-17,8,3,78.0
2025-10-18,8,3,71.0
2025-10-19,8,3,72.0
2025-10-20,8,3,86.0
2025-10-21,8,3,95.0
2025-10-22,8,3,97.0
2025-10-23,8,3,77.0
2025-10-24,8,3,76.0
2025-10-25,8,3,86.0
2025-10-26,8,3,77.0
2025-10-27,8,3,88.0
2025-10-28,8,3,112.0
2025-10-29,8,3,77.0
2025-10-30,8,3,89.0
2025-10-31,8,3,89.0
2025-11-01,8,3,73.0
2025-11-02,8,3,81.0
2025-11-03,8,3,79.0
2025-11-04,8,3,98.0
2025-11-05,8,3,91.0
2025-11-06,8,3,89.0
2025-11-07,8,3,93.0
2025-11-08,8,3,87.0
2025-11-09,8,3,92.0
2025-11-10,8,3,103.0
2025-11-11,8,3,97.0
2025-11-12,8,3,114.0
2025-11-13,8,3,96.0
2025-11-14,8,3,98.0
2025-11-15,8,3,85.0
2025-11-16,8,3,93.0
2025-11-17,8,3,90.0
2025-11-18,8,3,109.0
2025-11-19,8,3,109.0
2025-11-20,8,3,96.0
2025-11-21,8,3,92.0
2025-11-22,8,3,81.0
2025-11-23,8,3,97.0
2025-11-24,8,3,102.0
2025-11-25,8,3,93.0
2025-11-26,8,3,120.0
2025-11-27,8,3,103.0
2025-11-28,8,3,93.0
2025-11-29,8,3,100.0
2025-11-30,8,3,89.0
2025-12-01,8,3,109.0
2025-12-02,8,3,96.0
2025-12-03,8,3,105.0
2025-12-04,8,3,103.0
2025-12-05,8,3,93.0
2025-12-06,8,3,89.0
2025-12-07,8,3,92.0
2025-12-08,8,3,98.0
2025-12-09,8,3,105.0
2025-12-10,8,3,121.0
2025-12-11,8,3,110.0
2025-12-12,8,3,100.0
2025-12-13,8,3,103.0
2025-12-14,8,3,99.0
2025-12-15,8,3,100.0
2025-12-16,8,3,100.0
2025-12-17,8,3,121.0
2025-12-18,8,3,94.0
2025-12-19,8,3,93.0
2025-12-20,8,3,105.0
2025-12-21,8,3,103.0
2025-12-22,8,3,120.0
2025-12-23,8,3,110.0
2025-12-24,8,3,123.0
2025-12-25,8,3,113.0
2025-12-26,8,3,112.0
2025-12-27,8,3,106.0
2025-12-28,8,3,110.0
2025-12-29,8,3,114.0
2025-12-30,8,3,121.0
2024-01-01,8,4,129.0
2024-01-02,8,4,145.0
2024-01-03,8,4,128.0
2024-01-04,8,4,145.0
2024-01-05,8,4,116.0
2024-01-06,8,4,123.0
2024-01-07,8,4,132.0
2024-01-08,8,4,137.0
2024-01-09,8,4,137.0
2024-01-10,8,4,146.0
2024-01-11,8,4,145.0
2024-01-12,8,4,128.0
2024-01-13,8,4,114.0
2024-01-14,8,4,125.0
2024-01-15,8,4,133.0
2024-01-16,8,4,152.0
2024-01-17,8,4,145.0
2024-01-18,8,4,132.0
2024-01-19,8,4,126.0
2024-01-20,8,4,114.0
2024-01-21,8,4,124.0
2024-01-22,8,4,144.0
2024-01-23,8,4,150.0
2024-01-24,8,4,155.0
2024-01-25,8,4,142.0
2024-01-26,8,4,136.0
2024-01-27,8,4,123.0
2024-01-28,8,4,125.0
2024-01-29,8,4,143.0
2024-01-30,8,4,152.0
2024-01-31,8,4,142.0
2024-02-01,8,4,152.0
2024-02-02,8,4,134.0
2024-02-03,8,4,126.0
2024-02-04,8,4,145.0
2024-02-05,8,4,153.0
2024-02-06,8,4,162.0
2024-02-07,8,4,163.0
2024-02-08,8,4,159.0
2024-02-09,8,4,141.0
2024-02-10,8,4,137.0
2024-02-11,8,4,137.0
2024-02-12,8,4,152.0
2024-02-13,8,4,165.0
2024-02-14,8,4,168.0
2024-02-15,8,4,157.0
2024-02-16,8,4,151.0
2024-02-17,8,4,138.0
2024-02-18,8,4,141.0
2024-02-19,8,4,143.0
2024-02-20,8,4,161.0
2024-02-21,8,4,175.0
2024-02-22,8,4,167.0
2024-02-23,8,4,149.0
2024-02-24,8,4,139.0
2024-02-25,8,4,146.0
2024-02-26,8,4,142.0
2024-02-27,8,4,170.0
2024-02-28,8,4,164.0
2024-02-29,8,4,164.0
2024-03-01,8,4,153.0
2024-03-02,8,4,142.0
2024-03-03,8,4,152.0
2024-03-04,8,4,156.0
2024-03-05,8,4,167.0
2024-03-06,8,4,178.0
2024-03-07,8,4,164.0
2024-03-08,8,4,163.0
2024-03-09,8,4,147.0
2024-03-10,8,4,153.0
2024-03-11,8,4,167.0
2024-03-12,8,4,173.0
2024-03-13,8,4,167.0
2024-03-14,8,4,172.0
2024-03-15,8,4,163.0
2024-03-16,8,4,147.0
2024-03-17,8,4,157.0
2024-03-18,8,4,156.0
2024-03-19,8,4,175.0
2024-03-20,8,4,176.0
2024-03-21,8,4,160.0
2024-03-22,8,4,160.0
2024-03-23,8,4,144.0
2024-03-24,8,4,155.0
2024-03-25,8,4,158.0
2024-03-26,8,4,165.0
2024-03-27,8,4,174.0
2024-03-28,8,4,177.0
2024-03-29,8,4,157.0
2024-03-30,8,4,150.0
2024-03-31,8,4,154.0
2024-04-01,8,4,165.0
2024-04-02,8,4,187.0
2024-04-03,8,4,178.0
2024-04-04,8,4,159.0
2024-04-05,8,4,156.0
2024-04-06,8,4,151.0
2024-04-07,8,4,145.0
2024-04-08,8,4,163.0
2024-04-09,8,4,174.0
2024-04-10,8,4,190.0
2024-04-11,8,4,166.0
2024-04-12,8,4,164.0
2024-04-13,8,4,149.0
2024-04-14,8,4,158.0
2024-04-15,8,4,173.0
2024-04-16,8,4,178.0
2024-04-17,8,4,178.0
2024-04-18,8,4,177.0
2024-04-19,8,4,148.0
2024-04-20,8,4,150.0
2024-04-21,8,4,144.0
2024-04-22,8,4,168.0
2024-04-23,8,4,175.0
2024-04-24,8,4,177.0
2024-04-25,8,4,167.0
2024-04-26,8,4,160.0
2024-04-27,8,4,137.0
2024-04-28,8,4,163.0
2024-04-29,8,4,161.0
2024-04-30,8,4,165.0
2024-05-01,8,4,159.0
2024-05-02,8,4,166.0
2024-05-03,8,4,156.0
2024-05-04,8,4,148.0
2024-05-05,8,4,140.0
2024-05-06,8,4,152.0
2024-05-07,8,4,180.0
2024-05-08,8,4,164.0
2024-05-09,8,4,166.0
2024-05-10,8,4,150.0
2024-05-11,8,4,141.0
2024-05-12,8,4,145.0
2024-05-13,8,4,155.0
2024-05-14,8,4,166.0
2024-05-15,8,4,178.0
2024-05-16,8,4,161.0
2024-05-17,8,4,143.0
2024-05-18,8,4,142.0
2024-05-19,8,4,138.0
2024-05-20,8,4,149.0
2024-05-21,8,4,176.0
2024-05-22,8,4,168.0
2024-05-23,8,4,153.0
2024-05-24,8,4,147.0
2024-05-25,8,4,140.0
2024-05-26,8,4,140.0
2024-05-27,8,4,150.0
2024-05-28,8,4,155.0
2024-05-29,8,4,163.0
2024-05-30,8,4,153.0
2024-05-31,8,4,144.0
2024-06-01,8,4,139.0
2024-06-02,8,4,150.0
2024-06-03,8,4,154.0
2024-06-04,8,4,144.0
2024-06-05,8,4,164.0
2024-06-06,8,4,164.0
2024-06-07,8,4,141.0
2024-06-08,8,4,143.0
2024-06-09,8,4,129.0
2024-06-10,8,4,141.0
2024-06-11,8,4,156.0
2024-06-12,8,4,159.0
2024-06-13,8,4,156.0
2024-06-14,8,4,138.0
2024-06-15,8,4,129.0
2024-06-16,8,4,147.0
2024-06-17,8,4,138.0
2024-06-18,8,4,162.0
2024-06-19,8,4,159.0
2024-06-20,8,4,145.0
2024-06-21,8,4,136.0
2024-06-22,8,4,121.0
2024-06-23,8,4,129.0
2024-06-24,8,4,139.0
2024-06-25,8,4,153.0
2024-06-26,8,4,152.0
2024-06-27,8,4,154.0
2024-06-28,8,4,125.0
2024-06-29,8,4,118.0
2024-06-30,8,4,126.0
2024-07-01,8,4,131.0
2024-07-02,8,4,231.32309563826516
2024-07-03,8,4,240.5147418225671
2024-07-04,8,4,209.87592120822734
2024-07-05,8,4,128.0
2024-07-06,8,4,123.0
2024-07-07,8,4,127.0
2024-07-08,8,4,154.0
2024-07-09,8,4,134.0
2024-07-10,8,4,154.0
2024-07-11,8,4,133.0
2024-07-12,8,4,120.0
2024-07-13,8,4,116.0
2024-07-14,8,4,118.0
2024-07-15,8,4,136.0
2024-07-16,8,4,130.0
2024-07-17,8,4,123.0
2024-07-18,8,4,145.0
2024-07-19,8,4,111.0
2024-07-20,8,4,118.0
2024-07-21,8,4,123.0
2024-07-22,8,4,132.0
2024-07-23,8,4,139.0
2024-07-24,8,4,143.0
2024-07-25,8,4,126.0
2024-07-26,8,4,105.0
2024-07-27,8,4,106.0
2024-07-28,8,4,107.0
2024-07-29,8,4,116.0
2024-07-30,8,4,133.0
2024-07-31,8,4,123.0
2024-08-01,8,4,134.0
2024-08-02,8,4,113.0
2024-08-03,8,4,102.0
2024-08-04,8,4,105.0
2024-08-05,8,4,117.0
2024-08-06,8,4,123.0
2024-08-07,8,4,125.0
2024-08-08,8,4,115.0
2024-08-09,8,4,102.0
2024-08-10,8,4,97.0
2024-08-11,8,4,104.0
2024-08-12,8,4,122.0
2024-08-13,8,4,117.0
2024-08-14,8,4,135.0
2024-08-15,8,4,111.0
2024-08-16,8,4,108.0
2024-08-17,8,4,90.0
2024-08-18,8,4,94.0
2024-08-19,8,4,115.0
2024-08-20,8,4,126.0
2024-08-21,8,4,131.0
2024-08-22,8,4,113.0
2024-08-23,8,4,112.0
2024-08-24,8,4,107.0
2024-08-25,8,4,101.0
2024-08-26,8,4,100.0
2024-08-27,8,4,110.0
2024-08-28,8,4,125.0
2024-08-29,8,4,113.0
2024-08-30,8,4,97.0
2024-08-31,8,4,94.0
2024-09-01,8,4,96.0
2024-09-02,8,4,108.0
2024-09-03,8,4,115.0
2024-09-04,8,4,135.0
2024-09-05,8,4,108.0
2024-09-06,8,4,100.0
2024-09-07,8,4,81.0
2024-09-08,8,4,89.0
2024-09-09,8,4,100.0
2024-09-10,8,4,116.0
2024-09-11,8,4,120.0
2024-09-12,8,4,111.0
2024-09-13,8,4,97.0
2024-09-14,8,4,94.0
2024-09-15,8,4,97.0
2024-09-16,8,4,92.0
2024-09-17,8,4,125.0
2024-09-18,8,4,122.0
2024-09-19,8,4,101.0
2024-09-20,8,4,106.0
2024-09-21,8,4,98.0
2024-09-22,8,4,82.0
2024-09-23,8,4,104.0
2024-09-24,8,4,119.0
2024-09-25,8,4,127.0
2024-09-26,8,4,116.0
2024-09-27,8,4,96.0
2024-09-28,8,4,85.0
2024-09-29,8,4,86.0
2024-09-30,8,4,100.0
2024-10-01,8,4,121.0
2024-10-02,8,4,126.0
2024-10-03,8,4,110.0
2024-10-04,8,4,107.0
2024-10-05,8,4,95.0
2024-10-06,8,4,111.0
2024-10-07,8,4,95.0
2024-10-08,8,4,117.0
2024-10-09,8,4,122.0
2024-10-10,8,4,125.0
2024-10-11,8,4,92.0
2024-10-12,8,4,87.0
2024-10-13,8,4,96.0
2024-10-14,8,4,100.0
2024-10-15,8,4,118.0
2024-10-16,8,4,112.0
2024-10-17,8,4,122.0
2024-10-18,8,4,113.0
2024-10-19,8,4,105.0
2024-10-20,8,4,98.0
2024-10-21,8,4,110.0
2024-10-22,8,4,121.0
2024-10-23,8,4,129.0
2024-10-24,8,4,124.0
2024-10-25,8,4,108.0
2024-10-26,8,4,98.0
2024-10-27,8,4,104.0
2024-10-28,8,4,111.0
2024-10-29,8,4,114.0
2024-10-30,8,4,122.0
2024-10-31,8,4,120.0
2024-11-01,8,4,100.0
2024-11-02,8,4,92.0
2024-11-03,8,4,105.0
2024-11-04,8,4,117.0
2024-11-05,8,4,127.0
2024-11-06,8,4,125.0
2024-11-07,8,4,119.0
2024-11-08,8,4,113.0
2024-11-09,8,4,95.0
2024-11-10,8,4,95.0
2024-11-11,8,4,119.0
2024-11-12,8,4,127.0
2024-11-13,8,4,139.0
2024-11-14,8,4,117.0
2024-11-15,8,4,118.0
2024-11-16,8,4,100.0
2024-11-17,8,4,112.0
2024-11-18,8,4,111.0
2024-11-19,8,4,121.0
2024-11-20,8,4,136.0
2024-11-21,8,4,125.0
2024-11-22,8,4,115.0
2024-11-23,8,4,101.0
2024-11-24,8,4,112.0
2024-11-25,8,4,130.0
2024-11-26,8,4,141.0
2024-11-27,8,4,133.0
2024-11-28,8,4,122.0
2024-11-29,8,4,118.0
2024-11-30,8,4,116.0
2024-12-01,8,4,104.0
2024-12-02,8,4,130.0
2024-12-03,8,4,150.0
2024-12-04,8,4,145.0
2024-12-05,8,4,124.0
2024-12-06,8,4,115.0
2024-12-07,8,4,110.0
2024-12-08,8,4,117.0
2024-12-09,8,4,132.0
2024-12-10,8,4,146.0
2024-12-11,8,4,143.0
2024-12-12,8,4,139.0
2024-12-13,8,4,119.0
2024-12-14,8,4,114.0
2024-12-15,8,4,127.0
2024-12-16,8,4,137.0
2024-12-17,8,4,149.0
2024-12-18,8,4,143.0
2024-12-19,8,4,142.0
2024-12-20,8,4,130.0
2024-12-21,8,4,125.0
2024-12-22,8,4,132.0
2024-12-23,8,4,138.0
2024-12-24,8,4,160.0
2024-12-25,8,4,141.0
2024-12-26,8,4,144.0
2024-12-27,8,4,141.0
2024-12-28,8,4,122.0
2024-12-29,8,4,135.0
2024-12-30,8,4,143.0
2024-12-31,8,4,166.0
2025-01-01,8,4,157.0
2025-01-02,8,4,150.0
2025-01-03,8,4,150.0
2025-01-04,8,4,129.0
2025-01-05,8,4,141.0
2025-01-06,8,4,148.0
2025-01-07,8,4,165.0
2025-01-08,8,4,160.0
2025-01-09,8,4,154.0
2025-01-10,8,4,140.0
2025-01-11,8,4,123.0
2025-01-12,8,4,137.0
2025-01-13,8,4,171.0
2025-01-14,8,4,158.0
2025-01-15,8,4,167.0
2025-01-16,8,4,166.0
2025-01-17,8,4,150.0
2025-01-18,8,4,139.0
2025-01-19,8,4,137.0
2025-01-20,8,4,164.0
2025-01-21,8,4,174.0
2025-01-22,8,4,179.0
2025-01-23,8,4,171.0
2025-01-24,8,4,142.0
2025-01-25,8,4,141.0
2025-01-26,8,4,149.0
2025-01-27,8,4,153.0
2025-01-28,8,4,167.0
2025-01-29,8,4,178.0
2025-01-30,8,4,170.0
2025-01-31,8,4,165.0
2025-02-01,8,4,143.0
2025-02-02,8,4,145.0
2025-02-03,8,4,175.0
2025-02-04,8,4,173.0
2025-02-05,8,4,166.0
2025-02-06,8,4,173.0
2025-02-07,8,4,151.0
2025-02-08,8,4,148.0
2025-02-09,8,4,145.0
2025-02-10,8,4,173.0
2025-02-11,8,4,180.0
2025-02-12,8,4,173.0
2025-02-13,8,4,175.0
2025-02-14,8,4,166.0
2025-02-15,8,4,153.0
2025-02-16,8,4,167.0
2025-02-17,8,4,175.0
2025-02-18,8,4,178.0
2025-02-19,8,4,183.0
2025-02-20,8,4,169.0
2025-02-21,8,4,154.0
2025-02-22,8,4,151.0
2025-02-23,8,4,156.0
2025-02-24,8,4,180.0
2025-02-25,8,4,175.0
2025-02-26,8,4,187.0
2025-02-27,8,4,181.0
2025-02-28,8,4,162.0
2025-03-01,8,4,166.0
2025-03-02,8,4,161.0
2025-03-03,8,4,171.0
2025-03-04,8,4,196.0
2025-03-05,8,4,184.0
2025-03-06,8,4,186.0
2025-03-07,8,4,166.0
2025-03-08,8,4,154.0
2025-03-09,8,4,162.0
2025-03-10,8,4,191.0
2025-03-11,8,4,87.0341484603821
2025-03-12,8,4,90.92394280498019
2025-03-13,8,4,92.86883997727922
2025-03-14,8,4,80.22700835733545
2025-03-15,8,4,77.30966259888689
2025-03-16,8,4,81.19945694348498
2025-03-17,8,4,85.57547558115782
2025-03-18,8,4,93.35506427035398
2025-03-19,8,4,92.86883997727922
2025-03-20,8,4,185.0
2025-03-21,8,4,171.0
2025-03-22,8,4,159.0
2025-03-23,8,4,156.0
2025-03-24,8,4,191.0
2025-03-25,8,4,185.0
2025-03-26,8,4,188.0
2025-03-27,8,4,187.0
2025-03-28,8,4,166.0
2025-03-29,8,4,171.0
2025-03-30,8,4,170.0
2025-03-31,8,4,178.0
2025-04-01,8,4,188.0
2025-04-02,8,4,186.0
2025-04-03,8,4,188.0
2025-04-04,8,4,174.0
2025-04-05,8,4,161.0
2025-04-06,8,4,171.0
2025-04-07,8,4,189.0
2025-04-08,8,4,191.0
2025-04-09,8,4,192.0
2025-04-10,8,4,180.0
2025-04-11,8,4,172.0
2025-04-12,8,4,163.0
2025-04-13,8,4,161.0
2025-04-14,8,4,182.0
2025-04-15,8,4,192.0
2025-04-16,8,4,194.0
2025-04-17,8,4,183.0
2025-04-18,8,4,178.0
2025-04-19,8,4,154.0
2025-04-20,8,4,157.0
2025-04-21,8,4,180.0
2025-04-22,8,4,198.0
2025-04-23,8,4,193.0
2025-04-24,8,4,185.0
2025-04-25,8,4,165.0
2025-04-26,8,4,150.0
2025-04-27,8,4,160.0
2025-04-28,8,4,181.0
2025-04-29,8,4,179.0
2025-04-30,8,4,186.0
2025-05-01,8,4,173.0
2025-05-02,8,4,164.0
2025-05-03,8,4,169.0
2025-05-04,8,4,161.0
2025-05-05,8,4,181.0
2025-05-06,8,4,183.0
2025-05-07,8,4,198.0
2025-05-08,8,4,183.0
2025-05-09,8,4,165.0
2025-05-10,8,4,159.0
2025-05-11,8,4,153.0
2025-05-12,8,4,170.0
2025-05-13,8,4,193.0
2025-05-14,8,4,189.0
2025-05-15,8,4,166.0
2025-05-16,8,4,165.0
2025-05-17,8,4,159.0
2025-05-18,8,4,165.0
2025-05-19,8,4,169.0
2025-05-20,8,4,181.0
2025-05-21,8,4,191.0
2025-05-22,8,4,175.0
2025-05-23,8,4,159.0
2025-05-24,8,4,160.0
2025-05-25,8,4,163.0
2025-05-26,8,4,155.0
2025-05-27,8,4,181.0
2025-05-28,8,4,175.0
2025-05-29,8,4,176.0
2025-05-30,8,4,166.0
2025-05-31,8,4,156.0
2025-06-01,8,4,159.0
2025-06-02,8,4,161.0
2025-06-03,8,4,173.0
2025-06-04,8,4,182.0
2025-06-05,8,4,171.0
2025-06-06,8,4,147.0
2025-06-07,8,4,154.0
2025-06-08,8,4,142.0
2025-06-09,8,4,164.0
2025-06-10,8,4,174.0
2025-06-11,8,4,182.0
2025-06-12,8,4,165.0
2025-06-13,8,4,141.0
2025-06-14,8,4,146.0
2025-06-15,8,4,150.0
2025-06-16,8,4,165.0
2025-06-17,8,4,166.0
2025-06-18,8,4,176.0
2025-06-19,8,4,169.0
2025-06-20,8,4,146.0
2025-06-21,8,4,144.0
2025-06-22,8,4,135.0
2025-06-23,8,4,158.0
2025-06-24,8,4,167.0
2025-06-25,8,4,160.0
2025-06-26,8,4,157.0
2025-06-27,8,4,153.0
2025-06-28,8,4,139.0
2025-06-29,8,4,136.0
2025-06-30,8,4,146.0
2025-07-01,8,4,168.0
2025-07-02,8,4,161.0
2025-07-03,8,4,157.0
2025-07-04,8,4,140.0
2025-07-05,8,4,121.0
2025-07-06,8,4,133.0
2025-07-07,8,4,155.0
2025-07-08,8,4,172.0
2025-07-09,8,4,156.0
2025-07-10,8,4,154.0
2025-07-11,8,4,154.0
2025-07-12,8,4,138.0
2025-07-13,8,4,125.0
2025-07-14,8,4,142.0
2025-07-15,8,4,156.0
2025-07-16,8,4,165.0
2025-07-17,8,4,141.0
2025-07-18,8,4,140.0
2025-07-19,8,4,132.0
2025-07-20,8,4,128.0
2025-07-21,8,4,154.0
2025-07-22,8,4,146.0
2025-07-23,8,4,156.0
2025-07-24,8,4,146.0
2025-07-25,8,4,134.0
2025-07-26,8,4,131.0
2025-07-27,8,4,118.0
2025-07-28,8,4,138.0
2025-07-29,8,4,160.0
2025-07-30,8,4,155.0
2025-07-31,8,4,138.0
2025-08-01,8,4,124.0
2025-08-02,8,4,124.0
2025-08-03,8,4,120.0
2025-08-04,8,4,133.0
2025-08-05,8,4,140.0
2025-08-06,8,4,160.0
2025-08-07,8,4,141.0
2025-08-08,8,4,126.0
2025-08-09,8,4,107.0
2025-08-10,8,4,115.0
2025-08-11,8,4,131.0
2025-08-12,8,4,142.0
2025-08-13,8,4,155.0
2025-08-14,8,4,137.0
2025-08-15,8,4,130.0
2025-08-16,8,4,116.0
2025-08-17,8,4,123.0
2025-08-18,8,4,118.0
2025-08-19,8,4,132.0
2025-08-20,8,4,148.0
2025-08-21,8,4,143.0
2025-08-22,8,4,110.0
2025-08-23,8,4,113.0
2025-08-24,8,4,106.0
2025-08-25,8,4,122.0
2025-08-26,8,4,125.0
2025-08-27,8,4,139.0
2025-08-28,8,4,130.0
2025-08-29,8,4,118.0
2025-08-30,8,4,109.0
2025-08-31,8,4,117.0
2025-09-01,8,4,135.0
2025-09-02,8,4,128.0
2025-09-03,8,4,133.0
2025-09-04,8,4,131.0
2025-09-05,8,4,115.0
2025-09-06,8,4,107.0
2025-09-07,8,4,103.0
2025-09-08,8,4,120.0
2025-09-09,8,4,131.0
2025-09-10,8,4,138.0
2025-09-11,8,4,123.0
2025-09-12,8,4,121.0
2025-09-13,8,4,100.0
2025-09-14,8,4,120.0
2025-09-15,8,4,117.0
2025-09-16,8,4,142.0
2025-09-17,8,4,131.0
2025-09-18,8,4,133.0
2025-09-19,8,4,113.0
2025-09-20,8,4,108.0
2025-09-21,8,4,114.0
2025-09-22,8,4,119.0
2025-09-23,8,4,121.0
2025-09-24,8,4,132.0
2025-09-25,8,4,124.0
2025-09-26,8,4,126.0
2025-09-27,8,4,107.0
2025-09-28,8,4,111.0
2025-09-29,8,4,121.0
2025-09-30,8,4,134.0
2025-10-01,8,4,128.0
2025-10-02,8,4,123.0
2025-10-03,8,4,119.0
2025-10-04,8,4,106.0
2025-10-05,8,4,110.0
2025-10-06,8,4,122.0
2025-10-07,8,4,137.0
2025-10-08,8,4,132.0
2025-10-09,8,4,129.0
2025-10-10,8,4,102.0
2025-10-11,8,4,98.0
2025-10-12,8,4,109.0
2025-10-13,8,4,116.0
2025-10-14,8,4,140.0
2025-10-15,8,4,130.0
2025-10-16,8,4,129.0
2025-10-17,8,4,122.0
2025-10-18,8,4,112.0
2025-10-19,8,4,109.0
2025-10-20,8,4,121.0
2025-10-21,8,4,138.0
2025-10-22,8,4,144.0
2025-10-23,8,4,140.0
2025-10-24,8,4,124.0
2025-10-25,8,4,115.0
2025-10-26,8,4,116.0
2025-10-27,8,4,126.0
2025-10-28,8,4,135.0
2025-10-29,8,4,144.0
2025-10-30,8,4,131.0
2025-10-31,8,4,125.0
2025-11-01,8,4,118.0
2025-11-02,8,4,119.0
2025-11-03,8,4,124.0
2025-11-04,8,4,139.0
2025-11-05,8,4,150.0
2025-11-06,8,4,125.0
2025-11-07,8,4,124.0
2025-11-08,8,4,120.0
2025-11-09,8,4,121.0
2025-11-10,8,4,143.0
2025-11-11,8,4,132.0
2025-11-12,8,4,138.0
2025-11-13,8,4,139.0
2025-11-14,8,4,132.0
2025-11-15,8,4,119.0
2025-11-16,8,4,130.0
2025-11-17,8,4,130.0
2025-11-18,8,4,144.0
2025-11-19,8,4,153.0
2025-11-20,8,4,139.0
2025-11-21,8,4,135.0
2025-11-22,8,4,126.0
2025-11-23,8,4,122.0
2025-11-24,8,4,139.0
2025-11-25,8,4,146.0
2025-11-26,8,4,147.0
2025-11-27,8,4,142.0
2025-11-28,8,4,131.0
2025-11-29,8,4,126.0
2025-11-30,8,4,128.0
2025-12-01,8,4,130.0
2025-12-02,8,4,159.0
2025-12-03,8,4,145.0
2025-12-04,8,4,150.0
2025-12-05,8,4,132.0
2025-12-06,8,4,130.0
2025-12-07,8,4,131.0
2025-12-08,8,4,146.0
2025-12-09,8,4,160.0
2025-12-10,8,4,166.0
2025-12-11,8,4,157.0
2025-12-12,8,4,141.0
2025-12-13,8,4,139.0
2025-12-14,8,4,133.0
2025-12-15,8,4,159.0
2025-12-16,8,4,157.0
2025-12-17,8,4,161.0
2025-12-18,8,4,145.0
2025-12-19,8,4,140.0
2025-12-20,8,4,135.0
2025-12-21,8,4,139.0
2025-12-22,8,4,163.0
2025-12-23,8,4,168.0
2025-12-24,8,4,174.0
2025-12-25,8,4,161.0
2025-12-26,8,4,144.0
2025-12-27,8,4,155.0
2025-12-28,8,4,144.0
2025-12-29,8,4,161.0
2025-12-30,8,4,163.0
2024-01-01,8,5,79.0
2024-01-02,8,5,89.0
2024-01-03,8,5,93.0
2024-01-04,8,5,92.0
2024-01-05,8,5,85.0
2024-01-06,8,5,64.0
2024-01-07,8,5,76.0
2024-01-08,8,5,97.0
2024-01-09,8,5,87.0
2024-01-10,8,5,100.0
2024-01-11,8,5,94.0
2024-01-12,8,5,82.0
2024-01-13,8,5,94.0
2024-01-14,8,5,85.0
2024-01-15,8,5,105.0
2024-01-16,8,5,103.0
2024-01-17,8,5,110.0
2024-01-18,8,5,97.0
2024-01-19,8,5,88.0
2024-01-20,8,5,91.0
2024-01-21,8,5,94.0
2024-01-22,8,5,104.0
2024-01-23,8,5,112.0
2024-01-24,8,5,102.0
2024-01-25,8,5,101.0
2024-01-26,8,5,105.0
2024-01-27,8,5,78.0
2024-01-28,8,5,99.0
2024-01-29,8,5,105.0
2024-01-30,8,5,122.0
2024-01-31,8,5,121.0
2024-02-01,8,5,108.0
2024-02-02,8,5,99.0
2024-02-03,8,5,95.0
2024-02-04,8,5,106.0
2024-02-05,8,5,93.0
2024-02-06,8,5,122.0
2024-02-07,8,5,116.0
2024-02-08,8,5,120.0
2024-02-09,8,5,112.0
2024-02-10,8,5,91.0
2024-02-11,8,5,105.0
2024-02-12,8,5,117.0
2024-02-13,8,5,126.0
2024-02-14,8,5,127.0
2024-02-15,8,5,114.0
2024-02-16,8,5,106.0
2024-02-17,8,5,98.0
2024-02-18,8,5,116.0
2024-02-19,8,5,120.0
2024-02-20,8,5,130.0
2024-02-21,8,5,120.0
2024-02-22,8,5,127.0
2024-02-23,8,5,124.0
2024-02-24,8,5,99.0
2024-02-25,8,5,112.0
2024-02-26,8,5,113.0
2024-02-27,8,5,131.0
2024-02-28,8,5,130.0
2024-02-29,8,5,134.0
2024-03-01,8,5,124.0
2024-03-02,8,5,127.0
2024-03-03,8,5,119.0
2024-03-04,8,5,131.0
2024-03-05,8,5,133.0
2024-03-06,8,5,132.0
2024-03-07,8,5,141.0
2024-03-08,8,5,135.0
2024-03-09,8,5,126.0
2024-03-10,8,5,124.0
2024-03-11,8,5,124.0
2024-03-12,8,5,149.0
2024-03-13,8,5,147.0
2024-03-14,8,5,153.0
2024-03-15,8,5,119.0
2024-03-16,8,5,129.0
2024-03-17,8,5,129.0
2024-03-18,8,5,131.0
2024-03-19,8,5,153.0
2024-03-20,8,5,148.0
2024-03-21,8,5,132.0
2024-03-22,8,5,129.0
2024-03-23,8,5,117.0
2024-03-24,8,5,123.0
2024-03-25,8,5,141.0
2024-03-26,8,5,152.0
2024-03-27,8,5,148.0
2024-03-28,8,5,135.0
2024-03-29,8,5,134.0
2024-03-30,8,5,131.0
2024-03-31,8,5,113.0
2024-04-01,8,5,137.0
2024-04-02,8,5,143.0
2024-04-03,8,5,154.0
2024-04-04,8,5,144.0
2024-04-05,8,5,136.0
2024-04-06,8,5,122.0
2024-04-07,8,5,128.0
2024-04-08,8,5,144.0
2024-04-09,8,5,145.0
2024-04-10,8,5,148.0
2024-04-11,8,5,129.0
2024-04-12,8,5,131.0
2024-04-13,8,5,110.0
2024-04-14,8,5,124.0
2024-04-15,8,5,137.0
2024-04-16,8,5,150.0
2024-04-17,8,5,139.0
2024-04-18,8,5,143.0
2024-04-19,8,5,142.0
2024-04-20,8,5,120.0
2024-04-21,8,5,115.0
2024-04-22,8,5,137.0
2024-04-23,8,5,134.0
2024-04-24,8,5,139.0
2024-04-25,8,5,146.0
2024-04-26,8,5,144.0
2024-04-27,8,5,116.0
2024-04-28,8,5,119.0
2024-04-29,8,5,130.0
2024-04-30,8,5,137.0
2024-05-01,8,5,158.0
2024-05-02,8,5,133.0
2024-05-03,8,5,124.0
2024-05-04,8,5,134.0
2024-05-05,8,5,127.0
2024-05-06,8,5,138.0
2024-05-07,8,5,132.0
2024-05-08,8,5,136.0
2024-05-09,8,5,126.0
2024-05-10,8,5,131.0
2024-05-11,8,5,128.0
2024-05-12,8,5,115.0
2024-05-13,8,5,125.0
2024-05-14,8,5,133.0
2024-05-15,8,5,126.0
2024-05-16,8,5,126.0
2024-05-17,8,5,127.0
2024-05-18,8,5,108.0
2024-05-19,8,5,117.0
2024-05-20,8,5,114.0
2024-05-21,8,5,131.0
2024-05-22,8,5,129.0
2024-05-23,8,5,118.0
2024-05-24,8,5,124.0
2024-05-25,8,5,118.0
2024-05-26,8,5,105.0
2024-05-27,8,5,119.0
2024-05-28,8,5,129.0
2024-05-29,8,5,116.0
2024-05-30,8,5,112.0
2024-05-31,8,5,123.0
2024-06-01,8,5,99.0
2024-06-02,8,5,118.0
2024-06-03,8,5,106.0
2024-06-04,8,5,129.0
2024-06-05,8,5,123.0
2024-06-06,8,5,117.0
2024-06-07,8,5,123.0
2024-06-08,8,5,93.0
2024-06-09,8,5,108.0
2024-06-10,8,5,116.0
2024-06-11,8,5,145.0
2024-06-12,8,5,112.0
2024-06-13,8,5,109.0
2024-06-14,8,5,110.0
2024-06-15,8,5,96.0
2024-06-16,8,5,95.0
2024-06-17,8,5,114.0
2024-06-18,8,5,112.0
2024-06-19,8,5,109.0
2024-06-20,8,5,115.0
2024-06-21,8,5,102.0
2024-06-22,8,5,90.0
2024-06-23,8,5,91.0
2024-06-24,8,5,94.0
2024-06-25,8,5,115.0
2024-06-26,8,5,108.0
2024-06-27,8,5,98.0
2024-06-28,8,5,84.0
2024-06-29,8,5,90.0
2024-06-30,8,5,84.0
2024-07-01,8,5,81.0
2024-07-02,8,5,95.0
2024-07-03,8,5,103.0
2024-07-04,8,5,97.0
2024-07-05,8,5,87.0
2024-07-06,8,5,79.0
2024-07-07,8,5,72.0
2024-07-08,8,5,84.0
2024-07-09,8,5,108.0
2024-07-10,8,5,108.0
2024-07-11,8,5,98.0
2024-07-12,8,5,87.0
2024-07-13,8,5,84.0
2024-07-14,8,5,69.0
2024-07-15,8,5,86.0
2024-07-16,8,5,85.0
2024-07-17,8,5,86.0
2024-07-18,8,5,91.0
2024-07-19,8,5,86.0
2024-07-20,8,5,70.0
2024-07-21,8,5,86.0
2024-07-22,8,5,82.0
2024-07-23,8,5,83.0
2024-07-24,8,5,82.0
2024-07-25,8,5,91.0
2024-07-26,8,5,74.0
2024-07-27,8,5,72.0
2024-07-28,8,5,48.0
2024-07-29,8,5,78.0
2024-07-30,8,5,80.0
2024-07-31,8,5,75.0
2024-08-01,8,5,78.0
2024-08-02,8,5,77.0
2024-08-03,8,5,80.0
2024-08-04,8,5,66.0
2024-08-05,8,5,66.0
2024-08-06,8,5,74.0
2024-08-07,8,5,88.0
2024-08-08,8,5,67.0
2024-08-09,8,5,69.0
2024-08-10,8,5,60.0
2024-08-11,8,5,61.0
2024-08-12,8,5,56.0
2024-08-13,8,5,73.0
2024-08-14,8,5,66.0
2024-08-15,8,5,66.0
2024-08-16,8,5,68.0
2024-08-17,8,5,64.0
2024-08-18,8,5,58.0
2024-08-19,8,5,60.0
2024-08-20,8,5,84.0
2024-08-21,8,5,69.0
2024-08-22,8,5,59.0
2024-08-23,8,5,63.0
2024-08-24,8,5,55.0
2024-08-25,8,5,49.0
2024-08-26,8,5,62.0
2024-08-27,8,5,73.0
2024-08-28,8,5,72.0
2024-08-29,8,5,68.0
2024-08-30,8,5,51.0
2024-08-31,8,5,53.0
2024-09-01,8,5,51.0
2024-09-02,8,5,55.0
2024-09-03,8,5,65.0
2024-09-04,8,5,68.0
2024-09-05,8,5,51.0
2024-09-06,8,5,48.0
2024-09-07,8,5,47.0
2024-09-08,8,5,38.0
2024-09-09,8,5,52.0
2024-09-10,8,5,83.0
2024-09-11,8,5,58.0
2024-09-12,8,5,58.0
2024-09-13,8,5,45.0
2024-09-14,8,5,44.0
2024-09-15,8,5,41.0
2024-09-16,8,5,54.0
2024-09-17,8,5,58.0
2024-09-18,8,5,74.0
2024-09-19,8,5,60.0
2024-09-20,8,5,43.0
2024-09-21,8,5,51.0
2024-09-22,8,5,39.0
2024-09-23,8,5,43.0
2024-09-24,8,5,63.0
2024-09-25,8,5,80.0
2024-09-26,8,5,45.0
2024-09-27,8,5,40.0
2024-09-28,8,5,50.0
2024-09-29,8,5,42.0
2024-09-30,8,5,60.0
2024-10-01,8,5,57.0
2024-10-02,8,5,67.0
2024-10-03,8,5,73.0
2024-10-04,8,5,41.0
2024-10-05,8,5,53.0
2024-10-06,8,5,53.0
2024-10-07,8,5,44.0
2024-10-08,8,5,69.0
2024-10-09,8,5,97.00641965764669
2024-10-10,8,5,89.76713460856858
2024-10-11,8,5,79.63213553985922
2024-10-12,8,5,63.70570843188738
2024-10-13,8,5,70.9449934809655
2024-10-14,8,5,85.42356357912172
2024-10-15,8,5,104.24570470672481
2024-10-16,8,5,82.52784955949046
2024-10-17,8,5,73.0
2024-10-18,8,5,45.0
2024-10-19,8,5,54.0
2024-10-20,8,5,51.0
2024-10-21,8,5,50.0
2024-10-22,8,5,72.0
2024-10-23,8,5,64.0
2024-10-24,8,5,74.0
2024-10-25,8,5,51.0
2024-10-26,8,5,39.0
2024-10-27,8,5,65.0
2024-10-28,8,5,64.0
2024-10-29,8,5,78.0
2024-10-30,8,5,67.0
2024-10-31,8,5,54.0
2024-11-01,8,5,73.0
2024-11-02,8,5,54.0
2024-11-03,8,5,61.0
2024-11-04,8,5,71.0
2024-11-05,8,5,72.0
2024-11-06,8,5,79.0
2024-11-07,8,5,85.0
2024-11-08,8,5,63.0
2024-11-09,8,5,65.0
2024-11-10,8,5,45.0
2024-11-11,8,5,79.0
2024-11-12,8,5,67.0
2024-11-13,8,5,90.0
2024-11-14,8,5,80.0
2024-11-15,8,5,67.0
2024-11-16,8,5,62.0
2024-11-17,8,5,63.0
2024-11-18,8,5,68.0
2024-11-19,8,5,82.0
2024-11-20,8,5,104.0
2024-11-21,8,5,91.0
2024-11-22,8,5,66.0
2024-11-23,8,5,70.0
2024-11-24,8,5,71.0
2024-11-25,8,5,78.0
2024-11-26,8,5,81.0
2024-11-27,8,5,95.0
2024-11-28,8,5,93.0
2024-11-29,8,5,71.0
2024-11-30,8,5,88.0
2024-12-01,8,5,88.0
2024-12-02,8,5,89.0
2024-12-03,8,5,85.0
2024-12-04,8,5,100.0
2024-12-05,8,5,94.0
2024-12-06,8,5,88.0
2024-12-07,8,5,91.0
2024-12-08,8,5,80.0
2024-12-09,8,5,107.0
2024-12-10,8,5,103.0
2024-12-11,8,5,101.0
2024-12-12,8,5,117.0
2024-12-13,8,5,96.0
2024-12-14,8,5,81.0
2024-12-15,8,5,88.0
2024-12-16,8,5,102.0
2024-12-17,8,5,105.0
2024-12-18,8,5,110.0
2024-12-19,8,5,98.0
2024-12-20,8,5,83.0
2024-12-21,8,5,92.0
2024-12-22,8,5,95.0
2024-12-23,8,5,107.0
2024-12-24,8,5,108.0
2024-12-25,8,5,105.0
2024-12-26,8,5,103.0
2024-12-27,8,5,110.0
2024-12-28,8,5,92.0
2024-12-29,8,5,97.0
2024-12-30,8,5,107.0
2024-12-31,8,5,61.51422583195939
2025-01-01,8,5,62.59342277637973
2025-01-02,8,5,59.35583194311871
2025-01-03,8,5,119.0
2025-01-04,8,5,109.0
2025-01-05,8,5,116.0
2025-01-06,8,5,127.0
2025-01-07,8,5,107.0
2025-01-08,8,5,131.0
2025-01-09,8,5,119.0
2025-01-10,8,5,123.0
2025-01-11,8,5,104.0
2025-01-12,8,5,104.0
2025-01-13,8,5,111.0
2025-01-14,8,5,129.0
2025-01-15,8,5,141.0
2025-01-16,8,5,131.0
2025-01-17,8,5,111.0
2025-01-18,8,5,132.0
2025-01-19,8,5,124.0
2025-01-20,8,5,134.0
2025-01-21,8,5,147.0
2025-01-22,8,5,128.0
2025-01-23,8,5,128.0
2025-01-24,8,5,133.0
2025-01-25,8,5,115.0
2025-01-26,8,5,122.0
2025-01-27,8,5,133.0
2025-01-28,8,5,133.0
2025-01-29,8,5,143.0
2025-01-30,8,5,148.0
2025-01-31,8,5,138.0
2025-02-01,8,5,136.0
2025-02-02,8,5,138.0
2025-02-03,8,5,143.0
2025-02-04,8,5,151.0
2025-02-05,8,5,153.0
2025-02-06,8,5,142.0
2025-02-07,8,5,130.0
2025-02-08,8,5,127.0
2025-02-09,8,5,133.0
2025-02-10,8,5,140.0
2025-02-11,8,5,157.0
2025-02-12,8,5,158.0
2025-02-13,8,5,154.0
2025-02-14,8,5,145.0
2025-02-15,8,5,147.0
2025-02-16,8,5,140.0
2025-02-17,8,5,157.0
2025-02-18,8,5,162.0
2025-02-19,8,5,170.0
2025-02-20,8,5,168.0
2025-02-21,8,5,152.0
2025-02-22,8,5,143.0
2025-02-23,8,5,145.0
2025-02-24,8,5,150.0
2025-02-25,8,5,159.0
2025-02-26,8,5,172.0
2025-02-27,8,5,152.0
2025-02-28,8,5,163.0
2025-03-01,8,5,144.0
2025-03-02,8,5,170.0
2025-03-03,8,5,152.0
2025-03-04,8,5,168.0
2025-03-05,8,5,166.0
2025-03-06,8,5,157.0
2025-03-07,8,5,163.0
2025-03-08,8,5,140.0
2025-03-09,8,5,146.0
2025-03-10,8,5,165.0
2025-03-11,8,5,175.0
2025-03-12,8,5,161.0
2025-03-13,8,5,170.0
2025-03-14,8,5,158.0
2025-03-15,8,5,144.0
2025-03-16,8,5,148.0
2025-03-17,8,5,147.0
2025-03-18,8,5,185.0
2025-03-19,8,5,182.0
2025-03-20,8,5,158.0
2025-03-21,8,5,165.0
2025-03-22,8,5,149.0
2025-03-23,8,5,163.0
2025-03-24,8,5,160.0
2025-03-25,8,5,170.0
2025-03-26,8,5,173.0
2025-03-27,8,5,164.0
2025-03-28,8,5,171.0
2025-03-29,8,5,162.0
2025-03-30,8,5,158.0
2025-03-31,8,5,173.0
2025-04-01,8,5,161.0
2025-04-02,8,5,167.0
2025-04-03,8,5,174.0
2025-04-04,8,5,167.0
2025-04-05,8,5,157.0
2025-04-06,8,5,143.0
2025-04-07,8,5,157.0
2025-04-08,8,5,177.0
2025-04-09,8,5,195.0
2025-04-10,8,5,180.0
2025-04-11,8,5,173.0
2025-04-12,8,5,158.0
2025-04-13,8,5,160.0
2025-04-14,8,5,157.0
2025-04-15,8,5,181.0
2025-04-16,8,5,175.0
2025-04-17,8,5,175.0
2025-04-18,8,5,160.0
2025-04-19,8,5,156.0
2025-04-20,8,5,155.0
2025-04-21,8,5,166.0
2025-04-22,8,5,180.0
2025-04-23,8,5,165.0
2025-04-24,8,5,157.0
2025-04-25,8,5,162.0
2025-04-26,8,5,164.0
2025-04-27,8,5,167.0
2025-04-28,8,5,153.0
2025-04-29,8,5,168.0
2025-04-30,8,5,161.0
2025-05-01,8,5,162.0
2025-05-02,8,5,165.0
2025-05-03,8,5,150.0
2025-05-04,8,5,149.0
2025-05-05,8,5,164.0
2025-05-06,8,5,162.0
2025-05-07,8,5,182.0
2025-05-08,8,5,164.0
2025-05-09,8,5,151.0
2025-05-10,8,5,152.0
2025-05-11,8,5,157.0
2025-05-12,8,5,170.0
2025-05-13,8,5,164.0
2025-05-14,8,5,175.0
2025-05-15,8,5,161.0
2025-05-16,8,5,146.0
2025-05-17,8,5,138.0
2025-05-18,8,5,138.0
2025-05-19,8,5,148.0
2025-05-20,8,5,170.0
2025-05-21,8,5,169.0
2025-05-22,8,5,147.0
2025-05-23,8,5,134.0
2025-05-24,8,5,132.0
2025-05-25,8,5,136.0
2025-05-26,8,5,148.0
2025-05-27,8,5,167.0
2025-05-28,8,5,155.0
2025-05-29,8,5,166.0
2025-05-30,8,5,130.0
2025-05-31,8,5,134.0
2025-06-01,8,5,144.0
2025-06-02,8,5,152.0
2025-06-03,8,5,151.0
2025-06-04,8,5,163.0
2025-06-05,8,5,155.0
2025-06-06,8,5,133.0
2025-06-07,8,5,134.0
2025-06-08,8,5,139.0
2025-06-09,8,5,136.0
2025-06-10,8,5,162.0
2025-06-11,8,5,144.0
2025-06-12,8,5,145.0
2025-06-13,8,5,124.0
2025-06-14,8,5,128.0
2025-06-15,8,5,120.0
2025-06-16,8,5,134.0
2025-06-17,8,5,132.0
2025-06-18,8,5,151.0
2025-06-19,8,5,141.0
2025-06-20,8,5,137.0
2025-06-21,8,5,119.0
2025-06-22,8,5,132.0
2025-06-23,8,5,131.0
2025-06-24,8,5,140.0
2025-06-25,8,5,156.0
2025-06-26,8,5,130.0
2025-06-27,8,5,133.0
2025-06-28,8,5,121.0
2025-06-29,8,5,114.0
2025-06-30,8,5,116.0
2025-07-01,8,5,126.0
2025-07-02,8,5,144.0
2025-07-03,8,5,142.0
2025-07-04,8,5,119.0
2025-07-05,8,5,113.0
2025-07-06,8,5,119.0
2025-07-07,8,5,121.0
2025-07-08,8,5,137.0
2025-07-09,8,5,132.0
2025-07-10,8,5,124.0
2025-07-11,8,5,108.0
2025-07-12,8,5,99.0
2025-07-13,8,5,83.0
2025-07-14,8,5,125.0
2025-07-15,8,5,122.0
2025-07-16,8,5,122.0
2025-07-17,8,5,103.0
2025-07-18,8,5,103.0
2025-07-19,8,5,95.0
2025-07-20,8,5,97.0
2025-07-21,8,5,113.0
2025-07-22,8,5,119.0
2025-07-23,8,5,109.0
2025-07-24,8,5,103.0
2025-07-25,8,5,93.0
2025-07-26,8,5,111.0
2025-07-27,8,5,110.0
2025-07-28,8,5,99.0
2025-07-29,8,5,98.0
2025-07-30,8,5,116.0
2025-07-31,8,5,109.0
2025-08-01,8,5,101.0
2025-08-02,8,5,98.0
2025-08-03,8,5,97.0
2025-08-04,8,5,93.0
2025-08-05,8,5,111.0
2025-08-06,8,5,117.0
2025-08-07,8,5,99.0
2025-08-08,8,5,97.0
2025-08-09,8,5,84.0
2025-08-10,8,5,105.0
2025-08-11,8,5,87.0
2025-08-12,8,5,114.0
2025-08-13,8,5,94.0
2025-08-14,8,5,114.0
2025-08-15,8,5,82.0
2025-08-16,8,5,86.0
2025-08-17,8,5,73.0
2025-08-18,8,5,83.0
2025-08-19,8,5,109.0
2025-08-20,8,5,111.0
2025-08-21,8,5,99.0
2025-08-22,8,5,93.0
2025-08-23,8,5,89.0
2025-08-24,8,5,77.0
2025-08-25,8,5,80.0
2025-08-26,8,5,98.0
2025-08-27,8,5,96.0
2025-08-28,8,5,97.0
2025-08-29,8,5,88.0
2025-08-30,8,5,73.0
2025-08-31,8,5,85.0
2025-09-01,8,5,93.0
2025-09-02,8,5,102.0
2025-09-03,8,5,95.0
2025-09-04,8,5,98.0
2025-09-05,8,5,86.0
2025-09-06,8,5,81.0
2025-09-07,8,5,91.0
2025-09-08,8,5,88.0
2025-09-09,8,5,89.0
2025-09-10,8,5,87.0
2025-09-11,8,5,99.0
2025-09-12,8,5,83.0
2025-09-13,8,5,87.0
2025-09-14,8,5,61.0
2025-09-15,8,5,92.0
2025-09-16,8,5,91.0
2025-09-17,8,5,92.0
2025-09-18,8,5,83.0
2025-09-19,8,5,86.0
2025-09-20,8,5,78.0
2025-09-21,8,5,67.0
2025-09-22,8,5,85.0
2025-09-23,8,5,98.0
2025-09-24,8,5,96.0
2025-09-25,8,5,97.0
2025-09-26,8,5,77.0
2025-09-27,8,5,56.0
2025-09-28,8,5,77.0
2025-09-29,8,5,85.0
2025-09-30,8,5,95.0
2025-10-01,8,5,103.0
2025-10-02,8,5,74.0
2025-10-03,8,5,78.0
2025-10-04,8,5,67.0
2025-10-05,8,5,67.0
2025-10-06,8,5,84.0
2025-10-07,8,5,99.0
2025-10-08,8,5,98.0
2025-10-09,8,5,85.0
2025-10-10,8,5,80.0
2025-10-11,8,5,82.0
2025-10-12,8,5,83.0
2025-10-13,8,5,82.0
2025-10-14,8,5,90.0
2025-10-15,8,5,84.0
2025-10-16,8,5,88.0
2025-10-17,8,5,69.0
2025-10-18,8,5,93.0
2025-10-19,8,5,73.0
2025-10-20,8,5,97.0
2025-10-21,8,5,111.0
2025-10-22,8,5,101.0
2025-10-23,8,5,93.0
2025-10-24,8,5,75.0
2025-10-25,8,5,76.0
2025-10-26,8,5,95.0
2025-10-27,8,5,94.0
2025-10-28,8,5,100.0
2025-10-29,8,5,113.0
2025-10-30,8,5,102.0
2025-10-31,8,5,87.0
2025-11-01,8,5,85.0
2025-11-02,8,5,79.0
2025-11-03,8,5,90.0
2025-11-04,8,5,102.0
2025-11-05,8,5,110.0
2025-11-06,8,5,91.0
2025-11-07,8,5,92.0
2025-11-08,8,5,84.0
2025-11-09,8,5,82.0
2025-11-10,8,5,95.0
2025-11-11,8,5,89.0
2025-11-12,8,5,104.0
2025-11-13,8,5,96.0
2025-11-14,8,5,94.0
2025-11-15,8,5,73.0
2025-11-16,8,5,95.0
2025-11-17,8,5,110.0
2025-11-18,8,5,111.0
2025-11-19,8,5,119.0
2025-11-20,8,5,106.0
2025-11-21,8,5,89.0
2025-11-22,8,5,96.0
2025-11-23,8,5,104.0
2025-11-24,8,5,98.0
2025-11-25,8,5,113.0
2025-11-26,8,5,118.0
2025-11-27,8,5,137.0
2025-11-28,8,5,108.0
2025-11-29,8,5,86.0
2025-11-30,8,5,87.0
2025-12-01,8,5,119.0
2025-12-02,8,5,142.0
2025-12-03,8,5,123.0
2025-12-04,8,5,118.0
2025-12-05,8,5,115.0
2025-12-06,8,5,101.0
2025-12-07,8,5,90.0
2025-12-08,8,5,127.0
2025-12-09,8,5,124.0
2025-12-10,8,5,139.0
2025-12-11,8,5,120.0
2025-12-12,8,5,119.0
2025-12-13,8,5,119.0
2025-12-14,8,5,124.0
2025-12-15,8,5,127.0
2025-12-16,8,5,136.0
2025-12-17,8,5,142.0
2025-12-18,8,5,136.0
2025-12-19,8,5,114.0
2025-12-20,8,5,109.0
2025-12-21,8,5,106.0
2025-12-22,8,5,137.0
2025-12-23,8,5,137.0
2025-12-24,8,5,150.0
2025-12-25,8,5,142.0
2025-12-26,8,5,122.0
2025-12-27,8,5,124.0
2025-12-28,8,5,125.0
2025-12-29,8,5,133.0
2025-12-30,8,5,154.0
2024-01-01,9,1,113.0
2024-01-02,9,1,130.0
2024-01-03,9,1,132.0
2024-01-04,9,1,128.0
2024-01-05,9,1,101.0
2024-01-06,9,1,100.0
2024-01-07,9,1,118.0
2024-01-08,9,1,114.0
2024-01-09,9,1,132.0
2024-01-10,9,1,149.0
2024-01-11,9,1,131.0
2024-01-12,9,1,105.0
2024-01-13,9,1,113.0
2024-01-14,9,1,121.0
2024-01-15,9,1,126.0
2024-01-16,9,1,136.0
2024-01-17,9,1,131.0
2024-01-18,9,1,131.0
2024-01-19,9,1,112.0
2024-01-20,9,1,112.0
2024-01-21,9,1,121.0
2024-01-22,9,1,122.0
2024-01-23,9,1,147.0
2024-01-24,9,1,134.0
2024-01-25,9,1,136.0
2024-01-26,9,1,109.0
2024-01-27,9,1,116.0
2024-01-28,9,1,126.0
2024-01-29,9,1,129.0
2024-01-30,9,1,146.0
2024-01-31,9,1,145.0
2024-02-01,9,1,142.0
2024-02-02,9,1,132.0
2024-02-03,9,1,117.0
2024-02-04,9,1,117.0
2024-02-05,9,1,136.0
2024-02-06,9,1,160.0
2024-02-07,9,1,153.0
2024-02-08,9,1,134.0
2024-02-09,9,1,142.0
2024-02-10,9,1,114.0
2024-02-11,9,1,118.0
2024-02-12,9,1,144.0
2024-02-13,9,1,147.0
2024-02-14,9,1,157.0
2024-02-15,9,1,148.0
2024-02-16,9,1,134.0
2024-02-17,9,1,132.0
2024-02-18,9,1,124.0
2024-02-19,9,1,139.0
2024-02-20,9,1,146.0
2024-02-21,9,1,161.0
2024-02-22,9,1,148.0
2024-02-23,9,1,142.0
2024-02-24,9,1,127.0
2024-02-25,9,1,140.0
2024-02-26,9,1,140.0
2024-02-27,9,1,156.0
2024-02-28,9,1,158.0
2024-02-29,9,1,144.0
2024-03-01,9,1,121.0
2024-03-02,9,1,127.0
2024-03-03,9,1,118.0
2024-03-04,9,1,146.0
2024-03-05,9,1,164.0
2024-03-06,9,1,159.0
2024-03-07,9,1,153.0
2024-03-08,9,1,139.0
2024-03-09,9,1,134.0
2024-03-10,9,1,130.0
2024-03-11,9,1,135.0
2024-03-12,9,1,145.0
2024-03-13,9,1,158.0
2024-03-14,9,1,140.0
2024-03-15,9,1,137.0
2024-03-16,9,1,130.0
2024-03-17,9,1,128.0
2024-03-18,9,1,150.0
2024-03-19,9,1,159.0
2024-03-20,9,1,157.0
2024-03-21,9,1,149.0
2024-03-22,9,1,147.0
2024-03-23,9,1,117.0
2024-03-24,9,1,131.0
2024-03-25,9,1,147.0
2024-03-26,9,1,154.0
2024-03-27,9,1,157.0
2024-03-28,9,1,161.0
2024-03-29,9,1,153.0
2024-03-30,9,1,127.0
2024-03-31,9,1,133.0
2024-04-01,9,1,150.0
2024-04-02,9,1,152.0
2024-04-03,9,1,163.0
2024-04-04,9,1,164.0
2024-04-05,9,1,155.0
2024-04-06,9,1,121.0
2024-04-07,9,1,126.0
2024-04-08,9,1,143.0
2024-04-09,9,1,156.0
2024-04-10,9,1,170.0
2024-04-11,9,1,153.0
2024-04-12,9,1,145.0
2024-04-13,9,1,131.0
2024-04-14,9,1,132.0
2024-04-15,9,1,149.0
2024-04-16,9,1,142.0
2024-04-17,9,1,159.0
2024-04-18,9,1,150.0
2024-04-19,9,1,128.0
2024-04-20,9,1,138.0
2024-04-21,9,1,130.0
2024-04-22,9,1,147.0
2024-04-23,9,1,164.0
2024-04-24,9,1,155.0
2024-04-25,9,1,154.0
2024-04-26,9,1,125.0
2024-04-27,9,1,132.0
2024-04-28,9,1,127.0
2024-04-29,9,1,142.0
2024-04-30,9,1,164.0
2024-05-01,9,1,172.0
2024-05-02,9,1,145.0
2024-05-03,9,1,130.0
2024-05-04,9,1,131.0
2024-05-05,9,1,134.0
2024-05-06,9,1,134.0
2024-05-07,9,1,155.0
2024-05-08,9,1,158.0
2024-05-09,9,1,149.0
2024-05-10,9,1,139.0
2024-05-11,9,1,136.0
2024-05-12,9,1,126.0
2024-05-13,9,1,153.0
2024-05-14,9,1,153.0
2024-05-15,9,1,168.0
2024-05-16,9,1,150.0
2024-05-17,9,1,140.0
2024-05-18,9,1,130.0
2024-05-19,9,1,121.0
2024-05-20,9,1,142.0
2024-05-21,9,1,145.0
2024-05-22,9,1,154.0
2024-05-23,9,1,137.0
2024-05-24,9,1,129.0
2024-05-25,9,1,122.0
2024-05-26,9,1,118.0
2024-05-27,9,1,137.0
2024-05-28,9,1,155.0
2024-05-29,9,1,146.0
2024-05-30,9,1,149.0
2024-05-31,9,1,135.0
2024-06-01,9,1,112.0
2024-06-02,9,1,104.0
2024-06-03,9,1,142.0
2024-06-04,9,1,146.0
2024-06-05,9,1,150.0
2024-06-06,9,1,155.0
2024-06-07,9,1,129.0
2024-06-08,9,1,120.0
2024-06-09,9,1,119.0
2024-06-10,9,1,131.0
2024-06-11,9,1,144.0
2024-06-12,9,1,147.0
2024-06-13,9,1,126.0
2024-06-14,9,1,116.0
2024-06-15,9,1,114.0
2024-06-16,9,1,131.0
2024-06-17,9,1,120.0
2024-06-18,9,1,139.0
2024-06-19,9,1,141.0
2024-06-20,9,1,141.0
2024-06-21,9,1,122.0
2024-06-22,9,1,107.0
2024-06-23,9,1,122.0
2024-06-24,9,1,120.0
2024-06-25,9,1,136.0
2024-06-26,9,1,135.0
2024-06-27,9,1,140.0
2024-06-28,9,1,118.0
2024-06-29,9,1,104.0
2024-06-30,9,1,115.0
2024-07-01,9,1,135.0
2024-07-02,9,1,121.0
2024-07-03,9,1,144.0
2024-07-04,9,1,142.0
2024-07-05,9,1,126.0
2024-07-06,9,1,104.0
2024-07-07,9,1,110.0
2024-07-08,9,1,123.0
2024-07-09,9,1,132.0
2024-07-10,9,1,144.0
2024-07-11,9,1,116.0
2024-07-12,9,1,117.0
2024-07-13,9,1,103.0
2024-07-14,9,1,113.0
2024-07-15,9,1,127.0
2024-07-16,9,1,132.0
2024-07-17,9,1,130.0
2024-07-18,9,1,132.0
2024-07-19,9,1,101.0
2024-07-20,9,1,93.0
2024-07-21,9,1,103.0
2024-07-22,9,1,113.0
2024-07-23,9,1,127.0
2024-07-24,9,1,130.0
2024-07-25,9,1,122.0
2024-07-26,9,1,118.0
2024-07-27,9,1,90.0
2024-07-28,9,1,98.0
2024-07-29,9,1,120.0
2024-07-30,9,1,127.0
2024-07-31,9,1,123.0
2024-08-01,9,1,119.0
2024-08-02,9,1,95.0
2024-08-03,9,1,103.0
2024-08-04,9,1,100.0
2024-08-05,9,1,127.0
2024-08-06,9,1,116.0
2024-08-07,9,1,123.0
2024-08-08,9,1,119.0
2024-08-09,9,1,112.0
2024-08-10,9,1,90.0
2024-08-11,9,1,92.0
2024-08-12,9,1,110.0
2024-08-13,9,1,117.0
2024-08-14,9,1,128.0
2024-08-15,9,1,116.0
2024-08-16,9,1,106.0
2024-08-17,9,1,98.0
2024-08-18,9,1,97.0
2024-08-19,9,1,116.0
2024-08-20,9,1,118.0
2024-08-21,9,1,113.0
2024-08-22,9,1,106.0
2024-08-23,9,1,99.0
2024-08-24,9,1,93.0
2024-08-25,9,1,97.0
2024-08-26,9,1,101.0
2024-08-27,9,1,125.0
2024-08-28,9,1,105.0
2024-08-29,9,1,109.0
2024-08-30,9,1,101.0
2024-08-31,9,1,95.0
2024-09-01,9,1,97.0
2024-09-02,9,1,111.0
2024-09-03,9,1,119.0
2024-09-04,9,1,120.0
2024-09-05,9,1,98.0
2024-09-06,9,1,95.0
2024-09-07,9,1,79.0
2024-09-08,9,1,95.0
2024-09-09,9,1,94.0
2024-09-10,9,1,115.0
2024-09-11,9,1,111.0
2024-09-12,9,1,110.0
2024-09-13,9,1,95.0
2024-09-14,9,1,74.0
2024-09-15,9,1,92.0
2024-09-16,9,1,101.0
2024-09-17,9,1,116.0
2024-09-18,9,1,116.0
2024-09-19,9,1,105.0
2024-09-20,9,1,101.0
2024-09-21,9,1,93.0
2024-09-22,9,1,96.0
2024-09-23,9,1,93.0
2024-09-24,9,1,125.0
2024-09-25,9,1,123.0
2024-09-26,9,1,118.0
2024-09-27,9,1,104.0
2024-09-28,9,1,89.0
2024-09-29,9,1,84.0
2024-09-30,9,1,97.0
2024-10-01,9,1,111.0
2024-10-02,9,1,117.0
2024-10-03,9,1,103.0
2024-10-04,9,1,83.0
2024-10-05,9,1,74.0
2024-10-06,9,1,89.0
2024-10-07,9,1,101.0
2024-10-08,9,1,119.0
2024-10-09,9,1,118.0
2024-10-10,9,1,118.0
2024-10-11,9,1,92.0
2024-10-12,9,1,89.0
2024-10-13,9,1,94.0
2024-10-14,9,1,104.0
2024-10-15,9,1,124.0
2024-10-16,9,1,123.0
2024-10-17,9,1,117.0
2024-10-18,9,1,92.0
2024-10-19,9,1,86.0
2024-10-20,9,1,76.0
2024-10-21,9,1,104.0
2024-10-22,9,1,108.0
2024-10-23,9,1,137.0
2024-10-24,9,1,114.0
2024-10-25,9,1,95.0
2024-10-26,9,1,94.0
2024-10-27,9,1,83.0
2024-10-28,9,1,102.0
2024-10-29,9,1,116.0
2024-10-30,9,1,127.0
2024-10-31,9,1,107.0
2024-11-01,9,1,94.0
2024-11-02,9,1,91.0
2024-11-03,9,1,98.0
2024-11-04,9,1,109.0
2024-11-05,9,1,114.0
2024-11-06,9,1,125.0
2024-11-07,9,1,110.0
2024-11-08,9,1,94.0
2024-11-09,9,1,95.0
2024-11-10,9,1,100.0
2024-11-11,9,1,109.0
2024-11-12,9,1,126.0
2024-11-13,9,1,131.0
2024-11-14,9,1,100.0
2024-11-15,9,1,106.0
2024-11-16,9,1,105.0
2024-11-17,9,1,96.0
2024-11-18,9,1,122.0
2024-11-19,9,1,192.44831048240073
2024-11-20,9,1,195.47899253724168
2024-11-21,9,1,183.35626431787784
2024-11-22,9,1,143.9573976049454
2024-11-23,9,1,163.65683096141163
2024-11-24,9,1,146.9880796597864
2024-11-25,9,1,159.1108078791502
2024-11-26,9,1,123.0
2024-11-27,9,1,131.0
2024-11-28,9,1,130.0
2024-11-29,9,1,107.0
2024-11-30,9,1,97.0
2024-12-01,9,1,101.0
2024-12-02,9,1,107.0
2024-12-03,9,1,126.0
2024-12-04,9,1,129.0
2024-12-05,9,1,126.0
2024-12-06,9,1,98.0
2024-12-07,9,1,99.0
2024-12-08,9,1,115.0
2024-12-09,9,1,122.0
2024-12-10,9,1,139.0
2024-12-11,9,1,133.0
2024-12-12,9,1,139.0
2024-12-13,9,1,119.0
2024-12-14,9,1,105.0
2024-12-15,9,1,113.0
2024-12-16,9,1,113.0
2024-12-17,9,1,126.0
2024-12-18,9,1,144.0
2024-12-19,9,1,138.0
2024-12-20,9,1,110.0
2024-12-21,9,1,114.0
2024-12-22,9,1,115.0
2024-12-23,9,1,119.0
2024-12-24,9,1,131.0
2024-12-25,9,1,137.0
2024-12-26,9,1,130.0
2024-12-27,9,1,116.0
2024-12-28,9,1,99.0
2024-12-29,9,1,111.0
2024-12-30,9,1,130.0
2024-12-31,9,1,146.0
2025-01-01,9,1,141.0
2025-01-02,9,1,147.0
2025-01-03,9,1,122.0
2025-01-04,9,1,131.0
2025-01-05,9,1,112.0
2025-01-06,9,1,133.0
2025-01-07,9,1,144.0
2025-01-08,9,1,143.0
2025-01-09,9,1,145.0
2025-01-10,9,1,131.0
2025-01-11,9,1,115.0
2025-01-12,9,1,122.0
2025-01-13,9,1,135.0
2025-01-14,9,1,145.0
2025-01-15,9,1,145.0
2025-01-16,9,1,142.0
2025-01-17,9,1,127.0
2025-01-18,9,1,112.0
2025-01-19,9,1,128.0
2025-01-20,9,1,137.0
2025-01-21,9,1,149.0
2025-01-22,9,1,143.0
2025-01-23,9,1,147.0
2025-01-24,9,1,121.0
2025-01-25,9,1,123.0
2025-01-26,9,1,132.0
2025-01-27,9,1,151.0
2025-01-28,9,1,153.0
2025-01-29,9,1,169.0
2025-01-30,9,1,153.0
2025-01-31,9,1,137.0
2025-02-01,9,1,133.0
2025-02-02,9,1,138.0
2025-02-03,9,1,148.0
2025-02-04,9,1,154.0
2025-02-05,9,1,155.0
2025-02-06,9,1,141.0
2025-02-07,9,1,137.0
2025-02-08,9,1,136.0
2025-02-09,9,1,124.0
2025-02-10,9,1,137.0
2025-02-11,9,1,170.0
2025-02-12,9,1,160.0
2025-02-13,9,1,141.0
2025-02-14,9,1,128.0
2025-02-15,9,1,133.0
2025-02-16,9,1,130.0
2025-02-17,9,1,150.0
2025-02-18,9,1,158.0
2025-02-19,9,1,165.0
2025-02-20,9,1,167.0
2025-02-21,9,1,139.0
2025-02-22,9,1,140.0
2025-02-23,9,1,136.0
2025-02-24,9,1,141.0
2025-02-25,9,1,176.0
2025-02-26,9,1,180.0
2025-02-27,9,1,156.0
2025-02-28,9,1,143.0
2025-03-01,9,1,142.0
2025-03-02,9,1,136.0
2025-03-03,9,1,157.0
2025-03-04,9,1,158.0
2025-03-05,9,1,180.0
2025-03-06,9,1,161.0
2025-03-07,9,1,149.0
2025-03-08,9,1,145.0
2025-03-09,9,1,144.0
2025-03-10,9,1,151.0
2025-03-11,9,1,177.0
2025-03-12,9,1,174.0
2025-03-13,9,1,158.0
2025-03-14,9,1,135.0
2025-03-15,9,1,136.0
2025-03-16,9,1,136.0
2025-03-17,9,1,153.0
2025-03-18,9,1,161.0
2025-03-19,9,1,172.0
2025-03-20,9,1,157.0
2025-03-21,9,1,156.0
2025-03-22,9,1,141.0
2025-03-23,9,1,137.0
2025-03-24,9,1,154.0
2025-03-25,9,1,170.0
2025-03-26,9,1,159.0
2025-03-27,9,1,164.0
2025-03-28,9,1,134.0
2025-03-29,9,1,148.0
2025-03-30,9,1,138.0
2025-03-31,9,1,161.0
2025-04-01,9,1,159.0
2025-04-02,9,1,174.0
2025-04-03,9,1,153.0
2025-04-04,9,1,145.0
2025-04-05,9,1,144.0
2025-04-06,9,1,145.0
2025-04-07,9,1,158.0
2025-04-08,9,1,164.0
2025-04-09,9,1,163.0
2025-04-10,9,1,167.0
2025-04-11,9,1,140.0
2025-04-12,9,1,133.0
2025-04-13,9,1,151.0
2025-04-14,9,1,158.0
2025-04-15,9,1,157.0
2025-04-16,9,1,170.0
2025-04-17,9,1,159.0
2025-04-18,9,1,143.0
2025-04-19,9,1,134.0
2025-04-20,9,1,149.0
2025-04-21,9,1,167.0
2025-04-22,9,1,166.0
2025-04-23,9,1,170.0
2025-04-24,9,1,150.0
2025-04-25,9,1,157.0
2025-04-26,9,1,131.0
2025-04-27,9,1,136.0
2025-04-28,9,1,158.0
2025-04-29,9,1,167.0
2025-04-30,9,1,172.0
2025-05-01,9,1,163.0
2025-05-02,9,1,144.0
2025-05-03,9,1,141.0
2025-05-04,9,1,126.0
2025-05-05,9,1,162.0
2025-05-06,9,1,162.0
2025-05-07,9,1,173.0
2025-05-08,9,1,161.0
2025-05-09,9,1,129.0
2025-05-10,9,1,135.0
2025-05-11,9,1,122.0
2025-05-12,9,1,153.0
2025-05-13,9,1,163.0
2025-05-14,9,1,156.0
2025-05-15,9,1,157.0
2025-05-16,9,1,138.0
2025-05-17,9,1,130.0
2025-05-18,9,1,116.0
2025-05-19,9,1,139.0
2025-05-20,9,1,155.0
2025-05-21,9,1,155.0
2025-05-22,9,1,150.0
2025-05-23,9,1,134.0
2025-05-24,9,1,132.0
2025-05-25,9,1,113.0
2025-05-26,9,1,159.0
2025-05-27,9,1,154.0
2025-05-28,9,1,159.0
2025-05-29,9,1,156.0
2025-05-30,9,1,149.0
2025-05-31,9,1,123.0
2025-06-01,9,1,135.0
2025-06-02,9,1,138.0
2025-06-03,9,1,162.0
2025-06-04,9,1,164.0
2025-06-05,9,1,142.0
2025-06-06,9,1,139.0
2025-06-07,9,1,115.0
2025-06-08,9,1,123.0
2025-06-09,9,1,131.0
2025-06-10,9,1,153.0
2025-06-11,9,1,163.0
2025-06-12,9,1,138.0
2025-06-13,9,1,135.0
2025-06-14,9,1,121.0
2025-06-15,9,1,118.0
2025-06-16,9,1,135.0
2025-06-17,9,1,155.0
2025-06-18,9,1,160.0
2025-06-19,9,1,146.0
2025-06-20,9,1,129.0
2025-06-21,9,1,120.0
2025-06-22,9,1,118.0
2025-06-23,9,1,136.0
2025-06-24,9,1,138.0
2025-06-25,9,1,150.0
2025-06-26,9,1,153.0
2025-06-27,9,1,124.0
2025-06-28,9,1,125.0
2025-06-29,9,1,125.0
2025-06-30,9,1,143.0
2025-07-01,9,1,123.0
2025-07-02,9,1,149.0
2025-07-03,9,1,143.0
2025-07-04,9,1,130.0
2025-07-05,9,1,123.0
2025-07-06,9,1,122.0
2025-07-07,9,1,132.0
2025-07-08,9,1,136.0
2025-07-09,9,1,132.0
2025-07-10,9,1,146.0
2025-07-11,9,1,117.0
2025-07-12,9,1,109.0
2025-07-13,9,1,121.0
2025-07-14,9,1,127.0
2025-07-15,9,1,132.0
2025-07-16,9,1,131.0
2025-07-17,9,1,131.0
2025-07-18,9,1,119.0
2025-07-19,9,1,115.0
2025-07-20,9,1,50.44092734917776
2025-07-21,9,1,56.80284611393892
2025-07-22,9,1,58.16611442067345
2025-07-23,9,1,67.25456979890367
2025-07-24,9,1,69.07226087454973
2025-07-25,9,1,56.80284611393892
2025-07-26,9,1,52.2586184248238
2025-07-27,9,1,50.89535011808927
2025-07-28,9,1,115.0
2025-07-29,9,1,129.0
2025-07-30,9,1,143.0
2025-07-31,9,1,135.0
2025-08-01,9,1,107.0
2025-08-02,9,1,108.0
2025-08-03,9,1,108.0
2025-08-04,9,1,123.0
2025-08-05,9,1,135.0
2025-08-06,9,1,138.0
2025-08-07,9,1,113.0
2025-08-08,9,1,124.0
2025-08-09,9,1,112.0
2025-08-10,9,1,105.0
2025-08-11,9,1,110.0
2025-08-12,9,1,135.0
2025-08-13,9,1,123.0
2025-08-14,9,1,136.0
2025-08-15,9,1,108.0
2025-08-16,9,1,96.0
2025-08-17,9,1,107.0
2025-08-18,9,1,113.0
2025-08-19,9,1,127.0
2025-08-20,9,1,126.0
2025-08-21,9,1,127.0
2025-08-22,9,1,110.0
2025-08-23,9,1,106.0
2025-08-24,9,1,90.0
2025-08-25,9,1,106.0
2025-08-26,9,1,123.0
2025-08-27,9,1,138.0
2025-08-28,9,1,111.0
2025-08-29,9,1,100.0
2025-08-30,9,1,107.0
2025-08-31,9,1,104.0
2025-09-01,9,1,120.0
2025-09-02,9,1,125.0
2025-09-03,9,1,141.0
2025-09-04,9,1,109.0
2025-09-05,9,1,103.0
2025-09-06,9,1,94.0
2025-09-07,9,1,97.0
2025-09-08,9,1,103.0
2025-09-09,9,1,129.0
2025-09-10,9,1,119.0
2025-09-11,9,1,109.0
2025-09-12,9,1,86.0
2025-09-13,9,1,90.0
2025-09-14,9,1,99.0
2025-09-15,9,1,113.0
2025-09-16,9,1,122.0
2025-09-17,9,1,122.0
2025-09-18,9,1,115.0
2025-09-19,9,1,99.0
2025-09-20,9,1,109.0
2025-09-21,9,1,89.0
2025-09-22,9,1,105.0
2025-09-23,9,1,124.0
2025-09-24,9,1,119.0
2025-09-25,9,1,118.0
2025-09-26,9,1,92.0
2025-09-27,9,1,95.0
2025-09-28,9,1,94.0
2025-09-29,9,1,105.0
2025-09-30,9,1,121.0
2025-10-01,9,1,123.0
2025-10-02,9,1,115.0
2025-10-03,9,1,109.0
2025-10-04,9,1,107.0
2025-10-05,9,1,79.0
2025-10-06,9,1,109.0
2025-10-07,9,1,115.0
2025-10-08,9,1,125.0
2025-10-09,9,1,121.0
2025-10-10,9,1,120.0
2025-10-11,9,1,93.0
2025-10-12,9,1,99.0
2025-10-13,9,1,105.0
2025-10-14,9,1,118.0
2025-10-15,9,1,121.0
2025-10-16,9,1,114.0
2025-10-17,9,1,101.0
2025-10-18,9,1,106.0
2025-10-19,9,1,97.0
2025-10-20,9,1,116.0
2025-10-21,9,1,127.0
2025-10-22,9,1,135.0
2025-10-23,9,1,107.0
2025-10-24,9,1,108.0
2025-10-25,9,1,98.0
2025-10-26,9,1,100.0
2025-10-27,9,1,121.0
2025-10-28,9,1,126.0
2025-10-29,9,1,136.0
2025-10-30,9,1,122.0
2025-10-31,9,1,109.0
2025-11-01,9,1,100.0
2025-11-02,9,1,100.0
2025-11-03,9,1,126.0
2025-11-04,9,1,136.0
2025-11-05,9,1,131.0
2025-11-06,9,1,124.0
2025-11-07,9,1,112.0
2025-11-08,9,1,106.0
2025-11-09,9,1,115.0
2025-11-10,9,1,123.0
2025-11-11,9,1,129.0
2025-11-12,9,1,128.0
2025-11-13,9,1,132.0
2025-11-14,9,1,113.0
2025-11-15,9,1,95.0
2025-11-16,9,1,112.0
2025-11-17,9,1,130.0
2025-11-18,9,1,132.0
2025-11-19,9,1,147.0
2025-11-20,9,1,133.0
2025-11-21,9,1,105.0
2025-11-22,9,1,107.0
2025-11-23,9,1,95.0
2025-11-24,9,1,124.0
2025-11-25,9,1,127.0
2025-11-26,9,1,140.0
2025-11-27,9,1,134.0
2025-11-28,9,1,111.0
2025-11-29,9,1,119.0
2025-11-30,9,1,104.0
2025-12-01,9,1,109.0
2025-12-02,9,1,137.0
2025-12-03,9,1,150.0
2025-12-04,9,1,132.0
2025-12-05,9,1,114.0
2025-12-06,9,1,98.0
2025-12-07,9,1,109.0
2025-12-08,9,1,119.0
2025-12-09,9,1,142.0
2025-12-10,9,1,146.0
2025-12-11,9,1,128.0
2025-12-12,9,1,119.0
2025-12-13,9,1,122.0
2025-12-14,9,1,113.0
2025-12-15,9,1,126.0
2025-12-16,9,1,144.0
2025-12-17,9,1,137.0
2025-12-18,9,1,145.0
2025-12-19,9,1,121.0
2025-12-20,9,1,107.0
2025-12-21,9,1,123.0
2025-12-22,9,1,129.0
2025-12-23,9,1,140.0
2025-12-24,9,1,150.0
2025-12-25,9,1,148.0
2025-12-26,9,1,124.0
2025-12-27,9,1,111.0
2025-12-28,9,1,106.0
2025-12-29,9,1,125.0
2025-12-30,9,1,145.0
2024-01-01,9,2,59.0
2024-01-02,9,2,74.0
2024-01-03,9,2,73.0
2024-01-04,9,2,70.0
2024-01-05,9,2,44.0
2024-01-06,9,2,61.0
2024-01-07,9,2,50.0
2024-01-08,9,2,83.0
2024-01-09,9,2,68.0
2024-01-10,9,2,68.0
2024-01-11,9,2,82.0
2024-01-12,9,2,74.0
2024-01-13,9,2,57.0
2024-01-14,9,2,49.0
2024-01-15,9,2,49.0
2024-01-16,9,2,60.0
2024-01-17,9,2,75.0
2024-01-18,9,2,68.0
2024-01-19,9,2,55.0
2024-01-20,9,2,58.0
2024-01-21,9,2,79.0
2024-01-22,9,2,79.0
2024-01-23,9,2,90.0
2024-01-24,9,2,68.0
2024-01-25,9,2,79.0
2024-01-26,9,2,73.0
2024-01-27,9,2,78.0
2024-01-28,9,2,65.0
2024-01-29,9,2,62.0
2024-01-30,9,2,66.0
2024-01-31,9,2,76.0
2024-02-01,9,2,74.0
2024-02-02,9,2,71.0
2024-02-03,9,2,52.0
2024-02-04,9,2,79.0
2024-02-05,9,2,59.0
2024-02-06,9,2,89.0
2024-02-07,9,2,75.0
2024-02-08,9,2,93.0
2024-02-09,9,2,53.0
2024-02-10,9,2,79.0
2024-02-11,9,2,59.0
2024-02-12,9,2,63.0
2024-02-13,9,2,95.0
2024-02-14,9,2,87.0
2024-02-15,9,2,63.0
2024-02-16,9,2,74.0
2024-02-17,9,2,83.0
2024-02-18,9,2,76.0
2024-02-19,9,2,76.0
2024-02-20,9,2,91.0
2024-02-21,9,2,85.0
2024-02-22,9,2,62.0
2024-02-23,9,2,74.0
2024-02-24,9,2,75.0
2024-02-25,9,2,74.0
2024-02-26,9,2,73.0
2024-02-27,9,2,86.0
2024-02-28,9,2,85.0
2024-02-29,9,2,61.0
2024-03-01,9,2,62.0
2024-03-02,9,2,75.0
2024-03-03,9,2,80.0
2024-03-04,9,2,70.0
2024-03-05,9,2,90.0
2024-03-06,9,2,89.0
2024-03-07,9,2,79.0
2024-03-08,9,2,80.0
2024-03-09,9,2,77.0
2024-03-10,9,2,83.0
2024-03-11,9,2,88.0
2024-03-12,9,2,74.0
2024-03-13,9,2,78.0
2024-03-14,9,2,96.0
2024-03-15,9,2,86.0
2024-03-16,9,2,80.0
2024-03-17,9,2,83.0
2024-03-18,9,2,91.0
2024-03-19,9,2,86.0
2024-03-20,9,2,82.0
2024-03-21,9,2,88.0
2024-03-22,9,2,77.0
2024-03-23,9,2,90.0
2024-03-24,9,2,91.0
2024-03-25,9,2,89.0
2024-03-26,9,2,73.0
2024-03-27,9,2,76.0
2024-03-28,9,2,71.0
2024-03-29,9,2,80.0
2024-03-30,9,2,84.0
2024-03-31,9,2,73.0
2024-04-01,9,2,75.0
2024-04-02,9,2,87.0
2024-04-03,9,2,79.0
2024-04-04,9,2,86.0
2024-04-05,9,2,76.0
2024-04-06,9,2,69.0
2024-04-07,9,2,78.0
2024-04-08,9,2,90.0
2024-04-09,9,2,71.0
2024-04-10,9,2,88.0
2024-04-11,9,2,63.0
2024-04-12,9,2,76.0
2024-04-13,9,2,82.0
2024-04-14,9,2,86.0
2024-04-15,9,2,76.0
2024-04-16,9,2,80.0
2024-04-17,9,2,84.0
2024-04-18,9,2,73.0
2024-04-19,9,2,80.0
2024-04-20,9,2,65.0
2024-04-21,9,2,81.0
2024-04-22,9,2,74.0
2024-04-23,9,2,82.0
2024-04-24,9,2,91.0
2024-04-25,9,2,89.0
2024-04-26,9,2,84.0
2024-04-27,9,2,77.0
2024-04-28,9,2,65.0
2024-04-29,9,2,80.0
2024-04-30,9,2,83.0
2024-05-01,9,2,82.0
2024-05-02,9,2,83.0
2024-05-03,9,2,69.0
2024-05-04,9,2,73.0
2024-05-05,9,2,72.0
2024-05-06,9,2,75.0
2024-05-07,9,2,73.0
2024-05-08,9,2,74.0
2024-05-09,9,2,95.0
2024-05-10,9,2,77.0
2024-05-11,9,2,90.0
2024-05-12,9,2,92.0
2024-05-13,9,2,90.0
2024-05-14,9,2,70.0
2024-05-15,9,2,98.0
2024-05-16,9,2,79.0
2024-05-17,9,2,73.0
2024-05-18,9,2,68.0
2024-05-19,9,2,69.0
2024-05-20,9,2,81.0
2024-05-21,9,2,104.0
2024-05-22,9,2,67.0
2024-05-23,9,2,98.0
2024-05-24,9,2,89.0
2024-05-25,9,2,69.0
2024-05-26,9,2,67.0
2024-05-27,9,2,63.0
2024-05-28,9,2,72.0
2024-05-29,9,2,75.0
2024-05-30,9,2,77.0
2024-05-31,9,2,72.0
2024-06-01,9,2,77.0
2024-06-02,9,2,76.0
2024-06-03,9,2,77.0
2024-06-04,9,2,79.0
2024-06-05,9,2,91.0
2024-06-06,9,2,85.0
2024-06-07,9,2,75.0
2024-06-08,9,2,64.0
2024-06-09,9,2,79.0
2024-06-10,9,2,81.0
2024-06-11,9,2,75.0
2024-06-12,9,2,60.0
2024-06-13,9,2,76.0
2024-06-14,9,2,63.0
2024-06-15,9,2,73.0
2024-06-16,9,2,69.0
2024-06-17,9,2,55.0
2024-06-18,9,2,79.0
2024-06-19,9,2,93.0
2024-06-20,9,2,72.0
2024-06-21,9,2,68.0
2024-06-22,9,2,61.0
2024-06-23,9,2,66.0
2024-06-24,9,2,85.0
2024-06-25,9,2,84.0
2024-06-26,9,2,69.0
2024-06-27,9,2,71.0
2024-06-28,9,2,66.0
2024-06-29,9,2,67.0
2024-06-30,9,2,68.0
2024-07-01,9,2,67.0
2024-07-02,9,2,60.0
2024-07-03,9,2,72.0
2024-07-04,9,2,66.0
2024-07-05,9,2,56.0
2024-07-06,9,2,69.0
2024-07-07,9,2,62.0
2024-07-08,9,2,56.0
2024-07-09,9,2,90.0
2024-07-10,9,2,76.0
2024-07-11,9,2,76.0
2024-07-12,9,2,73.0
2024-07-13,9,2,55.0
2024-07-14,9,2,65.0
2024-07-15,9,2,46.0
2024-07-16,9,2,78.0
2024-07-17,9,2,69.0
2024-07-18,9,2,72.0
2024-07-19,9,2,60.0
2024-07-20,9,2,75.0
2024-07-21,9,2,70.0
2024-07-22,9,2,38.0
2024-07-23,9,2,73.0
2024-07-24,9,2,66.0
2024-07-25,9,2,71.0
2024-07-26,9,2,65.0
2024-07-27,9,2,49.0
2024-07-28,9,2,56.0
2024-07-29,9,2,52.0
2024-07-30,9,2,80.0
2024-07-31,9,2,70.0
2024-08-01,9,2,68.0
2024-08-02,9,2,61.0
2024-08-03,9,2,44.0
2024-08-04,9,2,62.0
2024-08-05,9,2,77.0
2024-08-06,9,2,49.0
2024-08-07,9,2,66.0
2024-08-08,9,2,69.0
2024-08-09,9,2,49.0
2024-08-10,9,2,60.0
2024-08-11,9,2,55.0
2024-08-12,9,2,52.0
2024-08-13,9,2,39.0
2024-08-14,9,2,63.0
2024-08-15,9,2,60.0
2024-08-16,9,2,68.0
2024-08-17,9,2,55.0
2024-08-18,9,2,48.0
2024-08-19,9,2,42.0
2024-08-20,9,2,70.0
2024-08-21,9,2,64.0
2024-08-22,9,2,56.0
2024-08-23,9,2,49.0
2024-08-24,9,2,63.0
2024-08-25,9,2,65.0
2024-08-26,9,2,50.0
2024-08-27,9,2,39.0
2024-08-28,9,2,60.0
2024-08-29,9,2,61.0
2024-08-30,9,2,54.0
2024-08-31,9,2,35.0
2024-09-01,9,2,66.0
2024-09-02,9,2,38.0
2024-09-03,9,2,53.0
2024-09-04,9,2,51.0
2024-09-05,9,2,48.0
2024-09-06,9,2,32.0
2024-09-07,9,2,50.0
2024-09-08,9,2,64.0
2024-09-09,9,2,54.0
2024-09-10,9,2,50.0
2024-09-11,9,2,74.0
2024-09-12,9,2,66.0
2024-09-13,9,2,44.0
2024-09-14,9,2,52.0
2024-09-15,9,2,61.0
2024-09-16,9,2,46.0
2024-09-17,9,2,61.0
2024-09-18,9,2,57.0
2024-09-19,9,2,46.0
2024-09-20,9,2,54.0
2024-09-21,9,2,53.0
2024-09-22,9,2,50.0
2024-09-23,9,2,47.0
2024-09-24,9,2,80.0
2024-09-25,9,2,56.0
2024-09-26,9,2,63.0
2024-09-27,9,2,60.0
2024-09-28,9,2,25.0
2024-09-29,9,2,58.0
2024-09-30,9,2,55.0
2024-10-01,9,2,57.0
2024-10-02,9,2,59.0
2024-10-03,9,2,63.0
2024-10-04,9,2,30.0
2024-10-05,9,2,50.0
2024-10-06,9,2,55.0
2024-10-07,9,2,76.0
2024-10-08,9,2,47.0
2024-10-09,9,2,65.0
2024-10-10,9,2,53.0
2024-10-11,9,2,58.0
2024-10-12,9,2,58.0
2024-10-13,9,2,44.0
2024-10-14,9,2,75.0
2024-10-15,9,2,73.0
2024-10-16,9,2,69.0
2024-10-17,9,2,55.0
2024-10-18,9,2,48.0
2024-10-19,9,2,55.0
2024-10-20,9,2,48.0
2024-10-21,9,2,51.0
2024-10-22,9,2,80.0
2024-10-23,9,2,68.0
2024-10-24,9,2,67.0
2024-10-25,9,2,73.0
2024-10-26,9,2,52.0
2024-10-27,9,2,47.0
2024-10-28,9,2,47.0
2024-10-29,9,2,75.0
2024-10-30,9,2,60.0
2024-10-31,9,2,32.0
2024-11-01,9,2,30.0
2024-11-02,9,2,38.0
2024-11-03,9,2,50.0
2024-11-04,9,2,57.0
2024-11-05,9,2,69.0
2024-11-06,9,2,54.0
2024-11-07,9,2,64.0
2024-11-08,9,2,66.0
2024-11-09,9,2,53.0
2024-11-10,9,2,51.0
2024-11-11,9,2,52.0
2024-11-12,9,2,76.0
2024-11-13,9,2,53.0
2024-11-14,9,2,79.0
2024-11-15,9,2,58.0
2024-11-16,9,2,46.0
2024-11-17,9,2,65.0
2024-11-18,9,2,67.0
2024-11-19,9,2,71.0
2024-11-20,9,2,75.0
2024-11-21,9,2,67.0
2024-11-22,9,2,65.0
2024-11-23,9,2,71.0
2024-11-24,9,2,61.0
2024-11-25,9,2,72.0
2024-11-26,9,2,47.0
2024-11-27,9,2,73.0
2024-11-28,9,2,91.0
2024-11-29,9,2,45.0
2024-11-30,9,2,79.0
2024-12-01,9,2,68.0
2024-12-02,9,2,10.558669126405285
2024-12-03,9,2,15.299296081117859
2024-12-04,9,2,16.37671129809799
2024-12-05,9,2,16.80767738489004
2024-12-06,9,2,60.0
2024-12-07,9,2,68.0
2024-12-08,9,2,76.0
2024-12-09,9,2,76.0
2024-12-10,9,2,84.0
2024-12-11,9,2,70.0
2024-12-12,9,2,78.0
2024-12-13,9,2,89.0
2024-12-14,9,2,53.0
2024-12-15,9,2,69.0
2024-12-16,9,2,59.0
2024-12-17,9,2,87.0
2024-12-18,9,2,57.0
2024-12-19,9,2,68.0
2024-12-20,9,2,91.0
2024-12-21,9,2,61.0
2024-12-22,9,2,66.0
2024-12-23,9,2,84.0
2024-12-24,9,2,76.0
2024-12-25,9,2,59.0
2024-12-26,9,2,65.0
2024-12-27,9,2,83.0
2024-12-28,9,2,143.88432270416055
2024-12-29,9,2,87.73434311229302
2024-12-30,9,2,114.05464604598093
2024-12-31,9,2,128.0921409439478
2025-01-01,9,2,135.11088839293126
2025-01-02,9,2,121.07339349496438
2025-01-03,9,2,129.8468278061937
2025-01-04,9,2,112.29995918373507
2025-01-05,9,2,117.56401977047265
2025-01-06,9,2,65.0
2025-01-07,9,2,89.0
2025-01-08,9,2,69.0
2025-01-09,9,2,84.0
2025-01-10,9,2,85.0
2025-01-11,9,2,91.0
2025-01-12,9,2,78.0
2025-01-13,9,2,81.0
2025-01-14,9,2,67.0
2025-01-15,9,2,99.0
2025-01-16,9,2,83.0
2025-01-17,9,2,80.0
2025-01-18,9,2,78.0
2025-01-19,9,2,77.0
2025-01-20,9,2,81.0
2025-01-21,9,2,82.0
2025-01-22,9,2,94.0
2025-01-23,9,2,70.0
2025-01-24,9,2,65.0
2025-01-25,9,2,68.0
2025-01-26,9,2,90.0
2025-01-27,9,2,87.0
2025-01-28,9,2,82.0
2025-01-29,9,2,81.0
2025-01-30,9,2,85.0
2025-01-31,9,2,85.0
2025-02-01,9,2,92.0
2025-02-02,9,2,100.0
2025-02-03,9,2,84.0
2025-02-04,9,2,111.0
2025-02-05,9,2,92.0
2025-02-06,9,2,91.0
2025-02-07,9,2,93.0
2025-02-08,9,2,91.0
2025-02-09,9,2,97.0
2025-02-10,9,2,74.0
2025-02-11,9,2,93.0
2025-02-12,9,2,105.0
2025-02-13,9,2,80.0
2025-02-14,9,2,67.0
2025-02-15,9,2,68.0
2025-02-16,9,2,82.0
2025-02-17,9,2,108.0
2025-02-18,9,2,79.0
2025-02-19,9,2,83.0
2025-02-20,9,2,87.0
2025-02-21,9,2,77.0
2025-02-22,9,2,72.0
2025-02-23,9,2,65.0
2025-02-24,9,2,85.0
2025-02-25,9,2,114.0
2025-02-26,9,2,101.0
2025-02-27,9,2,104.0
2025-02-28,9,2,82.0
2025-03-01,9,2,77.0
2025-03-02,9,2,91.0
2025-03-03,9,2,92.0
2025-03-04,9,2,95.0
2025-03-05,9,2,113.0
2025-03-06,9,2,86.0
2025-03-07,9,2,80.0
2025-03-08,9,2,94.0
2025-03-09,9,2,94.0
2025-03-10,9,2,82.0
2025-03-11,9,2,98.0
2025-03-12,9,2,81.0
2025-03-13,9,2,98.0
2025-03-14,9,2,86.0
2025-03-15,9,2,85.0
2025-03-16,9,2,77.0
2025-03-17,9,2,105.0
2025-03-18,9,2,100.0
2025-03-19,9,2,109.0
2025-03-20,9,2,95.0
2025-03-21,9,2,102.0
2025-03-22,9,2,70.0
2025-03-23,9,2,89.0
2025-03-24,9,2,105.0
2025-03-25,9,2,79.0
2025-03-26,9,2,101.0
2025-03-27,9,2,102.0
2025-03-28,9,2,88.0
2025-03-29,9,2,98.0
2025-03-30,9,2,99.0
2025-03-31,9,2,88.0
2025-04-01,9,2,95.0
2025-04-02,9,2,89.0
2025-04-03,9,2,100.0
2025-04-04,9,2,94.0
2025-04-05,9,2,88.0
2025-04-06,9,2,91.0
2025-04-07,9,2,86.0
2025-04-08,9,2,85.0
2025-04-09,9,2,104.0
2025-04-10,9,2,95.0
2025-04-11,9,2,82.0
2025-04-12,9,2,81.0
2025-04-13,9,2,98.0
2025-04-14,9,2,103.0
2025-04-15,9,2,105.0
2025-04-16,9,2,100.0
2025-04-17,9,2,90.0
2025-04-18,9,2,104.0
2025-04-19,9,2,85.0
2025-04-20,9,2,92.0
2025-04-21,9,2,86.0
2025-04-22,9,2,96.0
2025-04-23,9,2,74.0
2025-04-24,9,2,90.0
2025-04-25,9,2,76.0
2025-04-26,9,2,90.0
2025-04-27,9,2,83.0
2025-04-28,9,2,90.0
2025-04-29,9,2,119.0
2025-04-30,9,2,89.0
2025-05-01,9,2,97.0
2025-05-02,9,2,93.0
2025-05-03,9,2,78.0
2025-05-04,9,2,99.0
2025-05-05,9,2,109.0
2025-05-06,9,2,109.0
2025-05-07,9,2,89.0
2025-05-08,9,2,88.0
2025-05-09,9,2,70.0
2025-05-10,9,2,84.0
2025-05-11,9,2,86.0
2025-05-12,9,2,99.0
2025-05-13,9,2,113.0
2025-05-14,9,2,85.0
2025-05-15,9,2,95.0
2025-05-16,9,2,86.0
2025-05-17,9,2,84.0
2025-05-18,9,2,101.0
2025-05-19,9,2,92.0
2025-05-20,9,2,100.0
2025-05-21,9,2,101.0
2025-05-22,9,2,95.0
2025-05-23,9,2,80.0
2025-05-24,9,2,102.0
2025-05-25,9,2,85.0
2025-05-26,9,2,95.0
2025-05-27,9,2,96.0
2025-05-28,9,2,74.0
2025-05-29,9,2,81.0
2025-05-30,9,2,87.0
2025-05-31,9,2,74.0
2025-06-01,9,2,87.0
2025-06-02,9,2,79.0
2025-06-03,9,2,93.0
2025-06-04,9,2,77.0
2025-06-05,9,2,98.0
2025-06-06,9,2,89.0
2025-06-07,9,2,86.0
2025-06-08,9,2,81.0
2025-06-09,9,2,80.0
2025-06-10,9,2,106.0
2025-06-11,9,2,108.0
2025-06-12,9,2,88.0
2025-06-13,9,2,77.0
2025-06-14,9,2,63.0
2025-06-15,9,2,83.0
2025-06-16,9,2,78.0
2025-06-17,9,2,85.0
2025-06-18,9,2,99.0
2025-06-19,9,2,77.0
2025-06-20,9,2,100.0
2025-06-21,9,2,68.0
2025-06-22,9,2,59.0
2025-06-23,9,2,77.0
2025-06-24,9,2,91.0
2025-06-25,9,2,90.0
2025-06-26,9,2,87.0
2025-06-27,9,2,77.0
2025-06-28,9,2,71.0
2025-06-29,9,2,65.0
2025-06-30,9,2,83.0
2025-07-01,9,2,96.0
2025-07-02,9,2,87.0
2025-07-03,9,2,76.0
2025-07-04,9,2,79.0
2025-07-05,9,2,89.0
2025-07-06,9,2,73.0
2025-07-07,9,2,68.0
2025-07-08,9,2,86.0
2025-07-09,9,2,91.0
2025-07-10,9,2,90.0
2025-07-11,9,2,83.0
2025-07-12,9,2,74.0
2025-07-13,9,2,66.0
2025-07-14,9,2,69.0
2025-07-15,9,2,79.0
2025-07-16,9,2,89.0
2025-07-17,9,2,74.0
2025-07-18,9,2,70.0
2025-07-19,9,2,62.0
2025-07-20,9,2,87.0
2025-07-21,9,2,74.0
2025-07-22,9,2,87.0
2025-07-23,9,2,97.0
2025-07-24,9,2,69.0
2025-07-25,9,2,80.0
2025-07-26,9,2,69.0
2025-07-27,9,2,84.0
2025-07-28,9,2,67.0
2025-07-29,9,2,81.0
2025-07-30,9,2,86.0
2025-07-31,9,2,70.0
2025-08-01,9,2,69.0
2025-08-02,9,2,67.0
2025-08-03,9,2,80.0
2025-08-04,9,2,95.0
2025-08-05,9,2,93.0
2025-08-06,9,2,93.0
2025-08-07,9,2,35.0
2025-08-08,9,2,71.0
2025-08-09,9,2,67.0
2025-08-10,9,2,75.0
2025-08-11,9,2,58.0
2025-08-12,9,2,84.0
2025-08-13,9,2,57.0
2025-08-14,9,2,84.0
2025-08-15,9,2,53.0
2025-08-16,9,2,77.0
2025-08-17,9,2,78.0
2025-08-18,9,2,68.0
2025-08-19,9,2,80.0
2025-08-20,9,2,76.0
2025-08-21,9,2,59.0
2025-08-22,9,2,73.0
2025-08-23,9,2,76.0
2025-08-24,9,2,62.0
2025-08-25,9,2,76.0
2025-08-26,9,2,66.0
2025-08-27,9,2,84.0
2025-08-28,9,2,72.0
2025-08-29,9,2,67.0
2025-08-30,9,2,68.0
2025-08-31,9,2,79.0
2025-09-01,9,2,74.0
2025-09-02,9,2,63.0
2025-09-03,9,2,68.0
2025-09-04,9,2,71.0
2025-09-05,9,2,71.0
2025-09-06,9,2,52.0
2025-09-07,9,2,67.0
2025-09-08,9,2,77.0
2025-09-09,9,2,68.0
2025-09-10,9,2,93.0
2025-09-11,9,2,64.0
2025-09-12,9,2,68.0
2025-09-13,9,2,42.0
2025-09-14,9,2,60.0
2025-09-15,9,2,67.0
2025-09-16,9,2,69.0
2025-09-17,9,2,67.0
2025-09-18,9,2,66.0
2025-09-19,9,2,71.0
2025-09-20,9,2,44.0
2025-09-21,9,2,45.0
2025-09-22,9,2,63.0
2025-09-23,9,2,71.0
2025-09-24,9,2,66.0
2025-09-25,9,2,71.0
2025-09-26,9,2,71.0
2025-09-27,9,2,72.0
2025-09-28,9,2,76.0
2025-09-29,9,2,55.0
2025-09-30,9,2,65.0
2025-10-01,9,2,65.0
2025-10-02,9,2,80.0
2025-10-03,9,2,59.0
2025-10-04,9,2,65.0
2025-10-05,9,2,50.0
2025-10-06,9,2,62.0
2025-10-07,9,2,64.0
2025-10-08,9,2,81.0
2025-10-09,9,2,59.0
2025-10-10,9,2,83.0
2025-10-11,9,2,65.0
2025-10-12,9,2,57.0
2025-10-13,9,2,72.0
2025-10-14,9,2,66.0
2025-10-15,9,2,65.0
2025-10-16,9,2,78.0
2025-10-17,9,2,80.0
2025-10-18,9,2,67.0
2025-10-19,9,2,53.0
2025-10-20,9,2,62.0
2025-10-21,9,2,89.0
2025-10-22,9,2,83.0
2025-10-23,9,2,62.0
2025-10-24,9,2,61.0
2025-10-25,9,2,66.0
2025-10-26,9,2,64.0
2025-10-27,9,2,91.0
2025-10-28,9,2,68.0
2025-10-29,9,2,83.0
2025-10-30,9,2,77.0
2025-10-31,9,2,53.0
2025-11-01,9,2,42.0
2025-11-02,9,2,63.0
2025-11-03,9,2,76.0
2025-11-04,9,2,92.0
2025-11-05,9,2,70.0
2025-11-06,9,2,80.0
2025-11-07,9,2,67.0
2025-11-08,9,2,84.0
2025-11-09,9,2,68.0
2025-11-10,9,2,69.0
2025-11-11,9,2,80.0
2025-11-12,9,2,81.0
2025-11-13,9,2,90.0
2025-11-14,9,2,72.0
2025-11-15,9,2,73.0
2025-11-16,9,2,54.0
2025-11-17,9,2,64.0
2025-11-18,9,2,76.0
2025-11-19,9,2,82.0
2025-11-20,9,2,71.0
2025-11-21,9,2,76.0
2025-11-22,9,2,65.0
2025-11-23,9,2,88.0
2025-11-24,9,2,75.0
2025-11-25,9,2,86.0
2025-11-26,9,2,81.0
2025-11-27,9,2,79.0
2025-11-28,9,2,80.0
2025-11-29,9,2,74.0
2025-11-30,9,2,69.0
2025-12-01,9,2,82.0
2025-12-02,9,2,82.0
2025-12-03,9,2,91.0
2025-12-04,9,2,93.0
2025-12-05,9,2,87.0
2025-12-06,9,2,64.0
2025-12-07,9,2,46.0
2025-12-08,9,2,102.0
2025-12-09,9,2,91.0
2025-12-10,9,2,91.0
2025-12-11,9,2,77.0
2025-12-12,9,2,59.0
2025-12-13,9,2,57.0
2025-12-14,9,2,74.0
2025-12-15,9,2,84.0
2025-12-16,9,2,104.0
2025-12-17,9,2,91.0
2025-12-18,9,2,93.0
2025-12-19,9,2,76.0
2025-12-20,9,2,74.0
2025-12-21,9,2,66.0
2025-12-22,9,2,73.0
2025-12-23,9,2,78.0
2025-12-24,9,2,88.0
2025-12-25,9,2,72.0
2025-12-26,9,2,76.0
2025-12-27,9,2,80.0
2025-12-28,9,2,59.0
2025-12-29,9,2,101.0
2025-12-30,9,2,109.0
2024-01-01,9,3,149.0
2024-01-02,9,3,164.0
2024-01-03,9,3,147.0
2024-01-04,9,3,157.0
2024-01-05,9,3,155.0
2024-01-06,9,3,126.0
2024-01-07,9,3,131.0
2024-01-08,9,3,160.0
2024-01-09,9,3,155.0
2024-01-10,9,3,152.0
2024-01-11,9,3,165.0
2024-01-12,9,3,151.0
2024-01-13,9,3,139.0
2024-01-14,9,3,153.0
2024-01-15,9,3,164.0
2024-01-16,9,3,161.0
2024-01-17,9,3,185.0
2024-01-18,9,3,175.0
2024-01-19,9,3,128.0
2024-01-20,9,3,131.0
2024-01-21,9,3,121.0
2024-01-22,9,3,152.0
2024-01-23,9,3,153.0
2024-01-24,9,3,160.0
2024-01-25,9,3,173.0
2024-01-26,9,3,133.0
2024-01-27,9,3,146.0
2024-01-28,9,3,149.0
2024-01-29,9,3,157.0
2024-01-30,9,3,170.0
2024-01-31,9,3,148.0
2024-02-01,9,3,156.0
2024-02-02,9,3,170.0
2024-02-03,9,3,135.0
2024-02-04,9,3,168.0
2024-02-05,9,3,146.0
2024-02-06,9,3,155.0
2024-02-07,9,3,164.0
2024-02-08,9,3,179.0
2024-02-09,9,3,151.0
2024-02-10,9,3,154.0
2024-02-11,9,3,154.0
2024-02-12,9,3,163.0
2024-02-13,9,3,187.0
2024-02-14,9,3,185.0
2024-02-15,9,3,158.0
2024-02-16,9,3,157.0
2024-02-17,9,3,171.0
2024-02-18,9,3,159.0
2024-02-19,9,3,150.0
2024-02-20,9,3,161.0
2024-02-21,9,3,188.0
2024-02-22,9,3,180.0
2024-02-23,9,3,152.0
2024-02-24,9,3,163.0
2024-02-25,9,3,174.0
2024-02-26,9,3,183.0
2024-02-27,9,3,195.0
2024-02-28,9,3,187.0
2024-02-29,9,3,173.0
2024-03-01,9,3,160.0
2024-03-02,9,3,157.0
2024-03-03,9,3,151.0
2024-03-04,9,3,166.0
2024-03-05,9,3,193.0
2024-03-06,9,3,166.0
2024-03-07,9,3,160.0
2024-03-08,9,3,174.0
2024-03-09,9,3,155.0
2024-03-10,9,3,142.0
2024-03-11,9,3,171.0
2024-03-12,9,3,180.0
2024-03-13,9,3,180.0
2024-03-14,9,3,185.0
2024-03-15,9,3,153.0
2024-03-16,9,3,160.0
2024-03-17,9,3,161.0
2024-03-18,9,3,173.0
2024-03-19,9,3,165.0
2024-03-20,9,3,180.0
2024-03-21,9,3,179.0
2024-03-22,9,3,174.0
2024-03-23,9,3,180.0
2024-03-24,9,3,172.0
2024-03-25,9,3,179.0
2024-03-26,9,3,197.0
2024-03-27,9,3,183.0
2024-03-28,9,3,196.0
2024-03-29,9,3,180.0
2024-03-30,9,3,157.0
2024-03-31,9,3,184.0
2024-04-01,9,3,179.0
2024-04-02,9,3,207.0
2024-04-03,9,3,190.0
2024-04-04,9,3,174.0
2024-04-05,9,3,161.0
2024-04-06,9,3,159.0
2024-04-07,9,3,159.0
2024-04-08,9,3,188.0
2024-04-09,9,3,184.0
2024-04-10,9,3,171.0
2024-04-11,9,3,182.0
2024-04-12,9,3,170.0
2024-04-13,9,3,157.0
2024-04-14,9,3,167.0
2024-04-15,9,3,174.0
2024-04-16,9,3,191.0
2024-04-17,9,3,193.0
2024-04-18,9,3,184.0
2024-04-19,9,3,156.0
2024-04-20,9,3,184.0
2024-04-21,9,3,148.0
2024-04-22,9,3,173.0
2024-04-23,9,3,173.0
2024-04-24,9,3,191.0
2024-04-25,9,3,181.0
2024-04-26,9,3,167.0
2024-04-27,9,3,177.0
2024-04-28,9,3,175.0
2024-04-29,9,3,170.0
2024-04-30,9,3,192.0
2024-05-01,9,3,202.0
2024-05-02,9,3,190.0
2024-05-03,9,3,166.0
2024-05-04,9,3,144.0
2024-05-05,9,3,166.0
2024-05-06,9,3,179.0
2024-05-07,9,3,174.0
2024-05-08,9,3,185.0
2024-05-09,9,3,177.0
2024-05-10,9,3,180.0
2024-05-11,9,3,178.0
2024-05-12,9,3,173.0
2024-05-13,9,3,170.0
2024-05-14,9,3,193.0
2024-05-15,9,3,190.0
2024-05-16,9,3,175.0
2024-05-17,9,3,186.0
2024-05-18,9,3,150.0
2024-05-19,9,3,166.0
2024-05-20,9,3,178.0
2024-05-21,9,3,176.0
2024-05-22,9,3,187.0
2024-05-23,9,3,184.0
2024-05-24,9,3,165.0
2024-05-25,9,3,161.0
2024-05-26,9,3,159.0
2024-05-27,9,3,176.0
2024-05-28,9,3,175.0
2024-05-29,9,3,176.0
2024-05-30,9,3,173.0
2024-05-31,9,3,173.0
2024-06-01,9,3,136.0
2024-06-02,9,3,147.0
2024-06-03,9,3,189.0
2024-06-04,9,3,178.0
2024-06-05,9,3,173.0
2024-06-06,9,3,178.0
2024-06-07,9,3,151.0
2024-06-08,9,3,130.0
2024-06-09,9,3,157.0
2024-06-10,9,3,156.0
2024-06-11,9,3,174.0
2024-06-12,9,3,179.0
2024-06-13,9,3,170.0
2024-06-14,9,3,139.0
2024-06-15,9,3,150.0
2024-06-16,9,3,156.0
2024-06-17,9,3,147.0
2024-06-18,9,3,155.0
2024-06-19,9,3,162.0
2024-06-20,9,3,173.0
2024-06-21,9,3,134.0
2024-06-22,9,3,156.0
2024-06-23,9,3,153.0
2024-06-24,9,3,156.0
2024-06-25,9,3,153.0
2024-06-26,9,3,162.0
2024-06-27,9,3,171.0
2024-06-28,9,3,165.0
2024-06-29,9,3,134.0
2024-06-30,9,3,158.0
2024-07-01,9,3,163.0
2024-07-02,9,3,166.0
2024-07-03,9,3,161.0
2024-07-04,9,3,155.0
2024-07-05,9,3,168.0
2024-07-06,9,3,144.0
2024-07-07,9,3,158.0
2024-07-08,9,3,156.0
2024-07-09,9,3,159.0
2024-07-10,9,3,172.0
2024-07-11,9,3,181.0
2024-07-12,9,3,140.0
2024-07-13,9,3,149.0
2024-07-14,9,3,144.0
2024-07-15,9,3,137.0
2024-07-16,9,3,146.0
2024-07-17,9,3,159.0
2024-07-18,9,3,160.0
2024-07-19,9,3,154.0
2024-07-20,9,3,121.0
2024-07-21,9,3,146.0
2024-07-22,9,3,148.0
2024-07-23,9,3,159.0
2024-07-24,9,3,167.0
2024-07-25,9,3,172.0
2024-07-26,9,3,146.0
2024-07-27,9,3,121.0
2024-07-28,9,3,135.0
2024-07-29,9,3,156.0
2024-07-30,9,3,166.0
2024-07-31,9,3,166.0
2024-08-01,9,3,146.0
2024-08-02,9,3,126.0
2024-08-03,9,3,139.0
2024-08-04,9,3,123.0
2024-08-05,9,3,152.0
2024-08-06,9,3,162.0
2024-08-07,9,3,152.0
2024-08-08,9,3,149.0
2024-08-09,9,3,140.0
2024-08-10,9,3,125.0
2024-08-11,9,3,119.0
2024-08-12,9,3,143.0
2024-08-13,9,3,153.0
2024-08-14,9,3,169.0
2024-08-15,9,3,140.0
2024-08-16,9,3,148.0
2024-08-17,9,3,118.0
2024-08-18,9,3,118.0
2024-08-19,9,3,138.0
2024-08-20,9,3,142.0
2024-08-21,9,3,140.0
2024-08-22,9,3,166.0
2024-08-23,9,3,130.0
2024-08-24,9,3,152.0
2024-08-25,9,3,120.0
2024-08-26,9,3,123.0
2024-08-27,9,3,163.0
2024-08-28,9,3,145.0
2024-08-29,9,3,147.0
2024-08-30,9,3,120.0
2024-08-31,9,3,126.0
2024-09-01,9,3,115.0
2024-09-02,9,3,138.0
2024-09-03,9,3,144.0
2024-09-04,9,3,154.0
2024-09-05,9,3,151.0
2024-09-06,9,3,135.0
2024-09-07,9,3,131.0
2024-09-08,9,3,127.0
2024-09-09,9,3,134.0
2024-09-10,9,3,153.0
2024-09-11,9,3,149.0
2024-09-12,9,3,143.0
2024-09-13,9,3,136.0
2024-09-14,9,3,115.0
2024-09-15,9,3,143.0
2024-09-16,9,3,135.0
2024-09-17,9,3,149.0
2024-09-18,9,3,150.0
2024-09-19,9,3,150.0
2024-09-20,9,3,136.0
2024-09-21,9,3,125.0
2024-09-22,9,3,143.0
2024-09-23,9,3,105.0
2024-09-24,9,3,160.0
2024-09-25,9,3,160.0
2024-09-26,9,3,124.0
2024-09-27,9,3,142.0
2024-09-28,9,3,136.0
2024-09-29,9,3,134.0
2024-09-30,9,3,122.0
2024-10-01,9,3,155.0
2024-10-02,9,3,161.0
2024-10-03,9,3,138.0
2024-10-04,9,3,137.0
2024-10-05,9,3,122.0
2024-10-06,9,3,137.0
2024-10-07,9,3,135.0
2024-10-08,9,3,142.0
2024-10-09,9,3,151.0
2024-10-10,9,3,130.0
2024-10-11,9,3,132.0
2024-10-12,9,3,130.0
2024-10-13,9,3,138.0
2024-10-14,9,3,142.0
2024-10-15,9,3,135.0
2024-10-16,9,3,166.0
2024-10-17,9,3,160.0
2024-10-18,9,3,136.0
2024-10-19,9,3,120.0
2024-10-20,9,3,125.0
2024-10-21,9,3,138.0
2024-10-22,9,3,154.0
2024-10-23,9,3,150.0
2024-10-24,9,3,138.0
2024-10-25,9,3,146.0
2024-10-26,9,3,132.0
2024-10-27,9,3,121.0
2024-10-28,9,3,145.0
2024-10-29,9,3,154.0
2024-10-30,9,3,148.0
2024-10-31,9,3,161.0
2024-11-01,9,3,139.0
2024-11-02,9,3,129.0
2024-11-03,9,3,133.0
2024-11-04,9,3,149.0
2024-11-05,9,3,153.0
2024-11-06,9,3,156.0
2024-11-07,9,3,161.0
2024-11-08,9,3,125.0
2024-11-09,9,3,120.0
2024-11-10,9,3,144.0
2024-11-11,9,3,171.0
2024-11-12,9,3,165.0
2024-11-13,9,3,178.0
2024-11-14,9,3,148.0
2024-11-15,9,3,135.0
2024-11-16,9,3,140.0
2024-11-17,9,3,148.0
2024-11-18,9,3,135.0
2024-11-19,9,3,157.0
2024-11-20,9,3,161.0
2024-11-21,9,3,148.0
2024-11-22,9,3,139.0
2024-11-23,9,3,147.0
2024-11-24,9,3,146.0
2024-11-25,9,3,159.0
2024-11-26,9,3,165.0
2024-11-27,9,3,155.0
2024-11-28,9,3,162.0
2024-11-29,9,3,137.0
2024-11-30,9,3,138.0
2024-12-01,9,3,133.0
2024-12-02,9,3,148.0
2024-12-03,9,3,165.0
2024-12-04,9,3,163.0
2024-12-05,9,3,56.69998413740474
2024-12-06,9,3,60.430246251707686
2024-12-07,9,3,52.969722023101795
2024-12-08,9,3,52.5966958116715
2024-12-09,9,3,21.059634879984433
2024-12-10,9,3,21.348123029025313
2024-12-11,9,3,24.233004519434143
2024-12-12,9,3,21.636611178066197
2024-12-13,9,3,23.223295997791052
2024-12-14,9,3,147.0
2024-12-15,9,3,166.0
2024-12-16,9,3,162.0
2024-12-17,9,3,163.0
2024-12-18,9,3,154.0
2024-12-19,9,3,175.0
2024-12-20,9,3,143.0
2024-12-21,9,3,146.0
2024-12-22,9,3,170.0
2024-12-23,9,3,170.0
2024-12-24,9,3,178.0
2024-12-25,9,3,186.0
2024-12-26,9,3,180.0
2024-12-27,9,3,176.0
2024-12-28,9,3,147.0
2024-12-29,9,3,152.0
2024-12-30,9,3,157.0
2024-12-31,9,3,177.0
2025-01-01,9,3,179.0
2025-01-02,9,3,156.0
2025-01-03,9,3,156.0
2025-01-04,9,3,171.0
2025-01-05,9,3,162.0
2025-01-06,9,3,177.0
2025-01-07,9,3,179.0
2025-01-08,9,3,164.0
2025-01-09,9,3,176.0
2025-01-10,9,3,177.0
2025-01-11,9,3,148.0
2025-01-12,9,3,170.0
2025-01-13,9,3,156.0
2025-01-14,9,3,184.0
2025-01-15,9,3,192.0
2025-01-16,9,3,177.0
2025-01-17,9,3,195.0
2025-01-18,9,3,158.0
2025-01-19,9,3,160.0
2025-01-20,9,3,178.0
2025-01-21,9,3,179.0
2025-01-22,9,3,175.0
2025-01-23,9,3,172.0
2025-01-24,9,3,180.0
2025-01-25,9,3,163.0
2025-01-26,9,3,186.0
2025-01-27,9,3,175.0
2025-01-28,9,3,197.0
2025-01-29,9,3,198.0
2025-01-30,9,3,181.0
2025-01-31,9,3,166.0
2025-02-01,9,3,151.0
2025-02-02,9,3,178.0
2025-02-03,9,3,195.0
2025-02-04,9,3,176.0
2025-02-05,9,3,192.0
2025-02-06,9,3,182.0
2025-02-07,9,3,184.0
2025-02-08,9,3,168.0
2025-02-09,9,3,188.0
2025-02-10,9,3,181.0
2025-02-11,9,3,183.0
2025-02-12,9,3,193.0
2025-02-13,9,3,188.0
2025-02-14,9,3,186.0
2025-02-15,9,3,170.0
2025-02-16,9,3,182.0
2025-02-17,9,3,179.0
2025-02-18,9,3,195.0
2025-02-19,9,3,192.0
2025-02-20,9,3,185.0
2025-02-21,9,3,196.0
2025-02-22,9,3,169.0
2025-02-23,9,3,176.0
2025-02-24,9,3,200.0
2025-02-25,9,3,208.0
2025-02-26,9,3,220.0
2025-02-27,9,3,201.0
2025-02-28,9,3,179.0
2025-03-01,9,3,200.0
2025-03-02,9,3,187.0
2025-03-03,9,3,190.0
2025-03-04,9,3,202.0
2025-03-05,9,3,206.0
2025-03-06,9,3,195.0
2025-03-07,9,3,173.0
2025-03-08,9,3,197.0
2025-03-09,9,3,183.0
2025-03-10,9,3,195.0
2025-03-11,9,3,225.0
2025-03-12,9,3,199.0
2025-03-13,9,3,206.0
2025-03-14,9,3,180.0
2025-03-15,9,3,185.0
2025-03-16,9,3,187.0
2025-03-17,9,3,203.0
2025-03-18,9,3,217.0
2025-03-19,9,3,201.0
2025-03-20,9,3,215.0
2025-03-21,9,3,205.0
2025-03-22,9,3,180.0
2025-03-23,9,3,185.0
2025-03-24,9,3,191.0
2025-03-25,9,3,203.0
2025-03-26,9,3,196.0
2025-03-27,9,3,209.0
2025-03-28,9,3,169.0
2025-03-29,9,3,176.0
2025-03-30,9,3,186.0
2025-03-31,9,3,210.0
2025-04-01,9,3,201.0
2025-04-02,9,3,213.0
2025-04-03,9,3,201.0
2025-04-04,9,3,201.0
2025-04-05,9,3,188.0
2025-04-06,9,3,195.0
2025-04-07,9,3,191.0
2025-04-08,9,3,196.0
2025-04-09,9,3,213.0
2025-04-10,9,3,197.0
2025-04-11,9,3,191.0
2025-04-12,9,3,187.0
2025-04-13,9,3,199.0
2025-04-14,9,3,205.0
2025-04-15,9,3,199.0
2025-04-16,9,3,197.0
2025-04-17,9,3,220.0
2025-04-18,9,3,175.0
2025-04-19,9,3,179.0
2025-04-20,9,3,193.0
2025-04-21,9,3,213.0
2025-04-22,9,3,204.0
2025-04-23,9,3,209.0
2025-04-24,9,3,192.0
2025-04-25,9,3,192.0
2025-04-26,9,3,171.0
2025-04-27,9,3,178.0
2025-04-28,9,3,203.0
2025-04-29,9,3,201.0
2025-04-30,9,3,217.0
2025-05-01,9,3,199.0
2025-05-02,9,3,175.0
2025-05-03,9,3,194.0
2025-05-04,9,3,171.0
2025-05-05,9,3,188.0
2025-05-06,9,3,202.0
2025-05-07,9,3,217.0
2025-05-08,9,3,194.0
2025-05-09,9,3,179.0
2025-05-10,9,3,183.0
2025-05-11,9,3,181.0
2025-05-12,9,3,188.0
2025-05-13,9,3,205.0
2025-05-14,9,3,193.0
2025-05-15,9,3,180.0
2025-05-16,9,3,209.0
2025-05-17,9,3,181.0
2025-05-18,9,3,184.0
2025-05-19,9,3,184.0
2025-05-20,9,3,211.0
2025-05-21,9,3,198.0
2025-05-22,9,3,168.0
2025-05-23,9,3,179.0
2025-05-24,9,3,175.0
2025-05-25,9,3,178.0
2025-05-26,9,3,188.0
2025-05-27,9,3,193.0
2025-05-28,9,3,194.0
2025-05-29,9,3,191.0
2025-05-30,9,3,166.0
2025-05-31,9,3,156.0
2025-06-01,9,3,179.0
2025-06-02,9,3,189.0
2025-06-03,9,3,207.0
2025-06-04,9,3,197.0
2025-06-05,9,3,180.0
2025-06-06,9,3,161.0
2025-06-07,9,3,165.0
2025-06-08,9,3,180.0
2025-06-09,9,3,200.0
2025-06-10,9,3,196.0
2025-06-11,9,3,185.0
2025-06-12,9,3,181.0
2025-06-13,9,3,170.0
2025-06-14,9,3,167.0
2025-06-15,9,3,185.0
2025-06-16,9,3,196.0
2025-06-17,9,3,191.0
2025-06-18,9,3,197.0
2025-06-19,9,3,180.0
2025-06-20,9,3,159.0
2025-06-21,9,3,188.0
2025-06-22,9,3,147.0
2025-06-23,9,3,162.0
2025-06-24,9,3,209.0
2025-06-25,9,3,193.0
2025-06-26,9,3,174.0
2025-06-27,9,3,181.0
2025-06-28,9,3,175.0
2025-06-29,9,3,155.0
2025-06-30,9,3,173.0
2025-07-01,9,3,197.0
2025-07-02,9,3,182.0
2025-07-03,9,3,186.0
2025-07-04,9,3,186.0
2025-07-05,9,3,140.0
2025-07-06,9,3,163.0
2025-07-07,9,3,179.0
2025-07-08,9,3,167.0
2025-07-09,9,3,182.0
2025-07-10,9,3,191.0
2025-07-11,9,3,162.0
2025-07-12,9,3,147.0
2025-07-13,9,3,176.0
2025-07-14,9,3,178.0
2025-07-15,9,3,183.0
2025-07-16,9,3,184.0
2025-07-17,9,3,189.0
2025-07-18,9,3,170.0
2025-07-19,9,3,166.0
2025-07-20,9,3,155.0
2025-07-21,9,3,152.0
2025-07-22,9,3,187.0
2025-07-23,9,3,194.0
2025-07-24,9,3,174.0
2025-07-25,9,3,174.0
2025-07-26,9,3,154.0
2025-07-27,9,3,159.0
2025-07-28,9,3,187.0
2025-07-29,9,3,176.0
2025-07-30,9,3,177.0
2025-07-31,9,3,155.0
2025-08-01,9,3,169.0
2025-08-02,9,3,148.0
2025-08-03,9,3,159.0
2025-08-04,9,3,164.0
2025-08-05,9,3,172.0
2025-08-06,9,3,178.0
2025-08-07,9,3,171.0
2025-08-08,9,3,173.0
2025-08-09,9,3,169.0
2025-08-10,9,3,162.0
2025-08-11,9,3,178.0
2025-08-12,9,3,184.0
2025-08-13,9,3,182.0
2025-08-14,9,3,185.0
2025-08-15,9,3,145.0
2025-08-16,9,3,144.0
2025-08-17,9,3,145.0
2025-08-18,9,3,160.0
2025-08-19,9,3,180.0
2025-08-20,9,3,164.0
2025-08-21,9,3,174.0
2025-08-22,9,3,151.0
2025-08-23,9,3,146.0
2025-08-24,9,3,154.0
2025-08-25,9,3,179.0
2025-08-26,9,3,165.0
2025-08-27,9,3,173.0
2025-08-28,9,3,156.0
2025-08-29,9,3,148.0
2025-08-30,9,3,138.0
2025-08-31,9,3,154.0
2025-09-01,9,3,165.0
2025-09-02,9,3,178.0
2025-09-03,9,3,165.0
2025-09-04,9,3,171.0
2025-09-05,9,3,156.0
2025-09-06,9,3,147.0
2025-09-07,9,3,137.0
2025-09-08,9,3,162.0
2025-09-09,9,3,172.0
2025-09-10,9,3,173.0
2025-09-11,9,3,170.0
2025-09-12,9,3,161.0
2025-09-13,9,3,136.0
2025-09-14,9,3,147.0
2025-09-15,9,3,165.0
2025-09-16,9,3,167.0
2025-09-17,9,3,182.0
2025-09-18,9,3,166.0
2025-09-19,9,3,134.0
2025-09-20,9,3,156.0
2025-09-21,9,3,148.0
2025-09-22,9,3,141.0
2025-09-23,9,3,167.0
2025-09-24,9,3,159.0
2025-09-25,9,3,173.0
2025-09-26,9,3,154.0
2025-09-27,9,3,138.0
2025-09-28,9,3,158.0
2025-09-29,9,3,164.0
2025-09-30,9,3,167.0
2025-10-01,9,3,159.0
2025-10-02,9,3,157.0
2025-10-03,9,3,145.0
2025-10-04,9,3,155.0
2025-10-05,9,3,133.0
2025-10-06,9,3,160.0
2025-10-07,9,3,168.0
2025-10-08,9,3,183.0
2025-10-09,9,3,168.0
2025-10-10,9,3,161.0
2025-10-11,9,3,143.0
2025-10-12,9,3,138.0
2025-10-13,9,3,158.0
2025-10-14,9,3,179.0
2025-10-15,9,3,182.0
2025-10-16,9,3,163.0
2025-10-17,9,3,147.0
2025-10-18,9,3,138.0
2025-10-19,9,3,151.0
2025-10-20,9,3,164.0
2025-10-21,9,3,187.0
2025-10-22,9,3,176.0
2025-10-23,9,3,175.0
2025-10-24,9,3,149.0
2025-10-25,9,3,151.0
2025-10-26,9,3,155.0
2025-10-27,9,3,162.0
2025-10-28,9,3,174.0
2025-10-29,9,3,178.0
2025-10-30,9,3,175.0
2025-10-31,9,3,171.0
2025-11-01,9,3,129.0
2025-11-02,9,3,167.0
2025-11-03,9,3,148.0
2025-11-04,9,3,179.0
2025-11-05,9,3,203.0
2025-11-06,9,3,171.0
2025-11-07,9,3,163.0
2025-11-08,9,3,151.0
2025-11-09,9,3,164.0
2025-11-10,9,3,171.0
2025-11-11,9,3,171.0
2025-11-12,9,3,180.0
2025-11-13,9,3,163.0
2025-11-14,9,3,162.0
2025-11-15,9,3,153.0
2025-11-16,9,3,161.0
2025-11-17,9,3,163.0
2025-11-18,9,3,178.0
2025-11-19,9,3,183.0
2025-11-20,9,3,177.0
2025-11-21,9,3,169.0
2025-11-22,9,3,158.0
2025-11-23,9,3,154.0
2025-11-24,9,3,173.0
2025-11-25,9,3,181.0
2025-11-26,9,3,196.0
2025-11-27,9,3,191.0
2025-11-28,9,3,155.0
2025-11-29,9,3,168.0
2025-11-30,9,3,173.0
2025-12-01,9,3,162.0
2025-12-02,9,3,192.0
2025-12-03,9,3,198.0
2025-12-04,9,3,172.0
2025-12-05,9,3,169.0
2025-12-06,9,3,167.0
2025-12-07,9,3,174.0
2025-12-08,9,3,168.0
2025-12-09,9,3,201.0
2025-12-10,9,3,171.0
2025-12-11,9,3,199.0
2025-12-12,9,3,180.0
2025-12-13,9,3,162.0
2025-12-14,9,3,180.0
2025-12-15,9,3,171.0
2025-12-16,9,3,193.0
2025-12-17,9,3,197.0
2025-12-18,9,3,191.0
2025-12-19,9,3,169.0
2025-12-20,9,3,166.0
2025-12-21,9,3,176.0
2025-12-22,9,3,177.0
2025-12-23,9,3,198.0
2025-12-24,9,3,192.0
2025-12-25,9,3,202.0
2025-12-26,9,3,197.0
2025-12-27,9,3,172.0
2025-12-28,9,3,187.0
2025-12-29,9,3,186.0
2025-12-30,9,3,189.0
2024-01-01,9,4,103.0
2024-01-02,9,4,131.0
2024-01-03,9,4,128.0
2024-01-04,9,4,117.0
2024-01-05,9,4,102.0
2024-01-06,9,4,107.0
2024-01-07,9,4,101.0
2024-01-08,9,4,113.0
2024-01-09,9,4,139.0
2024-01-10,9,4,147.0
2024-01-11,9,4,117.0
2024-01-12,9,4,122.0
2024-01-13,9,4,103.0
2024-01-14,9,4,115.0
2024-01-15,9,4,127.0
2024-01-16,9,4,135.0
2024-01-17,9,4,139.0
2024-01-18,9,4,136.0
2024-01-19,9,4,107.0
2024-01-20,9,4,99.0
2024-01-21,9,4,129.0
2024-01-22,9,4,135.0
2024-01-23,9,4,147.0
2024-01-24,9,4,141.0
2024-01-25,9,4,120.0
2024-01-26,9,4,116.0
2024-01-27,9,4,115.0
2024-01-28,9,4,125.0
2024-01-29,9,4,133.0
2024-01-30,9,4,146.0
2024-01-31,9,4,145.0
2024-02-01,9,4,143.0
2024-02-02,9,4,117.0
2024-02-03,9,4,117.0
2024-02-04,9,4,117.0
2024-02-05,9,4,145.0
2024-02-06,9,4,122.0
2024-02-07,9,4,149.0
2024-02-08,9,4,143.0
2024-02-09,9,4,112.0
2024-02-10,9,4,125.0
2024-02-11,9,4,122.0
2024-02-12,9,4,128.0
2024-02-13,9,4,158.0
2024-02-14,9,4,147.0
2024-02-15,9,4,151.0
2024-02-16,9,4,132.0
2024-02-17,9,4,119.0
2024-02-18,9,4,118.0
2024-02-19,9,4,133.0
2024-02-20,9,4,160.0
2024-02-21,9,4,166.0
2024-02-22,9,4,153.0
2024-02-23,9,4,134.0
2024-02-24,9,4,131.0
2024-02-25,9,4,131.0
2024-02-26,9,4,137.0
2024-02-27,9,4,148.0
2024-02-28,9,4,156.0
2024-02-29,9,4,145.0
2024-03-01,9,4,137.0
2024-03-02,9,4,141.0
2024-03-03,9,4,134.0
2024-03-04,9,4,157.0
2024-03-05,9,4,158.0
2024-03-06,9,4,160.0
2024-03-07,9,4,140.0
2024-03-08,9,4,144.0
2024-03-09,9,4,125.0
2024-03-10,9,4,126.0
2024-03-11,9,4,138.0
2024-03-12,9,4,163.0
2024-03-13,9,4,158.0
2024-03-14,9,4,168.0
2024-03-15,9,4,150.0
2024-03-16,9,4,127.0
2024-03-17,9,4,115.0
2024-03-18,9,4,149.0
2024-03-19,9,4,159.0
2024-03-20,9,4,172.0
2024-03-21,9,4,156.0
2024-03-22,9,4,151.0
2024-03-23,9,4,137.0
2024-03-24,9,4,126.0
2024-03-25,9,4,143.0
2024-03-26,9,4,159.0
2024-03-27,9,4,164.0
2024-03-28,9,4,155.0
2024-03-29,9,4,149.0
2024-03-30,9,4,138.0
2024-03-31,9,4,134.0
2024-04-01,9,4,156.0
2024-04-02,9,4,153.0
2024-04-03,9,4,172.0
2024-04-04,9,4,165.0
2024-04-05,9,4,146.0
2024-04-06,9,4,139.0
2024-04-07,9,4,143.0
2024-04-08,9,4,159.0
2024-04-09,9,4,170.0
2024-04-10,9,4,177.0
2024-04-11,9,4,145.0
2024-04-12,9,4,144.0
2024-04-13,9,4,134.0
2024-04-14,9,4,139.0
2024-04-15,9,4,158.0
2024-04-16,9,4,164.0
2024-04-17,9,4,167.0
2024-04-18,9,4,161.0
2024-04-19,9,4,130.0
2024-04-20,9,4,147.0
2024-04-21,9,4,136.0
2024-04-22,9,4,162.0
2024-04-23,9,4,156.0
2024-04-24,9,4,158.0
2024-04-25,9,4,155.0
2024-04-26,9,4,143.0
2024-04-27,9,4,129.0
2024-04-28,9,4,130.0
2024-04-29,9,4,152.0
2024-04-30,9,4,174.0
2024-05-01,9,4,178.0
2024-05-02,9,4,153.0
2024-05-03,9,4,132.0
2024-05-04,9,4,130.0
2024-05-05,9,4,149.0
2024-05-06,9,4,156.0
2024-05-07,9,4,163.0
2024-05-08,9,4,159.0
2024-05-09,9,4,162.0
2024-05-10,9,4,158.0
2024-05-11,9,4,129.0
2024-05-12,9,4,117.0
2024-05-13,9,4,137.0
2024-05-14,9,4,159.0
2024-05-15,9,4,160.0
2024-05-16,9,4,164.0
2024-05-17,9,4,133.0
2024-05-18,9,4,127.0
2024-05-19,9,4,126.0
2024-05-20,9,4,150.0
2024-05-21,9,4,149.0
2024-05-22,9,4,157.0
2024-05-23,9,4,137.0
2024-05-24,9,4,131.0
2024-05-25,9,4,140.0
2024-05-26,9,4,144.0
2024-05-27,9,4,147.0
2024-05-28,9,4,158.0
2024-05-29,9,4,152.0
2024-05-30,9,4,149.0
2024-05-31,9,4,134.0
2024-06-01,9,4,124.0
2024-06-02,9,4,133.0
2024-06-03,9,4,131.0
2024-06-04,9,4,173.0
2024-06-05,9,4,168.0
2024-06-06,9,4,138.0
2024-06-07,9,4,131.0
2024-06-08,9,4,116.0
2024-06-09,9,4,129.0
2024-06-10,9,4,135.0
2024-06-11,9,4,133.0
2024-06-12,9,4,144.0
2024-06-13,9,4,153.0
2024-06-14,9,4,126.0
2024-06-15,9,4,116.0
2024-06-16,9,4,126.0
2024-06-17,9,4,141.0
2024-06-18,9,4,145.0
2024-06-19,9,4,130.0
2024-06-20,9,4,132.0
2024-06-21,9,4,106.0
2024-06-22,9,4,103.0
2024-06-23,9,4,118.0
2024-06-24,9,4,131.0
2024-06-25,9,4,153.0
2024-06-26,9,4,145.0
2024-06-27,9,4,129.0
2024-06-28,9,4,131.0
2024-06-29,9,4,126.0
2024-06-30,9,4,122.0
2024-07-01,9,4,126.0
2024-07-02,9,4,137.0
2024-07-03,9,4,132.0
2024-07-04,9,4,126.0
2024-07-05,9,4,114.0
2024-07-06,9,4,98.0
2024-07-07,9,4,109.0
2024-07-08,9,4,122.0
2024-07-09,9,4,147.0
2024-07-10,9,4,126.0
2024-07-11,9,4,131.0
2024-07-12,9,4,104.0
2024-07-13,9,4,89.0
2024-07-14,9,4,104.0
2024-07-15,9,4,121.0
2024-07-16,9,4,144.0
2024-07-17,9,4,134.0
2024-07-18,9,4,122.0
2024-07-19,9,4,106.0
2024-07-20,9,4,98.0
2024-07-21,9,4,76.0
2024-07-22,9,4,111.0
2024-07-23,9,4,137.0
2024-07-24,9,4,113.0
2024-07-25,9,4,120.0
2024-07-26,9,4,107.0
2024-07-27,9,4,106.0
2024-07-28,9,4,104.0
2024-07-29,9,4,119.0
2024-07-30,9,4,121.0
2024-07-31,9,4,116.0
2024-08-01,9,4,117.0
2024-08-02,9,4,105.0
2024-08-03,9,4,107.0
2024-08-04,9,4,88.0
2024-08-05,9,4,130.0
2024-08-06,9,4,126.0
2024-08-07,9,4,121.0
2024-08-08,9,4,112.0
2024-08-09,9,4,103.0
2024-08-10,9,4,94.0
2024-08-11,9,4,98.0
2024-08-12,9,4,115.0
2024-08-13,9,4,117.0
2024-08-14,9,4,126.0
2024-08-15,9,4,114.0
2024-08-16,9,4,115.0
2024-08-17,9,4,77.0
2024-08-18,9,4,113.0
2024-08-19,9,4,101.0
2024-08-20,9,4,112.0
2024-08-21,9,4,121.0
2024-08-22,9,4,116.0
2024-08-23,9,4,97.0
2024-08-24,9,4,96.0
2024-08-25,9,4,90.0
2024-08-26,9,4,101.0
2024-08-27,9,4,111.0
2024-08-28,9,4,132.0
2024-08-29,9,4,116.0
2024-08-30,9,4,89.0
2024-08-31,9,4,85.0
2024-09-01,9,4,81.0
2024-09-02,9,4,128.0
2024-09-03,9,4,119.0
2024-09-04,9,4,104.0
2024-09-05,9,4,100.0
2024-09-06,9,4,87.0
2024-09-07,9,4,91.0
2024-09-08,9,4,77.0
2024-09-09,9,4,92.0
2024-09-10,9,4,115.0
2024-09-11,9,4,119.0
2024-09-12,9,4,106.0
2024-09-13,9,4,93.0
2024-09-14,9,4,75.0
2024-09-15,9,4,94.0
2024-09-16,9,4,87.0
2024-09-17,9,4,115.0
2024-09-18,9,4,134.0
2024-09-19,9,4,107.0
2024-09-20,9,4,84.0
2024-09-21,9,4,86.0
2024-09-22,9,4,88.0
2024-09-23,9,4,105.0
2024-09-24,9,4,117.0
2024-09-25,9,4,127.0
2024-09-26,9,4,106.0
2024-09-27,9,4,89.0
2024-09-28,9,4,80.0
2024-09-29,9,4,85.0
2024-09-30,9,4,106.0
2024-10-01,9,4,105.0
2024-10-02,9,4,112.0
2024-10-03,9,4,111.0
2024-10-04,9,4,107.0
2024-10-05,9,4,80.0
2024-10-06,9,4,94.0
2024-10-07,9,4,102.0
2024-10-08,9,4,121.0
2024-10-09,9,4,121.0
2024-10-10,9,4,112.0
2024-10-11,9,4,119.0
2024-10-12,9,4,113.0
2024-10-13,9,4,90.0
2024-10-14,9,4,98.0
2024-10-15,9,4,120.0
2024-10-16,9,4,127.0
2024-10-17,9,4,124.0
2024-10-18,9,4,80.0
2024-10-19,9,4,87.0
2024-10-20,9,4,89.0
2024-10-21,9,4,100.0
2024-10-22,9,4,107.0
2024-10-23,9,4,122.0
2024-10-24,9,4,121.0
2024-10-25,9,4,90.0
2024-10-26,9,4,93.0
2024-10-27,9,4,99.0
2024-10-28,9,4,122.0
2024-10-29,9,4,127.0
2024-10-30,9,4,125.0
2024-10-31,9,4,119.0
2024-11-01,9,4,109.0
2024-11-02,9,4,95.0
2024-11-03,9,4,104.0
2024-11-04,9,4,108.0
2024-11-05,9,4,134.0
2024-11-06,9,4,124.0
2024-11-07,9,4,114.0
2024-11-08,9,4,102.0
2024-11-09,9,4,89.0
2024-11-10,9,4,107.0
2024-11-11,9,4,101.0
2024-11-12,9,4,124.0
2024-11-13,9,4,134.0
2024-11-14,9,4,122.0
2024-11-15,9,4,108.0
2024-11-16,9,4,99.0
2024-11-17,9,4,105.0
2024-11-18,9,4,109.0
2024-11-19,9,4,126.0
2024-11-20,9,4,132.0
2024-11-21,9,4,129.0
2024-11-22,9,4,120.0
2024-11-23,9,4,102.0
2024-11-24,9,4,113.0
2024-11-25,9,4,121.0
2024-11-26,9,4,133.0
2024-11-27,9,4,144.0
2024-11-28,9,4,117.0
2024-11-29,9,4,119.0
2024-11-30,9,4,101.0
2024-12-01,9,4,119.0
2024-12-02,9,4,119.0
2024-12-03,9,4,135.0
2024-12-04,9,4,128.0
2024-12-05,9,4,136.0
2024-12-06,9,4,116.0
2024-12-07,9,4,106.0
2024-12-08,9,4,115.0
2024-12-09,9,4,114.0
2024-12-10,9,4,135.0
2024-12-11,9,4,143.0
2024-12-12,9,4,149.0
2024-12-13,9,4,124.0
2024-12-14,9,4,118.0
2024-12-15,9,4,119.0
2024-12-16,9,4,160.0
2024-12-17,9,4,153.0
2024-12-18,9,4,132.0
2024-12-19,9,4,143.0
2024-12-20,9,4,136.0
2024-12-21,9,4,107.0
2024-12-22,9,4,123.0
2024-12-23,9,4,131.0
2024-12-24,9,4,142.0
2024-12-25,9,4,164.0
2024-12-26,9,4,139.0
2024-12-27,9,4,126.0
2024-12-28,9,4,115.0
2024-12-29,9,4,118.0
2024-12-30,9,4,136.0
2024-12-31,9,4,149.0
2025-01-01,9,4,147.0
2025-01-02,9,4,149.0
2025-01-03,9,4,114.0
2025-01-04,9,4,128.0
2025-01-05,9,4,139.0
2025-01-06,9,4,140.0
2025-01-07,9,4,161.0
2025-01-08,9,4,159.0
2025-01-09,9,4,173.0
2025-01-10,9,4,148.0
2025-01-11,9,4,124.0
2025-01-12,9,4,146.0
2025-01-13,9,4,169.0
2025-01-14,9,4,160.0
2025-01-15,9,4,170.0
2025-01-16,9,4,166.0
2025-01-17,9,4,134.0
2025-01-18,9,4,120.0
2025-01-19,9,4,140.0
2025-01-20,9,4,146.0
2025-01-21,9,4,164.0
2025-01-22,9,4,178.0
2025-01-23,9,4,166.0
2025-01-24,9,4,152.0
2025-01-25,9,4,138.0
2025-01-26,9,4,138.0
2025-01-27,9,4,150.0
2025-01-28,9,4,184.0
2025-01-29,9,4,192.0
2025-01-30,9,4,174.0
2025-01-31,9,4,149.0
2025-02-01,9,4,134.0
2025-02-02,9,4,169.0
2025-02-03,9,4,164.0
2025-02-04,9,4,177.0
2025-02-05,9,4,172.0
2025-02-06,9,4,174.0
2025-02-07,9,4,153.0
2025-02-08,9,4,138.0
2025-02-09,9,4,147.0
2025-02-10,9,4,167.0
2025-02-11,9,4,190.0
2025-02-12,9,4,167.0
2025-02-13,9,4,162.0
2025-02-14,9,4,155.0
2025-02-15,9,4,142.0
2025-02-16,9,4,153.0
2025-02-17,9,4,163.0
2025-02-18,9,4,181.0
2025-02-19,9,4,185.0
2025-02-20,9,4,164.0
2025-02-21,9,4,159.0
2025-02-22,9,4,146.0
2025-02-23,9,4,166.0
2025-02-24,9,4,164.0
2025-02-25,9,4,179.0
2025-02-26,9,4,179.0
2025-02-27,9,4,178.0
2025-02-28,9,4,163.0
2025-03-01,9,4,168.0
2025-03-02,9,4,159.0
2025-03-03,9,4,183.0
2025-03-04,9,4,198.0
2025-03-05,9,4,186.0
2025-03-06,9,4,179.0
2025-03-07,9,4,161.0
2025-03-08,9,4,147.0
2025-03-09,9,4,181.0
2025-03-10,9,4,169.0
2025-03-11,9,4,180.0
2025-03-12,9,4,182.0
2025-03-13,9,4,177.0
2025-03-14,9,4,165.0
2025-03-15,9,4,170.0
2025-03-16,9,4,178.0
2025-03-17,9,4,158.0
2025-03-18,9,4,202.0
2025-03-19,9,4,206.0
2025-03-20,9,4,178.0
2025-03-21,9,4,162.0
2025-03-22,9,4,165.0
2025-03-23,9,4,159.0
2025-03-24,9,4,190.0
2025-03-25,9,4,194.0
2025-03-26,9,4,187.0
2025-03-27,9,4,187.0
2025-03-28,9,4,171.0
2025-03-29,9,4,146.0
2025-03-30,9,4,157.0
2025-03-31,9,4,172.0
2025-04-01,9,4,194.0
2025-04-02,9,4,199.0
2025-04-03,9,4,195.0
2025-04-04,9,4,165.0
2025-04-05,9,4,150.0
2025-04-06,9,4,158.0
2025-04-07,9,4,172.0
2025-04-08,9,4,185.0
2025-04-09,9,4,194.0
2025-04-10,9,4,191.0
2025-04-11,9,4,168.0
2025-04-12,9,4,166.0
2025-04-13,9,4,174.0
2025-04-14,9,4,178.0
2025-04-15,9,4,182.0
2025-04-16,9,4,192.0
2025-04-17,9,4,194.0
2025-04-18,9,4,176.0
2025-04-19,9,4,153.0
2025-04-20,9,4,175.0
2025-04-21,9,4,175.0
2025-04-22,9,4,182.0
2025-04-23,9,4,193.0
2025-04-24,9,4,172.0
2025-04-25,9,4,176.0
2025-04-26,9,4,171.0
2025-04-27,9,4,156.0
2025-04-28,9,4,175.0
2025-04-29,9,4,197.0
2025-04-30,9,4,182.0
2025-05-01,9,4,173.0
2025-05-02,9,4,167.0
2025-05-03,9,4,158.0
2025-05-04,9,4,163.0
2025-05-05,9,4,60.328176956345594
2025-05-06,9,4,61.01764183584668
2025-05-07,9,4,61.36237427559723
2025-05-08,9,4,58.949247197343404
2025-05-09,9,4,59.293979637093955
2025-05-10,9,4,57.225584998590676
2025-05-11,9,4,161.0
2025-05-12,9,4,180.0
2025-05-13,9,4,181.0
2025-05-14,9,4,186.0
2025-05-15,9,4,188.0
2025-05-16,9,4,170.0
2025-05-17,9,4,158.0
2025-05-18,9,4,158.0
2025-05-19,9,4,162.0
2025-05-20,9,4,185.0
2025-05-21,9,4,190.0
2025-05-22,9,4,197.0
2025-05-23,9,4,163.0
2025-05-24,9,4,151.0
2025-05-25,9,4,160.0
2025-05-26,9,4,182.0
2025-05-27,9,4,185.0
2025-05-28,9,4,184.0
2025-05-29,9,4,169.0
2025-05-30,9,4,154.0
2025-05-31,9,4,158.0
2025-06-01,9,4,152.0
2025-06-02,9,4,184.0
2025-06-03,9,4,180.0
2025-06-04,9,4,186.0
2025-06-05,9,4,168.0
2025-06-06,9,4,152.0
2025-06-07,9,4,155.0
2025-06-08,9,4,162.0
2025-06-09,9,4,156.0
2025-06-10,9,4,171.0
2025-06-11,9,4,174.0
2025-06-12,9,4,176.0
2025-06-13,9,4,159.0
2025-06-14,9,4,145.0
2025-06-15,9,4,142.0
2025-06-16,9,4,175.0
2025-06-17,9,4,182.0
2025-06-18,9,4,160.0
2025-06-19,9,4,174.0
2025-06-20,9,4,150.0
2025-06-21,9,4,138.0
2025-06-22,9,4,152.0
2025-06-23,9,4,161.0
2025-06-24,9,4,172.0
2025-06-25,9,4,166.0
2025-06-26,9,4,173.0
2025-06-27,9,4,139.0
2025-06-28,9,4,147.0
2025-06-29,9,4,144.0
2025-06-30,9,4,155.0
2025-07-01,9,4,163.0
2025-07-02,9,4,172.0
2025-07-03,9,4,150.0
2025-07-04,9,4,157.0
2025-07-05,9,4,134.0
2025-07-06,9,4,134.0
2025-07-07,9,4,151.0
2025-07-08,9,4,161.0
2025-07-09,9,4,178.0
2025-07-10,9,4,144.0
2025-07-11,9,4,143.0
2025-07-12,9,4,147.0
2025-07-13,9,4,137.0
2025-07-14,9,4,151.0
2025-07-15,9,4,161.0
2025-07-16,9,4,159.0
2025-07-17,9,4,159.0
2025-07-18,9,4,139.0
2025-07-19,9,4,132.0
2025-07-20,9,4,138.0
2025-07-21,9,4,150.0
2025-07-22,9,4,159.0
2025-07-23,9,4,169.0
2025-07-24,9,4,160.0
2025-07-25,9,4,144.0
2025-07-26,9,4,137.0
2025-07-27,9,4,142.0
2025-07-28,9,4,133.0
2025-07-29,9,4,179.0
2025-07-30,9,4,160.0
2025-07-31,9,4,147.0
2025-08-01,9,4,136.0
2025-08-02,9,4,113.0
2025-08-03,9,4,130.0
2025-08-04,9,4,134.0
2025-08-05,9,4,154.0
2025-08-06,9,4,157.0
2025-08-07,9,4,142.0
2025-08-08,9,4,117.0
2025-08-09,9,4,125.0
2025-08-10,9,4,126.0
2025-08-11,9,4,140.0
2025-08-12,9,4,147.0
2025-08-13,9,4,231.86563089934924
2025-08-14,9,4,224.03233255815502
2025-08-15,9,4,205.23241653928886
2025-08-16,9,4,197.39911819809464
2025-08-17,9,4,183.29918118394502
2025-08-18,9,4,224.03233255815502
2025-08-19,9,4,154.0
2025-08-20,9,4,156.0
2025-08-21,9,4,158.0
2025-08-22,9,4,113.0
2025-08-23,9,4,135.0
2025-08-24,9,4,116.0
2025-08-25,9,4,136.0
2025-08-26,9,4,147.0
2025-08-27,9,4,139.0
2025-08-28,9,4,145.0
2025-08-29,9,4,133.0
2025-08-30,9,4,121.0
2025-08-31,9,4,108.0
2025-09-01,9,4,123.0
2025-09-02,9,4,140.0
2025-09-03,9,4,159.0
2025-09-04,9,4,140.0
2025-09-05,9,4,108.0
2025-09-06,9,4,133.0
2025-09-07,9,4,132.0
2025-09-08,9,4,123.0
2025-09-09,9,4,141.0
2025-09-10,9,4,145.0
2025-09-11,9,4,143.0
2025-09-12,9,4,126.0
2025-09-13,9,4,110.0
2025-09-14,9,4,129.0
2025-09-15,9,4,146.0
2025-09-16,9,4,144.0
2025-09-17,9,4,142.0
2025-09-18,9,4,151.0
2025-09-19,9,4,106.0
2025-09-20,9,4,107.0
2025-09-21,9,4,126.0
2025-09-22,9,4,143.0
2025-09-23,9,4,141.0
2025-09-24,9,4,166.0
2025-09-25,9,4,118.0
2025-09-26,9,4,133.0
2025-09-27,9,4,116.0
2025-09-28,9,4,114.0
2025-09-29,9,4,138.0
2025-09-30,9,4,141.0
2025-10-01,9,4,138.0
2025-10-02,9,4,139.0
2025-10-03,9,4,124.0
2025-10-04,9,4,109.0
2025-10-05,9,4,114.0
2025-10-06,9,4,128.0
2025-10-07,9,4,131.0
2025-10-08,9,4,134.0
2025-10-09,9,4,147.0
2025-10-10,9,4,113.0
2025-10-11,9,4,116.0
2025-10-12,9,4,104.0
2025-10-13,9,4,145.0
2025-10-14,9,4,144.0
2025-10-15,9,4,159.0
2025-10-16,9,4,158.0
2025-10-17,9,4,116.0
2025-10-18,9,4,112.0
2025-10-19,9,4,129.0
2025-10-20,9,4,129.0
2025-10-21,9,4,150.0
2025-10-22,9,4,152.0
2025-10-23,9,4,123.0
2025-10-24,9,4,136.0
2025-10-25,9,4,118.0
2025-10-26,9,4,113.0
2025-10-27,9,4,149.0
2025-10-28,9,4,144.0
2025-10-29,9,4,147.0
2025-10-30,9,4,129.0
2025-10-31,9,4,135.0
2025-11-01,9,4,122.0
2025-11-02,9,4,111.0
2025-11-03,9,4,141.0
2025-11-04,9,4,159.0
2025-11-05,9,4,159.0
2025-11-06,9,4,158.0
2025-11-07,9,4,128.0
2025-11-08,9,4,139.0
2025-11-09,9,4,128.0
2025-11-10,9,4,148.0
2025-11-11,9,4,165.0
2025-11-12,9,4,180.0
2025-11-13,9,4,141.0
2025-11-14,9,4,130.0
2025-11-15,9,4,129.0
2025-11-16,9,4,128.0
2025-11-17,9,4,138.0
2025-11-18,9,4,145.0
2025-11-19,9,4,162.0
2025-11-20,9,4,160.0
2025-11-21,9,4,142.0
2025-11-22,9,4,117.0
2025-11-23,9,4,121.0
2025-11-24,9,4,148.0
2025-11-25,9,4,159.0
2025-11-26,9,4,162.0
2025-11-27,9,4,154.0
2025-11-28,9,4,138.0
2025-11-29,9,4,135.0
2025-11-30,9,4,147.0
2025-12-01,9,4,143.0
2025-12-02,9,4,168.0
2025-12-03,9,4,169.0
2025-12-04,9,4,145.0
2025-12-05,9,4,141.0
2025-12-06,9,4,138.0
2025-12-07,9,4,160.0
2025-12-08,9,4,149.0
2025-12-09,9,4,163.0
2025-12-10,9,4,176.0
2025-12-11,9,4,163.0
2025-12-12,9,4,140.0
2025-12-13,9,4,127.0
2025-12-14,9,4,130.0
2025-12-15,9,4,166.0
2025-12-16,9,4,164.0
2025-12-17,9,4,196.0
2025-12-18,9,4,164.0
2025-12-19,9,4,161.0
2025-12-20,9,4,136.0
2025-12-21,9,4,151.0
2025-12-22,9,4,175.0
2025-12-23,9,4,174.0
2025-12-24,9,4,171.0
2025-12-25,9,4,169.0
2025-12-26,9,4,157.0
2025-12-27,9,4,142.0
2025-12-28,9,4,168.0
2025-12-29,9,4,167.0
2025-12-30,9,4,191.0
2024-01-01,9,5,81.0
2024-01-02,9,5,105.0
2024-01-03,9,5,86.0
2024-01-04,9,5,101.0
2024-01-05,9,5,91.0
2024-01-06,9,5,89.0
2024-01-07,9,5,90.0
2024-01-08,9,5,101.0
2024-01-09,9,5,82.0
2024-01-10,9,5,111.0
2024-01-11,9,5,99.0
2024-01-12,9,5,82.0
2024-01-13,9,5,71.0
2024-01-14,9,5,84.0
2024-01-15,9,5,112.0
2024-01-16,9,5,105.0
2024-01-17,9,5,99.0
2024-01-18,9,5,118.0
2024-01-19,9,5,95.0
2024-01-20,9,5,90.0
2024-01-21,9,5,89.0
2024-01-22,9,5,99.0
2024-01-23,9,5,82.0
2024-01-24,9,5,107.0
2024-01-25,9,5,107.0
2024-01-26,9,5,106.0
2024-01-27,9,5,107.0
2024-01-28,9,5,99.0
2024-01-29,9,5,100.0
2024-01-30,9,5,107.0
2024-01-31,9,5,103.0
2024-02-01,9,5,108.0
2024-02-02,9,5,112.0
2024-02-03,9,5,87.0
2024-02-04,9,5,94.0
2024-02-05,9,5,95.0
2024-02-06,9,5,118.0
2024-02-07,9,5,122.0
2024-02-08,9,5,100.0
2024-02-09,9,5,103.0
2024-02-10,9,5,70.0
2024-02-11,9,5,92.0
2024-02-12,9,5,114.0
2024-02-13,9,5,107.0
2024-02-14,9,5,103.0
2024-02-15,9,5,114.0
2024-02-16,9,5,99.0
2024-02-17,9,5,97.0
2024-02-18,9,5,100.0
2024-02-19,9,5,113.0
2024-02-20,9,5,123.0
2024-02-21,9,5,119.0
2024-02-22,9,5,121.0
2024-02-23,9,5,102.0
2024-02-24,9,5,100.0
2024-02-25,9,5,100.0
2024-02-26,9,5,97.0
2024-02-27,9,5,128.0
2024-02-28,9,5,118.0
2024-02-29,9,5,126.0
2024-03-01,9,5,108.0
2024-03-02,9,5,103.0
2024-03-03,9,5,109.0
2024-03-04,9,5,112.0
2024-03-05,9,5,112.0
2024-03-06,9,5,119.0
2024-03-07,9,5,124.0
2024-03-08,9,5,112.0
2024-03-09,9,5,93.0
2024-03-10,9,5,105.0
2024-03-11,9,5,103.0
2024-03-12,9,5,120.0
2024-03-13,9,5,130.0
2024-03-14,9,5,111.0
2024-03-15,9,5,106.0
2024-03-16,9,5,94.0
2024-03-17,9,5,109.0
2024-03-18,9,5,113.0
2024-03-19,9,5,115.0
2024-03-20,9,5,126.0
2024-03-21,9,5,117.0
2024-03-22,9,5,113.0
2024-03-23,9,5,95.0
2024-03-24,9,5,102.0
2024-03-25,9,5,114.0
2024-03-26,9,5,127.0
2024-03-27,9,5,115.0
2024-03-28,9,5,119.0
2024-03-29,9,5,118.0
2024-03-30,9,5,104.0
2024-03-31,9,5,103.0
2024-04-01,9,5,109.0
2024-04-02,9,5,117.0
2024-04-03,9,5,126.0
2024-04-04,9,5,101.0
2024-04-05,9,5,105.0
2024-04-06,9,5,108.0
2024-04-07,9,5,112.0
2024-04-08,9,5,106.0
2024-04-09,9,5,117.0
2024-04-10,9,5,125.0
2024-04-11,9,5,124.0
2024-04-12,9,5,107.0
2024-04-13,9,5,103.0
2024-04-14,9,5,109.0
2024-04-15,9,5,104.0
2024-04-16,9,5,136.0
2024-04-17,9,5,125.0
2024-04-18,9,5,116.0
2024-04-19,9,5,119.0
2024-04-20,9,5,105.0
2024-04-21,9,5,105.0
2024-04-22,9,5,117.0
2024-04-23,9,5,122.0
2024-04-24,9,5,119.0
2024-04-25,9,5,127.0
2024-04-26,9,5,97.0
2024-04-27,9,5,100.0
2024-04-28,9,5,121.0
2024-04-29,9,5,114.0
2024-04-30,9,5,108.0
2024-05-01,9,5,133.0
2024-05-02,9,5,115.0
2024-05-03,9,5,100.0
2024-05-04,9,5,112.0
2024-05-05,9,5,114.0
2024-05-06,9,5,125.0
2024-05-07,9,5,112.0
2024-05-08,9,5,121.0
2024-05-09,9,5,114.0
2024-05-10,9,5,100.0
2024-05-11,9,5,107.0
2024-05-12,9,5,113.0
2024-05-13,9,5,108.0
2024-05-14,9,5,121.0
2024-05-15,9,5,122.0
2024-05-16,9,5,125.0
2024-05-17,9,5,107.0
2024-05-18,9,5,101.0
2024-05-19,9,5,110.0
2024-05-20,9,5,111.0
2024-05-21,9,5,113.0
2024-05-22,9,5,111.0
2024-05-23,9,5,109.0
2024-05-24,9,5,107.0
2024-05-25,9,5,88.0
2024-05-26,9,5,103.0
2024-05-27,9,5,96.0
2024-05-28,9,5,108.0
2024-05-29,9,5,124.0
2024-05-30,9,5,109.0
2024-05-31,9,5,105.0
2024-06-01,9,5,97.0
2024-06-02,9,5,113.0
2024-06-03,9,5,108.0
2024-06-04,9,5,106.0
2024-06-05,9,5,122.0
2024-06-06,9,5,102.0
2024-06-07,9,5,110.0
2024-06-08,9,5,103.0
2024-06-09,9,5,100.0
2024-06-10,9,5,112.0
2024-06-11,9,5,123.0
2024-06-12,9,5,115.0
2024-06-13,9,5,110.0
2024-06-14,9,5,102.0
2024-06-15,9,5,88.0
2024-06-16,9,5,91.0
2024-06-17,9,5,104.0
2024-06-18,9,5,111.0
2024-06-19,9,5,115.0
2024-06-20,9,5,103.0
2024-06-21,9,5,85.0
2024-06-22,9,5,105.0
2024-06-23,9,5,82.0
2024-06-24,9,5,108.0
2024-06-25,9,5,107.0
2024-06-26,9,5,113.0
2024-06-27,9,5,111.0
2024-06-28,9,5,92.0
2024-06-29,9,5,78.0
2024-06-30,9,5,100.0
2024-07-01,9,5,105.0
2024-07-02,9,5,108.0
2024-07-03,9,5,116.0
2024-07-04,9,5,106.0
2024-07-05,9,5,93.0
2024-07-06,9,5,86.0
2024-07-07,9,5,71.0
2024-07-08,9,5,100.0
2024-07-09,9,5,96.0
2024-07-10,9,5,110.0
2024-07-11,9,5,98.0
2024-07-12,9,5,77.0
2024-07-13,9,5,86.0
2024-07-14,9,5,84.0
2024-07-15,9,5,107.0
2024-07-16,9,5,86.0
2024-07-17,9,5,98.0
2024-07-18,9,5,89.0
2024-07-19,9,5,97.0
2024-07-20,9,5,86.0
2024-07-21,9,5,92.0
2024-07-22,9,5,84.0
2024-07-23,9,5,93.0
2024-07-24,9,5,103.0
2024-07-25,9,5,112.0
2024-07-26,9,5,93.0
2024-07-27,9,5,75.0
2024-07-28,9,5,86.0
2024-07-29,9,5,97.0
2024-07-30,9,5,88.0
2024-07-31,9,5,99.0
2024-08-01,9,5,94.0
2024-08-02,9,5,102.0
2024-08-03,9,5,81.0
2024-08-04,9,5,96.0
2024-08-05,9,5,84.0
2024-08-06,9,5,102.0
2024-08-07,9,5,88.0
2024-08-08,9,5,99.0
2024-08-09,9,5,81.0
2024-08-10,9,5,76.0
2024-08-11,9,5,87.0
2024-08-12,9,5,95.0
2024-08-13,9,5,99.0
2024-08-14,9,5,113.0
2024-08-15,9,5,93.0
2024-08-16,9,5,86.0
2024-08-17,9,5,80.0
2024-08-18,9,5,85.0
2024-08-19,9,5,87.0
2024-08-20,9,5,86.0
2024-08-21,9,5,100.0
2024-08-22,9,5,78.0
2024-08-23,9,5,89.0
2024-08-24,9,5,86.0
2024-08-25,9,5,74.0
2024-08-26,9,5,82.0
2024-08-27,9,5,77.0
2024-08-28,9,5,95.0
2024-08-29,9,5,93.0
2024-08-30,9,5,84.0
2024-08-31,9,5,78.0
2024-09-01,9,5,75.0
2024-09-02,9,5,93.0
2024-09-03,9,5,85.0
2024-09-04,9,5,87.0
2024-09-05,9,5,78.0
2024-09-06,9,5,75.0
2024-09-07,9,5,65.0
2024-09-08,9,5,57.0
2024-09-09,9,5,79.0
2024-09-10,9,5,99.0
2024-09-11,9,5,97.0
2024-09-12,9,5,94.0
2024-09-13,9,5,85.0
2024-09-14,9,5,72.0
2024-09-15,9,5,75.0
2024-09-16,9,5,78.0
2024-09-17,9,5,94.0
2024-09-18,9,5,119.0
2024-09-19,9,5,78.0
2024-09-20,9,5,88.0
2024-09-21,9,5,70.0
2024-09-22,9,5,89.0
2024-09-23,9,5,88.0
2024-09-24,9,5,88.0
2024-09-25,9,5,92.0
2024-09-26,9,5,95.0
2024-09-27,9,5,95.0
2024-09-28,9,5,82.0
2024-09-29,9,5,73.0
2024-09-30,9,5,89.0
2024-10-01,9,5,106.0
2024-10-02,9,5,99.0
2024-10-03,9,5,88.0
2024-10-04,9,5,69.0
2024-10-05,9,5,86.0
2024-10-06,9,5,76.0
2024-10-07,9,5,79.0
2024-10-08,9,5,100.0
2024-10-09,9,5,102.0
2024-10-10,9,5,82.0
2024-10-11,9,5,75.0
2024-10-12,9,5,81.0
2024-10-13,9,5,88.0
2024-10-14,9,5,84.0
2024-10-15,9,5,93.0
2024-10-16,9,5,91.0
2024-10-17,9,5,102.0
2024-10-18,9,5,88.0
2024-10-19,9,5,68.0
2024-10-20,9,5,94.0
2024-10-21,9,5,117.0
2024-10-22,9,5,80.0
2024-10-23,9,5,101.0
2024-10-24,9,5,79.0
2024-10-25,9,5,81.0
2024-10-26,9,5,66.0
2024-10-27,9,5,93.0
2024-10-28,9,5,86.0
2024-10-29,9,5,106.0
2024-10-30,9,5,101.0
2024-10-31,9,5,109.0
2024-11-01,9,5,75.0
2024-11-02,9,5,62.0
2024-11-03,9,5,78.0
2024-11-04,9,5,88.0
2024-11-05,9,5,86.0
2024-11-06,9,5,105.0
2024-11-07,9,5,99.0
2024-11-08,9,5,99.0
2024-11-09,9,5,91.0
2024-11-10,9,5,80.0
2024-11-11,9,5,83.0
2024-11-12,9,5,87.0
2024-11-13,9,5,102.0
2024-11-14,9,5,96.0
2024-11-15,9,5,93.0
2024-11-16,9,5,71.0
2024-11-17,9,5,88.0
2024-11-18,9,5,100.0
2024-11-19,9,5,98.0
2024-11-20,9,5,111.0
2024-11-21,9,5,99.0
2024-11-22,9,5,102.0
2024-11-23,9,5,99.0
2024-11-24,9,5,90.0
2024-11-25,9,5,105.0
2024-11-26,9,5,94.0
2024-11-27,9,5,104.0
2024-11-28,9,5,106.0
2024-11-29,9,5,91.0
2024-11-30,9,5,87.0
2024-12-01,9,5,84.0
2024-12-02,9,5,115.0
2024-12-03,9,5,101.0
2024-12-04,9,5,118.0
2024-12-05,9,5,102.0
2024-12-06,9,5,103.0
2024-12-07,9,5,87.0
2024-12-08,9,5,92.0
2024-12-09,9,5,107.0
2024-12-10,9,5,117.0
2024-12-11,9,5,121.0
2024-12-12,9,5,109.0
2024-12-13,9,5,109.0
2024-12-14,9,5,97.0
2024-12-15,9,5,96.0
2024-12-16,9,5,113.0
2024-12-17,9,5,115.0
2024-12-18,9,5,119.0
2024-12-19,9,5,103.0
2024-12-20,9,5,98.0
2024-12-21,9,5,102.0
2024-12-22,9,5,93.0
2024-12-23,9,5,109.0
2024-12-24,9,5,101.0
2024-12-25,9,5,136.0
2024-12-26,9,5,120.0
2024-12-27,9,5,103.0
2024-12-28,9,5,114.0
2024-12-29,9,5,96.0
2024-12-30,9,5,107.0
2024-12-31,9,5,125.0
2025-01-01,9,5,131.0
2025-01-02,9,5,113.0
2025-01-03,9,5,113.0
2025-01-04,9,5,107.0
2025-01-05,9,5,107.0
2025-01-06,9,5,111.0
2025-01-07,9,5,131.0
2025-01-08,9,5,109.0
2025-01-09,9,5,122.0
2025-01-10,9,5,107.0
2025-01-11,9,5,106.0
2025-01-12,9,5,104.0
2025-01-13,9,5,108.0
2025-01-14,9,5,121.0
2025-01-15,9,5,124.0
2025-01-16,9,5,122.0
2025-01-17,9,5,115.0
2025-01-18,9,5,116.0
2025-01-19,9,5,125.0
2025-01-20,9,5,122.0
2025-01-21,9,5,121.0
2025-01-22,9,5,138.0
2025-01-23,9,5,129.0
2025-01-24,9,5,110.0
2025-01-25,9,5,114.0
2025-01-26,9,5,121.0
2025-01-27,9,5,117.0
2025-01-28,9,5,127.0
2025-01-29,9,5,135.0
2025-01-30,9,5,127.0
2025-01-31,9,5,108.0
2025-02-01,9,5,136.0
2025-02-02,9,5,113.0
2025-02-03,9,5,121.0
2025-02-04,9,5,132.0
2025-02-05,9,5,136.0
2025-02-06,9,5,135.0
2025-02-07,9,5,114.0
2025-02-08,9,5,129.0
2025-02-09,9,5,109.0
2025-02-10,9,5,125.0
2025-02-11,9,5,144.0
2025-02-12,9,5,257.9455494987079
2025-02-13,9,5,196.1092876325793
2025-02-14,9,5,220.84379237903076
2025-02-15,9,5,213.7767910229018
2025-02-16,9,5,220.84379237903076
2025-02-17,9,5,222.61054271806302
2025-02-18,9,5,243.81154678644995
2025-02-19,9,5,257.9455494987079
2025-02-20,9,5,252.64529848161118
2025-02-21,9,5,116.0
2025-02-22,9,5,127.0
2025-02-23,9,5,128.0
2025-02-24,9,5,141.0
2025-02-25,9,5,134.0
2025-02-26,9,5,148.0
2025-02-27,9,5,123.0
2025-02-28,9,5,127.0
2025-03-01,9,5,122.0
2025-03-02,9,5,128.0
2025-03-03,9,5,142.0
2025-03-04,9,5,134.0
2025-03-05,9,5,156.0
2025-03-06,9,5,121.0
2025-03-07,9,5,118.0
2025-03-08,9,5,135.0
2025-03-09,9,5,130.0
2025-03-10,9,5,152.0
2025-03-11,9,5,152.0
2025-03-12,9,5,147.0
2025-03-13,9,5,138.0
2025-03-14,9,5,128.0
2025-03-15,9,5,131.0
2025-03-16,9,5,125.0
2025-03-17,9,5,141.0
2025-03-18,9,5,141.0
2025-03-19,9,5,150.0
2025-03-20,9,5,156.0
2025-03-21,9,5,139.0
2025-03-22,9,5,125.0
2025-03-23,9,5,134.0
2025-03-24,9,5,142.0
2025-03-25,9,5,149.0
2025-03-26,9,5,153.0
2025-03-27,9,5,152.0
2025-03-28,9,5,145.0
2025-03-29,9,5,130.0
2025-03-30,9,5,120.0
2025-03-31,9,5,141.0
2025-04-01,9,5,147.0
2025-04-02,9,5,155.0
2025-04-03,9,5,134.0
2025-04-04,9,5,140.0
2025-04-05,9,5,132.0
2025-04-06,9,5,124.0
2025-04-07,9,5,123.0
2025-04-08,9,5,156.0
2025-04-09,9,5,142.0
2025-04-10,9,5,132.0
2025-04-11,9,5,131.0
2025-04-12,9,5,141.0
2025-04-13,9,5,134.0
2025-04-14,9,5,144.0
2025-04-15,9,5,148.0
2025-04-16,9,5,153.0
2025-04-17,9,5,143.0
2025-04-18,9,5,132.0
2025-04-19,9,5,125.0
2025-04-20,9,5,130.0
2025-04-21,9,5,161.0
2025-04-22,9,5,153.0
2025-04-23,9,5,143.0
2025-04-24,9,5,133.0
2025-04-25,9,5,135.0
2025-04-26,9,5,116.0
2025-04-27,9,5,140.0
2025-04-28,9,5,118.0
2025-04-29,9,5,145.0
2025-04-30,9,5,134.0
2025-05-01,9,5,148.0
2025-05-02,9,5,129.0
2025-05-03,9,5,136.0
2025-05-04,9,5,113.0
2025-05-05,9,5,149.0
2025-05-06,9,5,150.0
2025-05-07,9,5,149.0
2025-05-08,9,5,136.0
2025-05-09,9,5,132.0
2025-05-10,9,5,135.0
2025-05-11,9,5,123.0
2025-05-12,9,5,137.0
2025-05-13,9,5,143.0
2025-05-14,9,5,149.0
2025-05-15,9,5,130.0
2025-05-16,9,5,145.0
2025-05-17,9,5,135.0
2025-05-18,9,5,114.0
2025-05-19,9,5,120.0
2025-05-20,9,5,157.0
2025-05-21,9,5,147.0
2025-05-22,9,5,125.0
2025-05-23,9,5,128.0
2025-05-24,9,5,124.0
2025-05-25,9,5,133.0
2025-05-26,9,5,144.0
2025-05-27,9,5,144.0
2025-05-28,9,5,143.0
2025-05-29,9,5,135.0
2025-05-30,9,5,142.0
2025-05-31,9,5,121.0
2025-06-01,9,5,131.0
2025-06-02,9,5,125.0
2025-06-03,9,5,131.0
2025-06-04,9,5,145.0
2025-06-05,9,5,134.0
2025-06-06,9,5,117.0
2025-06-07,9,5,120.0
2025-06-08,9,5,146.0
2025-06-09,9,5,132.0
2025-06-10,9,5,137.0
2025-06-11,9,5,139.0
2025-06-12,9,5,146.0
2025-06-13,9,5,125.0
2025-06-14,9,5,123.0
2025-06-15,9,5,129.0
2025-06-16,9,5,141.0
2025-06-17,9,5,132.0
2025-06-18,9,5,131.0
2025-06-19,9,5,128.0
2025-06-20,9,5,130.0
2025-06-21,9,5,125.0
2025-06-22,9,5,122.0
2025-06-23,9,5,137.0
2025-06-24,9,5,142.0
2025-06-25,9,5,132.0
2025-06-26,9,5,119.0
2025-06-27,9,5,119.0
2025-06-28,9,5,121.0
2025-06-29,9,5,123.0
2025-06-30,9,5,111.0
2025-07-01,9,5,114.0
2025-07-02,9,5,141.0
2025-07-03,9,5,136.0
2025-07-04,9,5,124.0
2025-07-05,9,5,122.0
2025-07-06,9,5,118.0
2025-07-07,9,5,113.0
2025-07-08,9,5,129.0
2025-07-09,9,5,133.0
2025-07-10,9,5,123.0
2025-07-11,9,5,114.0
2025-07-12,9,5,112.0
2025-07-13,9,5,107.0
2025-07-14,9,5,104.0
2025-07-15,9,5,131.0
2025-07-16,9,5,142.0
2025-07-17,9,5,107.0
2025-07-18,9,5,118.0
2025-07-19,9,5,102.0
2025-07-20,9,5,118.0
2025-07-21,9,5,123.0
2025-07-22,9,5,137.0
2025-07-23,9,5,122.0
2025-07-24,9,5,124.0
2025-07-25,9,5,136.0
2025-07-26,9,5,111.0
2025-07-27,9,5,117.0
2025-07-28,9,5,130.0
2025-07-29,9,5,119.0
2025-07-30,9,5,111.0
2025-07-31,9,5,108.0
2025-08-01,9,5,103.0
2025-08-02,9,5,104.0
2025-08-03,9,5,113.0
2025-08-04,9,5,125.0
2025-08-05,9,5,115.0
2025-08-06,9,5,144.0
2025-08-07,9,5,131.0
2025-08-08,9,5,107.0
2025-08-09,9,5,126.0
2025-08-10,9,5,112.0
2025-08-11,9,5,115.0
2025-08-12,9,5,115.0
2025-08-13,9,5,115.0
2025-08-14,9,5,127.0
2025-08-15,9,5,111.0
2025-08-16,9,5,108.0
2025-08-17,9,5,96.0
2025-08-18,9,5,118.0
2025-08-19,9,5,122.0
2025-08-20,9,5,114.0
2025-08-21,9,5,106.0
2025-08-22,9,5,109.0
2025-08-23,9,5,109.0
2025-08-24,9,5,114.0
2025-08-25,9,5,115.0
2025-08-26,9,5,114.0
2025-08-27,9,5,122.0
2025-08-28,9,5,120.0
2025-08-29,9,5,101.0
2025-08-30,9,5,98.0
2025-08-31,9,5,104.0
2025-09-01,9,5,114.0
2025-09-02,9,5,109.0
2025-09-03,9,5,117.0
2025-09-04,9,5,117.0
2025-09-05,9,5,111.0
2025-09-06,9,5,103.0
2025-09-07,9,5,106.0
2025-09-08,9,5,113.0
2025-09-09,9,5,112.0
2025-09-10,9,5,133.0
2025-09-11,9,5,112.0
2025-09-12,9,5,100.0
2025-09-13,9,5,89.0
2025-09-14,9,5,99.0
2025-09-15,9,5,105.0
2025-09-16,9,5,116.0
2025-09-17,9,5,123.0
2025-09-18,9,5,125.0
2025-09-19,9,5,113.0
2025-09-20,9,5,84.0
2025-09-21,9,5,111.0
2025-09-22,9,5,115.0
2025-09-23,9,5,134.0
2025-09-24,9,5,115.0
2025-09-25,9,5,107.0
2025-09-26,9,5,114.0
2025-09-27,9,5,107.0
2025-09-28,9,5,97.0
2025-09-29,9,5,109.0
2025-09-30,9,5,123.0
2025-10-01,9,5,124.0
2025-10-02,9,5,115.0
2025-10-03,9,5,108.0
2025-10-04,9,5,95.0
2025-10-05,9,5,102.0
2025-10-06,9,5,100.0
2025-10-07,9,5,120.0
2025-10-08,9,5,110.0
2025-10-09,9,5,107.0
2025-10-10,9,5,135.0
2025-10-11,9,5,86.0
2025-10-12,9,5,113.0
2025-10-13,9,5,115.0
2025-10-14,9,5,123.0
2025-10-15,9,5,114.0
2025-10-16,9,5,124.0
2025-10-17,9,5,93.0
2025-10-18,9,5,99.0
2025-10-19,9,5,106.0
2025-10-20,9,5,128.0
2025-10-21,9,5,127.0
2025-10-22,9,5,120.0
2025-10-23,9,5,116.0
2025-10-24,9,5,115.0
2025-10-25,9,5,95.0
2025-10-26,9,5,117.0
2025-10-27,9,5,114.0
2025-10-28,9,5,116.0
2025-10-29,9,5,114.0
2025-10-30,9,5,99.0
2025-10-31,9,5,127.0
2025-11-01,9,5,91.0
2025-11-02,9,5,113.0
2025-11-03,9,5,121.0
2025-11-04,9,5,121.0
2025-11-05,9,5,126.0
2025-11-06,9,5,119.0
2025-11-07,9,5,116.0
2025-11-08,9,5,105.0
2025-11-09,9,5,108.0
2025-11-10,9,5,118.0
2025-11-11,9,5,133.0
2025-11-12,9,5,39.854551084166175
2025-11-13,9,5,36.31192432112918
2025-11-14,9,5,33.65495424885144
2025-11-15,9,5,115.0
2025-11-16,9,5,106.0
2025-11-17,9,5,111.0
2025-11-18,9,5,118.0
2025-11-19,9,5,134.0
2025-11-20,9,5,136.0
2025-11-21,9,5,119.0
2025-11-22,9,5,115.0
2025-11-23,9,5,111.0
2025-11-24,9,5,126.0
2025-11-25,9,5,133.0
2025-11-26,9,5,138.0
2025-11-27,9,5,109.0
2025-11-28,9,5,124.0
2025-11-29,9,5,121.0
2025-11-30,9,5,123.0
2025-12-01,9,5,125.0
2025-12-02,9,5,150.0
2025-12-03,9,5,145.0
2025-12-04,9,5,144.0
2025-12-05,9,5,127.0
2025-12-06,9,5,118.0
2025-12-07,9,5,126.0
2025-12-08,9,5,124.0
2025-12-09,9,5,145.0
2025-12-10,9,5,136.0
2025-12-11,9,5,130.0
2025-12-12,9,5,115.0
2025-12-13,9,5,130.0
2025-12-14,9,5,141.0
2025-12-15,9,5,144.0
2025-12-16,9,5,148.0
2025-12-17,9,5,151.0
2025-12-18,9,5,145.0
2025-12-19,9,5,128.0
2025-12-20,9,5,121.0
2025-12-21,9,5,118.0
2025-12-22,9,5,151.0
2025-12-23,9,5,142.0
2025-12-24,9,5,147.0
2025-12-25,9,5,131.0
2025-12-26,9,5,126.0
2025-12-27,9,5,119.0
2025-12-28,9,5,127.0
2025-12-29,9,5,143.0
2025-12-30,9,5,150.0
2024-01-01,10,1,100.0
2024-01-02,10,1,104.0
2024-01-03,10,1,106.0
2024-01-04,10,1,111.0
2024-01-05,10,1,102.0
2024-01-06,10,1,92.0
2024-01-07,10,1,84.0
2024-01-08,10,1,106.0
2024-01-09,10,1,110.0
2024-01-10,10,1,121.0
2024-01-11,10,1,118.0
2024-01-12,10,1,101.0
2024-01-13,10,1,100.0
2024-01-14,10,1,94.0
2024-01-15,10,1,105.0
2024-01-16,10,1,119.0
2024-01-17,10,1,114.0
2024-01-18,10,1,112.0
2024-01-19,10,1,100.0
2024-01-20,10,1,92.0
2024-01-21,10,1,99.0
2024-01-22,10,1,101.0
2024-01-23,10,1,115.0
2024-01-24,10,1,131.0
2024-01-25,10,1,105.0
2024-01-26,10,1,108.0
2024-01-27,10,1,95.0
2024-01-28,10,1,101.0
2024-01-29,10,1,121.0
2024-01-30,10,1,123.0
2024-01-31,10,1,131.0
2024-02-01,10,1,120.0
2024-02-02,10,1,106.0
2024-02-03,10,1,98.0
2024-02-04,10,1,107.0
2024-02-05,10,1,110.0
2024-02-06,10,1,120.0
2024-02-07,10,1,130.0
2024-02-08,10,1,123.0
2024-02-09,10,1,99.0
2024-02-10,10,1,102.0
2024-02-11,10,1,98.0
2024-02-12,10,1,120.0
2024-02-13,10,1,118.0
2024-02-14,10,1,143.0
2024-02-15,10,1,122.0
2024-02-16,10,1,107.0
2024-02-17,10,1,102.0
2024-02-18,10,1,110.0
2024-02-19,10,1,124.0
2024-02-20,10,1,129.0
2024-02-21,10,1,125.0
2024-02-22,10,1,119.0
2024-02-23,10,1,115.0
2024-02-24,10,1,112.0
2024-02-25,10,1,115.0
2024-02-26,10,1,122.0
2024-02-27,10,1,138.0
2024-02-28,10,1,147.0
2024-02-29,10,1,135.0
2024-03-01,10,1,121.0
2024-03-02,10,1,103.0
2024-03-03,10,1,116.0
2024-03-04,10,1,125.0
2024-03-05,10,1,138.0
2024-03-06,10,1,144.0
2024-03-07,10,1,131.0
2024-03-08,10,1,116.0
2024-03-09,10,1,103.0
2024-03-10,10,1,110.0
2024-03-11,10,1,125.0
2024-03-12,10,1,137.0
2024-03-13,10,1,140.0
2024-03-14,10,1,136.0
2024-03-15,10,1,123.0
2024-03-16,10,1,109.0
2024-03-17,10,1,108.0
2024-03-18,10,1,127.0
2024-03-19,10,1,149.0
2024-03-20,10,1,141.0
2024-03-21,10,1,129.0
2024-03-22,10,1,122.0
2024-03-23,10,1,114.0
2024-03-24,10,1,117.0
2024-03-25,10,1,133.0
2024-03-26,10,1,139.0
2024-03-27,10,1,147.0
2024-03-28,10,1,133.0
2024-03-29,10,1,128.0
2024-03-30,10,1,118.0
2024-03-31,10,1,119.0
2024-04-01,10,1,130.0
2024-04-02,10,1,150.0
2024-04-03,10,1,146.0
2024-04-04,10,1,127.0
2024-04-05,10,1,120.0
2024-04-06,10,1,109.0
2024-04-07,10,1,126.0
2024-04-08,10,1,132.0
2024-04-09,10,1,149.0
2024-04-10,10,1,135.0
2024-04-11,10,1,138.0
2024-04-12,10,1,111.0
2024-04-13,10,1,101.0
2024-04-14,10,1,111.0
2024-04-15,10,1,134.0
2024-04-16,10,1,131.0
2024-04-17,10,1,139.0
2024-04-18,10,1,138.0
2024-04-19,10,1,123.0
2024-04-20,10,1,123.0
2024-04-21,10,1,113.0
2024-04-22,10,1,121.0
2024-04-23,10,1,129.0
2024-04-24,10,1,136.0
2024-04-25,10,1,124.0
2024-04-26,10,1,107.0
2024-04-27,10,1,120.0
2024-04-28,10,1,112.0
2024-04-29,10,1,138.0
2024-04-30,10,1,129.0
2024-05-01,10,1,135.0
2024-05-02,10,1,124.0
2024-05-03,10,1,112.0
2024-05-04,10,1,113.0
2024-05-05,10,1,114.0
2024-05-06,10,1,127.0
2024-05-07,10,1,141.0
2024-05-08,10,1,142.0
2024-05-09,10,1,121.0
2024-05-10,10,1,111.0
2024-05-11,10,1,107.0
2024-05-12,10,1,130.0
2024-05-13,10,1,124.0
2024-05-14,10,1,132.0
2024-05-15,10,1,138.0
2024-05-16,10,1,122.0
2024-05-17,10,1,114.0
2024-05-18,10,1,110.0
2024-05-19,10,1,107.0
2024-05-20,10,1,114.0
2024-05-21,10,1,129.0
2024-05-22,10,1,130.0
2024-05-23,10,1,116.0
2024-05-24,10,1,107.0
2024-05-25,10,1,94.0
2024-05-26,10,1,98.0
2024-05-27,10,1,109.0
2024-05-28,10,1,133.0
2024-05-29,10,1,138.0
2024-05-30,10,1,112.0
2024-05-31,10,1,117.0
2024-06-01,10,1,93.0
2024-06-02,10,1,107.0
2024-06-03,10,1,115.0
2024-06-04,10,1,128.0
2024-06-05,10,1,121.0
2024-06-06,10,1,108.0
2024-06-07,10,1,101.0
2024-06-08,10,1,100.0
2024-06-09,10,1,111.0
2024-06-10,10,1,105.0
2024-06-11,10,1,122.0
2024-06-12,10,1,120.0
2024-06-13,10,1,116.0
2024-06-14,10,1,92.0
2024-06-15,10,1,104.0
2024-06-16,10,1,97.0
2024-06-17,10,1,114.0
2024-06-18,10,1,118.0
2024-06-19,10,1,123.0
2024-06-20,10,1,120.0
2024-06-21,10,1,101.0
2024-06-22,10,1,93.0
2024-06-23,10,1,90.0
2024-06-24,10,1,103.0
2024-06-25,10,1,111.0
2024-06-26,10,1,115.0
2024-06-27,10,1,118.0
2024-06-28,10,1,108.0
2024-06-29,10,1,82.0
2024-06-30,10,1,94.0
2024-07-01,10,1,101.0
2024-07-02,10,1,122.0
2024-07-03,10,1,117.0
2024-07-04,10,1,108.0
2024-07-05,10,1,91.0
2024-07-06,10,1,78.0
2024-07-07,10,1,94.0
2024-07-08,10,1,102.0
2024-07-09,10,1,114.0
2024-07-10,10,1,110.0
2024-07-11,10,1,105.0
2024-07-12,10,1,97.0
2024-07-13,10,1,90.0
2024-07-14,10,1,80.0
2024-07-15,10,1,94.0
2024-07-16,10,1,101.0
2024-07-17,10,1,112.0
2024-07-18,10,1,108.0
2024-07-19,10,1,88.0
2024-07-20,10,1,77.0
2024-07-21,10,1,82.0
2024-07-22,10,1,108.0
2024-07-23,10,1,113.0
2024-07-24,10,1,113.0
2024-07-25,10,1,102.0
2024-07-26,10,1,87.0
2024-07-27,10,1,73.0
2024-07-28,10,1,75.0
2024-07-29,10,1,89.0
2024-07-30,10,1,98.0
2024-07-31,10,1,103.0
2024-08-01,10,1,97.0
2024-08-02,10,1,85.0
2024-08-03,10,1,73.0
2024-08-04,10,1,82.0
2024-08-05,10,1,89.0
2024-08-06,10,1,103.0
2024-08-07,10,1,100.0
2024-08-08,10,1,100.0
2024-08-09,10,1,79.0
2024-08-10,10,1,83.0
2024-08-11,10,1,75.0
2024-08-12,10,1,87.0
2024-08-13,10,1,103.0
2024-08-14,10,1,106.0
2024-08-15,10,1,99.0
2024-08-16,10,1,91.0
2024-08-17,10,1,76.0
2024-08-18,10,1,74.0
2024-08-19,10,1,83.0
2024-08-20,10,1,96.0
2024-08-21,10,1,108.0
2024-08-22,10,1,84.0
2024-08-23,10,1,74.0
2024-08-24,10,1,69.0
2024-08-25,10,1,68.0
2024-08-26,10,1,82.0
2024-08-27,10,1,106.0
2024-08-28,10,1,97.0
2024-08-29,10,1,92.0
2024-08-30,10,1,67.0
2024-08-31,10,1,62.0
2024-09-01,10,1,77.0
2024-09-02,10,1,93.0
2024-09-03,10,1,96.0
2024-09-04,10,1,95.0
2024-09-05,10,1,92.0
2024-09-06,10,1,61.0
2024-09-07,10,1,69.0
2024-09-08,10,1,64.0
2024-09-09,10,1,86.0
2024-09-10,10,1,80.0
2024-09-11,10,1,92.0
2024-09-12,10,1,88.0
2024-09-13,10,1,70.0
2024-09-14,10,1,65.0
2024-09-15,10,1,75.0
2024-09-16,10,1,81.0
2024-09-17,10,1,87.0
2024-09-18,10,1,101.0
2024-09-19,10,1,89.0
2024-09-20,10,1,76.0
2024-09-21,10,1,61.0
2024-09-22,10,1,54.0
2024-09-23,10,1,75.0
2024-09-24,10,1,86.0
2024-09-25,10,1,91.0
2024-09-26,10,1,82.0
2024-09-27,10,1,75.0
2024-09-28,10,1,71.0
2024-09-29,10,1,75.0
2024-09-30,10,1,85.0
2024-10-01,10,1,87.0
2024-10-02,10,1,95.0
2024-10-03,10,1,96.0
2024-10-04,10,1,65.0
2024-10-05,10,1,74.0
2024-10-06,10,1,63.0
2024-10-07,10,1,82.0
2024-10-08,10,1,95.0
2024-10-09,10,1,96.0
2024-10-10,10,1,100.0
2024-10-11,10,1,73.0
2024-10-12,10,1,57.0
2024-10-13,10,1,72.0
2024-10-14,10,1,80.0
2024-10-15,10,1,96.0
2024-10-16,10,1,101.0
2024-10-17,10,1,88.0
2024-10-18,10,1,78.0
2024-10-19,10,1,68.0
2024-10-20,10,1,81.0
2024-10-21,10,1,80.0
2024-10-22,10,1,90.0
2024-10-23,10,1,102.0
2024-10-24,10,1,84.0
2024-10-25,10,1,79.0
2024-10-26,10,1,67.0
2024-10-27,10,1,71.0
2024-10-28,10,1,97.0
2024-10-29,10,1,102.0
2024-10-30,10,1,104.0
2024-10-31,10,1,93.0
2024-11-01,10,1,74.0
2024-11-02,10,1,71.0
2024-11-03,10,1,76.0
2024-11-04,10,1,86.0
2024-11-05,10,1,97.0
2024-11-06,10,1,97.0
2024-11-07,10,1,93.0
2024-11-08,10,1,76.0
2024-11-09,10,1,76.0
2024-11-10,10,1,63.0
2024-11-11,10,1,94.0
2024-11-12,10,1,91.0
2024-11-13,10,1,95.0
2024-11-14,10,1,96.0
2024-11-15,10,1,84.0
2024-11-16,10,1,86.0
2024-11-17,10,1,78.0
2024-11-18,10,1,88.0
2024-11-19,10,1,102.0
2024-11-20,10,1,113.0
2024-11-21,10,1,110.0
2024-11-22,10,1,82.0
2024-11-23,10,1,79.0
2024-11-24,10,1,79.0
2024-11-25,10,1,90.0
2024-11-26,10,1,114.0
2024-11-27,10,1,101.0
2024-11-28,10,1,85.0
2024-11-29,10,1,88.0
2024-11-30,10,1,85.0
2024-12-01,10,1,83.0
2024-12-02,10,1,96.0
2024-12-03,10,1,110.0
2024-12-04,10,1,109.0
2024-12-05,10,1,104.0
2024-12-06,10,1,92.0
2024-12-07,10,1,69.0
2024-12-08,10,1,85.0
2024-12-09,10,1,87.0
2024-12-10,10,1,108.0
2024-12-11,10,1,108.0
2024-12-12,10,1,110.0
2024-12-13,10,1,93.0
2024-12-14,10,1,86.0
2024-12-15,10,1,86.0
2024-12-16,10,1,105.0
2024-12-17,10,1,101.0
2024-12-18,10,1,109.0
2024-12-19,10,1,114.0
2024-12-20,10,1,91.0
2024-12-21,10,1,74.0
2024-12-22,10,1,98.0
2024-12-23,10,1,108.0
2024-12-24,10,1,118.0
2024-12-25,10,1,117.0
2024-12-26,10,1,119.0
2024-12-27,10,1,104.0
2024-12-28,10,1,98.0
2024-12-29,10,1,97.0
2024-12-30,10,1,105.0
2024-12-31,10,1,114.0
2025-01-01,10,1,112.0
2025-01-02,10,1,115.0
2025-01-03,10,1,103.0
2025-01-04,10,1,90.0
2025-01-05,10,1,99.0
2025-01-06,10,1,106.0
2025-01-07,10,1,124.0
2025-01-08,10,1,118.0
2025-01-09,10,1,109.0
2025-01-10,10,1,101.0
2025-01-11,10,1,100.0
2025-01-12,10,1,92.0
2025-01-13,10,1,116.0
2025-01-14,10,1,113.0
2025-01-15,10,1,124.0
2025-01-16,10,1,110.0
2025-01-17,10,1,90.0
2025-01-18,10,1,100.0
2025-01-19,10,1,100.0
2025-01-20,10,1,105.0
2025-01-21,10,1,122.0
2025-01-22,10,1,131.0
2025-01-23,10,1,119.0
2025-01-24,10,1,107.0
2025-01-25,10,1,98.0
2025-01-26,10,1,100.0
2025-01-27,10,1,112.0
2025-01-28,10,1,124.0
2025-01-29,10,1,127.0
2025-01-30,10,1,117.0
2025-01-31,10,1,109.0
2025-02-01,10,1,99.0
2025-02-02,10,1,100.0
2025-02-03,10,1,123.0
2025-02-04,10,1,137.0
2025-02-05,10,1,133.0
2025-02-06,10,1,126.0
2025-02-07,10,1,109.0
2025-02-08,10,1,112.0
2025-02-09,10,1,119.0
2025-02-10,10,1,120.0
2025-02-11,10,1,129.0
2025-02-12,10,1,138.0
2025-02-13,10,1,129.0
2025-02-14,10,1,113.0
2025-02-15,10,1,111.0
2025-02-16,10,1,116.0
2025-02-17,10,1,118.0
2025-02-18,10,1,149.0
2025-02-19,10,1,129.0
2025-02-20,10,1,125.0
2025-02-21,10,1,119.0
2025-02-22,10,1,123.0
2025-02-23,10,1,110.0
2025-02-24,10,1,118.0
2025-02-25,10,1,140.0
2025-02-26,10,1,138.0
2025-02-27,10,1,136.0
2025-02-28,10,1,119.0
2025-03-01,10,1,106.0
2025-03-02,10,1,128.0
2025-03-03,10,1,109.0
2025-03-04,10,1,149.0
2025-03-05,10,1,146.0
2025-03-06,10,1,129.0
2025-03-07,10,1,131.0
2025-03-08,10,1,105.0
2025-03-09,10,1,122.0
2025-03-10,10,1,115.0
2025-03-11,10,1,133.0
2025-03-12,10,1,136.0
2025-03-13,10,1,130.0
2025-03-14,10,1,122.0
2025-03-15,10,1,109.0
2025-03-16,10,1,105.0
2025-03-17,10,1,131.0
2025-03-18,10,1,140.0
2025-03-19,10,1,146.0
2025-03-20,10,1,136.0
2025-03-21,10,1,128.0
2025-03-22,10,1,114.0
2025-03-23,10,1,123.0
2025-03-24,10,1,125.0
2025-03-25,10,1,137.0
2025-03-26,10,1,152.0
2025-03-27,10,1,144.0
2025-03-28,10,1,126.0
2025-03-29,10,1,110.0
2025-03-30,10,1,112.0
2025-03-31,10,1,137.0
2025-04-01,10,1,148.0
2025-04-02,10,1,144.0
2025-04-03,10,1,150.0
2025-04-04,10,1,126.0
2025-04-05,10,1,109.0
2025-04-06,10,1,116.0
2025-04-07,10,1,129.0
2025-04-08,10,1,141.0
2025-04-09,10,1,151.0
2025-04-10,10,1,130.0
2025-04-11,10,1,115.0
2025-04-12,10,1,118.0
2025-04-13,10,1,115.0
2025-04-14,10,1,143.0
2025-04-15,10,1,146.0
2025-04-16,10,1,140.0
2025-04-17,10,1,142.0
2025-04-18,10,1,127.0
2025-04-19,10,1,118.0
2025-04-20,10,1,116.0
2025-04-21,10,1,131.0
2025-04-22,10,1,128.0
2025-04-23,10,1,150.0
2025-04-24,10,1,114.0
2025-04-25,10,1,119.0
2025-04-26,10,1,104.0
2025-04-27,10,1,113.0
2025-04-28,10,1,127.0
2025-04-29,10,1,132.0
2025-04-30,10,1,125.0
2025-05-01,10,1,134.0
2025-05-02,10,1,132.0
2025-05-03,10,1,110.0
2025-05-04,10,1,120.0
2025-05-05,10,1,135.0
2025-05-06,10,1,126.0
2025-05-07,10,1,137.0
2025-05-08,10,1,124.0
2025-05-09,10,1,114.0
2025-05-10,10,1,120.0
2025-05-11,10,1,114.0
2025-05-12,10,1,129.0
2025-05-13,10,1,135.0
2025-05-14,10,1,131.0
2025-05-15,10,1,134.0
2025-05-16,10,1,124.0
2025-05-17,10,1,111.0
2025-05-18,10,1,114.0
2025-05-19,10,1,115.0
2025-05-20,10,1,138.0
2025-05-21,10,1,144.0
2025-05-22,10,1,130.0
2025-05-23,10,1,105.0
2025-05-24,10,1,116.0
2025-05-25,10,1,104.0
2025-05-26,10,1,123.0
2025-05-27,10,1,137.0
2025-05-28,10,1,140.0
2025-05-29,10,1,115.0
2025-05-30,10,1,113.0
2025-05-31,10,1,105.0
2025-06-01,10,1,115.0
2025-06-02,10,1,121.0
2025-06-03,10,1,138.0
2025-06-04,10,1,135.0
2025-06-05,10,1,123.0
2025-06-06,10,1,111.0
2025-06-07,10,1,111.0
2025-06-08,10,1,97.0
2025-06-09,10,1,121.0
2025-06-10,10,1,123.0
2025-06-11,10,1,124.0
2025-06-12,10,1,127.0
2025-06-13,10,1,103.0
2025-06-14,10,1,102.0
2025-06-15,10,1,99.0
2025-06-16,10,1,99.0
2025-06-17,10,1,127.0
2025-06-18,10,1,127.0
2025-06-19,10,1,107.0
2025-06-20,10,1,101.0
2025-06-21,10,1,86.0
2025-06-22,10,1,103.0
2025-06-23,10,1,118.0
2025-06-24,10,1,126.0
2025-06-25,10,1,130.0
2025-06-26,10,1,113.0
2025-06-27,10,1,106.0
2025-06-28,10,1,94.0
2025-06-29,10,1,98.0
2025-06-30,10,1,113.0
2025-07-01,10,1,126.0
2025-07-02,10,1,119.0
2025-07-03,10,1,105.0
2025-07-04,10,1,99.0
2025-07-05,10,1,90.0
2025-07-06,10,1,95.0
2025-07-07,10,1,110.0
2025-07-08,10,1,105.0
2025-07-09,10,1,115.0
2025-07-10,10,1,105.0
2025-07-11,10,1,104.0
2025-07-12,10,1,87.0
2025-07-13,10,1,88.0
2025-07-14,10,1,32.83142255269689
2025-07-15,10,1,34.39482362663484
2025-07-16,10,1,36.270904915360376
2025-07-17,10,1,118.0
2025-07-18,10,1,105.0
2025-07-19,10,1,83.0
2025-07-20,10,1,87.0
2025-07-21,10,1,96.0
2025-07-22,10,1,100.0
2025-07-23,10,1,119.0
2025-07-24,10,1,119.0
2025-07-25,10,1,89.0
2025-07-26,10,1,79.0
2025-07-27,10,1,84.0
2025-07-28,10,1,97.0
2025-07-29,10,1,102.0
2025-07-30,10,1,108.0
2025-07-31,10,1,108.0
2025-08-01,10,1,90.0
2025-08-02,10,1,88.0
2025-08-03,10,1,86.0
2025-08-04,10,1,88.0
2025-08-05,10,1,102.0
2025-08-06,10,1,110.0
2025-08-07,10,1,94.0
2025-08-08,10,1,80.0
2025-08-09,10,1,72.0
2025-08-10,10,1,84.0
2025-08-11,10,1,90.0
2025-08-12,10,1,111.0
2025-08-13,10,1,101.0
2025-08-14,10,1,84.0
2025-08-15,10,1,84.0
2025-08-16,10,1,86.0
2025-08-17,10,1,79.0
2025-08-18,10,1,82.0
2025-08-19,10,1,92.0
2025-08-20,10,1,111.0
2025-08-21,10,1,91.0
2025-08-22,10,1,92.0
2025-08-23,10,1,79.0
2025-08-24,10,1,73.0
2025-08-25,10,1,95.0
2025-08-26,10,1,95.0
2025-08-27,10,1,94.0
2025-08-28,10,1,89.0
2025-08-29,10,1,86.0
2025-08-30,10,1,80.0
2025-08-31,10,1,74.0
2025-09-01,10,1,76.0
2025-09-02,10,1,90.0
2025-09-03,10,1,95.0
2025-09-04,10,1,86.0
2025-09-05,10,1,82.0
2025-09-06,10,1,83.0
2025-09-07,10,1,79.0
2025-09-08,10,1,80.0
2025-09-09,10,1,93.0
2025-09-10,10,1,97.0
2025-09-11,10,1,94.0
2025-09-12,10,1,88.0
2025-09-13,10,1,68.0
2025-09-14,10,1,83.0
2025-09-15,10,1,97.0
2025-09-16,10,1,95.0
2025-09-17,10,1,97.0
2025-09-18,10,1,89.0
2025-09-19,10,1,79.0
2025-09-20,10,1,68.0
2025-09-21,10,1,78.0
2025-09-22,10,1,76.0
2025-09-23,10,1,93.0
2025-09-24,10,1,101.0
2025-09-25,10,1,96.0
2025-09-26,10,1,91.0
2025-09-27,10,1,63.0
2025-09-28,10,1,69.0
2025-09-29,10,1,71.0
2025-09-30,10,1,90.0
2025-10-01,10,1,89.0
2025-10-02,10,1,88.0
2025-10-03,10,1,77.0
2025-10-04,10,1,73.0
2025-10-05,10,1,71.0
2025-10-06,10,1,87.0
2025-10-07,10,1,97.0
2025-10-08,10,1,93.0
2025-10-09,10,1,82.0
2025-10-10,10,1,82.0
2025-10-11,10,1,80.0
2025-10-12,10,1,88.0
2025-10-13,10,1,91.0
2025-10-14,10,1,105.0
2025-10-15,10,1,103.0
2025-10-16,10,1,94.0
2025-10-17,10,1,80.0
2025-10-18,10,1,71.0
2025-10-19,10,1,78.0
2025-10-20,10,1,83.0
2025-10-21,10,1,97.0
2025-10-22,10,1,94.0
2025-10-23,10,1,96.0
2025-10-24,10,1,75.0
2025-10-25,10,1,73.0
2025-10-26,10,1,138.90403002808554
2025-10-27,10,1,162.05470169943314
2025-10-28,10,1,183.42455247298477
2025-10-29,10,1,179.86291067739282
2025-10-30,10,1,97.0
2025-10-31,10,1,79.0
2025-11-01,10,1,62.0
2025-11-02,10,1,80.0
2025-11-03,10,1,90.0
2025-11-04,10,1,106.0
2025-11-05,10,1,103.0
2025-11-06,10,1,87.0
2025-11-07,10,1,83.0
2025-11-08,10,1,81.0
2025-11-09,10,1,81.0
2025-11-10,10,1,90.0
2025-11-11,10,1,93.0
2025-11-12,10,1,99.0
2025-11-13,10,1,100.0
2025-11-14,10,1,76.0
2025-11-15,10,1,76.0
2025-11-16,10,1,81.0
2025-11-17,10,1,99.0
2025-11-18,10,1,108.0
2025-11-19,10,1,113.0
2025-11-20,10,1,102.0
2025-11-21,10,1,82.0
2025-11-22,10,1,76.0
2025-11-23,10,1,77.0
2025-11-24,10,1,98.0
2025-11-25,10,1,103.0
2025-11-26,10,1,108.0
2025-11-27,10,1,102.0
2025-11-28,10,1,99.0
2025-11-29,10,1,86.0
2025-11-30,10,1,81.0
2025-12-01,10,1,98.0
2025-12-02,10,1,119.0
2025-12-03,10,1,116.0
2025-12-04,10,1,95.0
2025-12-05,10,1,87.0
2025-12-06,10,1,79.0
2025-12-07,10,1,96.0
2025-12-08,10,1,107.0
2025-12-09,10,1,108.0
2025-12-10,10,1,111.0
2025-12-11,10,1,108.0
2025-12-12,10,1,95.0
2025-12-13,10,1,82.0
2025-12-14,10,1,89.0
2025-12-15,10,1,94.0
2025-12-16,10,1,122.0
2025-12-17,10,1,108.0
2025-12-18,10,1,100.0
2025-12-19,10,1,100.0
2025-12-20,10,1,83.0
2025-12-21,10,1,91.0
2025-12-22,10,1,106.0
2025-12-23,10,1,121.0
2025-12-24,10,1,119.0
2025-12-25,10,1,123.0
2025-12-26,10,1,101.0
2025-12-27,10,1,100.0
2025-12-28,10,1,98.0
2025-12-29,10,1,121.0
2025-12-30,10,1,126.0
2024-01-01,10,2,143.0
2024-01-02,10,2,127.0
2024-01-03,10,2,133.0
2024-01-04,10,2,133.0
2024-01-05,10,2,127.0
2024-01-06,10,2,127.0
2024-01-07,10,2,123.0
2024-01-08,10,2,135.0
2024-01-09,10,2,146.0
2024-01-10,10,2,149.0
2024-01-11,10,2,135.0
2024-01-12,10,2,135.0
2024-01-13,10,2,120.0
2024-01-14,10,2,124.0
2024-01-15,10,2,128.0
2024-01-16,10,2,142.0
2024-01-17,10,2,138.0
2024-01-18,10,2,130.0
2024-01-19,10,2,132.0
2024-01-20,10,2,119.0
2024-01-21,10,2,142.0
2024-01-22,10,2,135.0
2024-01-23,10,2,152.0
2024-01-24,10,2,144.0
2024-01-25,10,2,135.0
2024-01-26,10,2,146.0
2024-01-27,10,2,135.0
2024-01-28,10,2,149.0
2024-01-29,10,2,139.0
2024-01-30,10,2,145.0
2024-01-31,10,2,157.0
2024-02-01,10,2,154.0
2024-02-02,10,2,142.0
2024-02-03,10,2,160.0
2024-02-04,10,2,137.0
2024-02-05,10,2,136.0
2024-02-06,10,2,144.0
2024-02-07,10,2,151.0
2024-02-08,10,2,160.0
2024-02-09,10,2,142.0
2024-02-10,10,2,150.0
2024-02-11,10,2,145.0
2024-02-12,10,2,155.0
2024-02-13,10,2,157.0
2024-02-14,10,2,158.0
2024-02-15,10,2,157.0
2024-02-16,10,2,142.0
2024-02-17,10,2,138.0
2024-02-18,10,2,146.0
2024-02-19,10,2,164.0
2024-02-20,10,2,146.0
2024-02-21,10,2,144.0
2024-02-22,10,2,153.0
2024-02-23,10,2,155.0
2024-02-24,10,2,145.0
2024-02-25,10,2,138.0
2024-02-26,10,2,153.0
2024-02-27,10,2,147.0
2024-02-28,10,2,165.0
2024-02-29,10,2,154.0
2024-03-01,10,2,150.0
2024-03-02,10,2,149.0
2024-03-03,10,2,150.0
2024-03-04,10,2,151.0
2024-03-05,10,2,167.0
2024-03-06,10,2,168.0
2024-03-07,10,2,146.0
2024-03-08,10,2,150.0
2024-03-09,10,2,141.0
2024-03-10,10,2,141.0
2024-03-11,10,2,159.0
2024-03-12,10,2,159.0
2024-03-13,10,2,162.0
2024-03-14,10,2,155.0
2024-03-15,10,2,156.0
2024-03-16,10,2,154.0
2024-03-17,10,2,166.0
2024-03-18,10,2,156.0
2024-03-19,10,2,153.0
2024-03-20,10,2,161.0
2024-03-21,10,2,166.0
2024-03-22,10,2,149.0
2024-03-23,10,2,140.0
2024-03-24,10,2,147.0
2024-03-25,10,2,154.0
2024-03-26,10,2,156.0
2024-03-27,10,2,167.0
2024-03-28,10,2,161.0
2024-03-29,10,2,160.0
2024-03-30,10,2,148.0
2024-03-31,10,2,156.0
2024-04-01,10,2,155.0
2024-04-02,10,2,156.0
2024-04-03,10,2,162.0
2024-04-04,10,2,150.0
2024-04-05,10,2,167.0
2024-04-06,10,2,152.0
2024-04-07,10,2,147.0
2024-04-08,10,2,155.0
2024-04-09,10,2,147.0
2024-04-10,10,2,175.0
2024-04-11,10,2,170.0
2024-04-12,10,2,155.0
2024-04-13,10,2,153.0
2024-04-14,10,2,143.0
2024-04-15,10,2,149.0
2024-04-16,10,2,152.0
2024-04-17,10,2,164.0
2024-04-18,10,2,168.0
2024-04-19,10,2,151.0
2024-04-20,10,2,152.0
2024-04-21,10,2,158.0
2024-04-22,10,2,146.0
2024-04-23,10,2,175.0
2024-04-24,10,2,172.0
2024-04-25,10,2,163.0
2024-04-26,10,2,159.0
2024-04-27,10,2,155.0
2024-04-28,10,2,152.0
2024-04-29,10,2,165.0
2024-04-30,10,2,158.0
2024-05-01,10,2,166.0
2024-05-02,10,2,167.0
2024-05-03,10,2,133.0
2024-05-04,10,2,150.0
2024-05-05,10,2,153.0
2024-05-06,10,2,142.0
2024-05-07,10,2,162.0
2024-05-08,10,2,155.0
2024-05-09,10,2,159.0
2024-05-10,10,2,149.0
2024-05-11,10,2,139.0
2024-05-12,10,2,154.0
2024-05-13,10,2,149.0
2024-05-14,10,2,160.0
2024-05-15,10,2,168.0
2024-05-16,10,2,148.0
2024-05-17,10,2,148.0
2024-05-18,10,2,140.0
2024-05-19,10,2,143.0
2024-05-20,10,2,165.0
2024-05-21,10,2,159.0
2024-05-22,10,2,159.0
2024-05-23,10,2,156.0
2024-05-24,10,2,148.0
2024-05-25,10,2,128.0
2024-05-26,10,2,158.0
2024-05-27,10,2,138.0
2024-05-28,10,2,165.0
2024-05-29,10,2,158.0
2024-05-30,10,2,151.0
2024-05-31,10,2,141.0
2024-06-01,10,2,156.0
2024-06-02,10,2,144.0
2024-06-03,10,2,145.0
2024-06-04,10,2,147.0
2024-06-05,10,2,147.0
2024-06-06,10,2,147.0
2024-06-07,10,2,134.0
2024-06-08,10,2,140.0
2024-06-09,10,2,132.0
2024-06-10,10,2,149.0
2024-06-11,10,2,154.0
2024-06-12,10,2,148.0
2024-06-13,10,2,148.0
2024-06-14,10,2,141.0
2024-06-15,10,2,123.0
2024-06-16,10,2,145.0
2024-06-17,10,2,137.0
2024-06-18,10,2,149.0
2024-06-19,10,2,150.0
2024-06-20,10,2,124.0
2024-06-21,10,2,130.0
2024-06-22,10,2,135.0
2024-06-23,10,2,131.0
2024-06-24,10,2,141.0
2024-06-25,10,2,142.0
2024-06-26,10,2,151.0
2024-06-27,10,2,139.0
2024-06-28,10,2,141.0
2024-06-29,10,2,120.0
2024-06-30,10,2,127.0
2024-07-01,10,2,129.0
2024-07-02,10,2,141.0
2024-07-03,10,2,137.0
2024-07-04,10,2,133.0
2024-07-05,10,2,123.0
2024-07-06,10,2,120.0
2024-07-07,10,2,124.0
2024-07-08,10,2,116.0
2024-07-09,10,2,119.0
2024-07-10,10,2,136.0
2024-07-11,10,2,113.0
2024-07-12,10,2,123.0
2024-07-13,10,2,118.0
2024-07-14,10,2,125.0
2024-07-15,10,2,122.0
2024-07-16,10,2,143.0
2024-07-17,10,2,139.0
2024-07-18,10,2,118.0
2024-07-19,10,2,120.0
2024-07-20,10,2,128.0
2024-07-21,10,2,113.0
2024-07-22,10,2,123.0
2024-07-23,10,2,139.0
2024-07-24,10,2,126.0
2024-07-25,10,2,133.0
2024-07-26,10,2,112.0
2024-07-27,10,2,94.0
2024-07-28,10,2,124.0
2024-07-29,10,2,124.0
2024-07-30,10,2,130.0
2024-07-31,10,2,120.0
2024-08-01,10,2,116.0
2024-08-02,10,2,124.0
2024-08-03,10,2,113.0
2024-08-04,10,2,112.0
2024-08-05,10,2,119.0
2024-08-06,10,2,134.0
2024-08-07,10,2,129.0
2024-08-08,10,2,117.0
2024-08-09,10,2,104.0
2024-08-10,10,2,113.0
2024-08-11,10,2,104.0
2024-08-12,10,2,107.0
2024-08-13,10,2,130.0
2024-08-14,10,2,128.0
2024-08-15,10,2,120.0
2024-08-16,10,2,102.0
2024-08-17,10,2,119.0
2024-08-18,10,2,115.0
2024-08-19,10,2,111.0
2024-08-20,10,2,115.0
2024-08-21,10,2,121.0
2024-08-22,10,2,112.0
2024-08-23,10,2,124.0
2024-08-24,10,2,102.0
2024-08-25,10,2,98.0
2024-08-26,10,2,122.0
2024-08-27,10,2,113.0
2024-08-28,10,2,124.0
2024-08-29,10,2,119.0
2024-08-30,10,2,107.0
2024-08-31,10,2,96.0
2024-09-01,10,2,104.0
2024-09-02,10,2,102.0
2024-09-03,10,2,115.0
2024-09-04,10,2,122.0
2024-09-05,10,2,124.0
2024-09-06,10,2,98.0
2024-09-07,10,2,100.0
2024-09-08,10,2,99.0
2024-09-09,10,2,110.0
2024-09-10,10,2,104.0
2024-09-11,10,2,109.0
2024-09-12,10,2,100.0
2024-09-13,10,2,95.0
2024-09-14,10,2,96.0
2024-09-15,10,2,113.0
2024-09-16,10,2,110.0
2024-09-17,10,2,114.0
2024-09-18,10,2,124.0
2024-09-19,10,2,113.0
2024-09-20,10,2,107.0
2024-09-21,10,2,97.0
2024-09-22,10,2,97.0
2024-09-23,10,2,98.0
2024-09-24,10,2,109.0
2024-09-25,10,2,112.0
2024-09-26,10,2,113.0
2024-09-27,10,2,104.0
2024-09-28,10,2,97.0
2024-09-29,10,2,95.0
2024-09-30,10,2,110.0
2024-10-01,10,2,110.0
2024-10-02,10,2,117.0
2024-10-03,10,2,97.0
2024-10-04,10,2,106.0
2024-10-05,10,2,105.0
2024-10-06,10,2,106.0
2024-10-07,10,2,106.0
2024-10-08,10,2,120.0
2024-10-09,10,2,106.0
2024-10-10,10,2,110.0
2024-10-11,10,2,103.0
2024-10-12,10,2,108.0
2024-10-13,10,2,88.0
2024-10-14,10,2,101.0
2024-10-15,10,2,126.0
2024-10-16,10,2,99.0
2024-10-17,10,2,117.0
2024-10-18,10,2,101.0
2024-10-19,10,2,103.0
2024-10-20,10,2,113.0
2024-10-21,10,2,111.0
2024-10-22,10,2,125.0
2024-10-23,10,2,113.0
2024-10-24,10,2,111.0
2024-10-25,10,2,112.0
2024-10-26,10,2,100.0
2024-10-27,10,2,109.0
2024-10-28,10,2,119.0
2024-10-29,10,2,123.0
2024-10-30,10,2,108.0
2024-10-31,10,2,112.0
2024-11-01,10,2,110.0
2024-11-02,10,2,103.0
2024-11-03,10,2,107.0
2024-11-04,10,2,114.0
2024-11-05,10,2,115.0
2024-11-06,10,2,119.0
2024-11-07,10,2,108.0
2024-11-08,10,2,107.0
2024-11-09,10,2,96.0
2024-11-10,10,2,109.0
2024-11-11,10,2,113.0
2024-11-12,10,2,114.0
2024-11-13,10,2,135.0
2024-11-14,10,2,117.0
2024-11-15,10,2,115.0
2024-11-16,10,2,105.0
2024-11-17,10,2,108.0
2024-11-18,10,2,119.0
2024-11-19,10,2,121.0
2024-11-20,10,2,125.0
2024-11-21,10,2,127.0
2024-11-22,10,2,112.0
2024-11-23,10,2,102.0
2024-11-24,10,2,103.0
2024-11-25,10,2,130.0
2024-11-26,10,2,132.0
2024-11-27,10,2,132.0
2024-11-28,10,2,121.0
2024-11-29,10,2,109.0
2024-11-30,10,2,113.0
2024-12-01,10,2,116.0
2024-12-02,10,2,115.0
2024-12-03,10,2,119.0
2024-12-04,10,2,119.0
2024-12-05,10,2,132.0
2024-12-06,10,2,113.0
2024-12-07,10,2,120.0
2024-12-08,10,2,117.0
2024-12-09,10,2,130.0
2024-12-10,10,2,134.0
2024-12-11,10,2,132.0
2024-12-12,10,2,131.0
2024-12-13,10,2,124.0
2024-12-14,10,2,117.0
2024-12-15,10,2,129.0
2024-12-16,10,2,126.0
2024-12-17,10,2,135.0
2024-12-18,10,2,128.0
2024-12-19,10,2,136.0
2024-12-20,10,2,124.0
2024-12-21,10,2,121.0
2024-12-22,10,2,120.0
2024-12-23,10,2,132.0
2024-12-24,10,2,125.0
2024-12-25,10,2,145.0
2024-12-26,10,2,137.0
2024-12-27,10,2,128.0
2024-12-28,10,2,117.0
2024-12-29,10,2,132.0
2024-12-30,10,2,132.0
2024-12-31,10,2,151.0
2025-01-01,10,2,147.0
2025-01-02,10,2,151.0
2025-01-03,10,2,136.0
2025-01-04,10,2,138.0
2025-01-05,10,2,136.0
2025-01-06,10,2,136.0
2025-01-07,10,2,147.0
2025-01-08,10,2,142.0
2025-01-09,10,2,158.0
2025-01-10,10,2,137.0
2025-01-11,10,2,135.0
2025-01-12,10,2,139.0
2025-01-13,10,2,135.0
2025-01-14,10,2,158.0
2025-01-15,10,2,144.0
2025-01-16,10,2,139.0
2025-01-17,10,2,140.0
2025-01-18,10,2,129.0
2025-01-19,10,2,150.0
2025-01-20,10,2,144.0
2025-01-21,10,2,130.0
2025-01-22,10,2,156.0
2025-01-23,10,2,154.0
2025-01-24,10,2,142.0
2025-01-25,10,2,132.0
2025-01-26,10,2,142.0
2025-01-27,10,2,146.0
2025-01-28,10,2,149.0
2025-01-29,10,2,150.0
2025-01-30,10,2,155.0
2025-01-31,10,2,154.0
2025-02-01,10,2,147.0
2025-02-02,10,2,134.0
2025-02-03,10,2,156.0
2025-02-04,10,2,164.0
2025-02-05,10,2,170.0
2025-02-06,10,2,150.0
2025-02-07,10,2,150.0
2025-02-08,10,2,151.0
2025-02-09,10,2,145.0
2025-02-10,10,2,159.0
2025-02-11,10,2,161.0
2025-02-12,10,2,157.0
2025-02-13,10,2,154.0
2025-02-14,10,2,162.0
2025-02-15,10,2,143.0
2025-02-16,10,2,143.0
2025-02-17,10,2,160.0
2025-02-18,10,2,163.0
2025-02-19,10,2,156.0
2025-02-20,10,2,158.0
2025-02-21,10,2,150.0
2025-02-22,10,2,147.0
2025-02-23,10,2,171.0
2025-02-24,10,2,158.0
2025-02-25,10,2,160.0
2025-02-26,10,2,181.0
2025-02-27,10,2,170.0
2025-02-28,10,2,163.0
2025-03-01,10,2,148.0
2025-03-02,10,2,164.0
2025-03-03,10,2,167.0
2025-03-04,10,2,169.0
2025-03-05,10,2,158.0
2025-03-06,10,2,165.0
2025-03-07,10,2,171.0
2025-03-08,10,2,157.0
2025-03-09,10,2,155.0
2025-03-10,10,2,162.0
2025-03-11,10,2,168.0
2025-03-12,10,2,165.0
2025-03-13,10,2,167.0
2025-03-14,10,2,171.0
2025-03-15,10,2,166.0
2025-03-16,10,2,153.0
2025-03-17,10,2,173.0
2025-03-18,10,2,176.0
2025-03-19,10,2,176.0
2025-03-20,10,2,171.0
2025-03-21,10,2,155.0
2025-03-22,10,2,155.0
2025-03-23,10,2,165.0
2025-03-24,10,2,157.0
2025-03-25,10,2,164.0
2025-03-26,10,2,175.0
2025-03-27,10,2,163.0
2025-03-28,10,2,168.0
2025-03-29,10,2,153.0
2025-03-30,10,2,161.0
2025-03-31,10,2,168.0
2025-04-01,10,2,168.0
2025-04-02,10,2,171.0
2025-04-03,10,2,164.0
2025-04-04,10,2,162.0
2025-04-05,10,2,152.0
2025-04-06,10,2,158.0
2025-04-07,10,2,171.0
2025-04-08,10,2,164.0
2025-04-09,10,2,169.0
2025-04-10,10,2,172.0
2025-04-11,10,2,148.0
2025-04-12,10,2,171.0
2025-04-13,10,2,167.0
2025-04-14,10,2,270.8930271207418
2025-04-15,10,2,274.388421019074
2025-04-16,10,2,302.3515722057312
2025-04-17,10,2,281.3792088157383
2025-04-18,10,2,293.61308745990084
2025-04-19,10,2,279.6315118665722
2025-04-20,10,2,160.0
2025-04-21,10,2,161.0
2025-04-22,10,2,181.0
2025-04-23,10,2,177.0
2025-04-24,10,2,171.0
2025-04-25,10,2,169.0
2025-04-26,10,2,149.0
2025-04-27,10,2,166.0
2025-04-28,10,2,162.0
2025-04-29,10,2,171.0
2025-04-30,10,2,169.0
2025-05-01,10,2,153.0
2025-05-02,10,2,166.0
2025-05-03,10,2,142.0
2025-05-04,10,2,150.0
2025-05-05,10,2,159.0
2025-05-06,10,2,154.0
2025-05-07,10,2,161.0
2025-05-08,10,2,166.0
2025-05-09,10,2,155.0
2025-05-10,10,2,151.0
2025-05-11,10,2,148.0
2025-05-12,10,2,160.0
2025-05-13,10,2,163.0
2025-05-14,10,2,155.0
2025-05-15,10,2,161.0
2025-05-16,10,2,147.0
2025-05-17,10,2,157.0
2025-05-18,10,2,150.0
2025-05-19,10,2,175.0
2025-05-20,10,2,170.0
2025-05-21,10,2,164.0
2025-05-22,10,2,164.0
2025-05-23,10,2,139.0
2025-05-24,10,2,155.0
2025-05-25,10,2,144.0
2025-05-26,10,2,156.0
2025-05-27,10,2,156.0
2025-05-28,10,2,158.0
2025-05-29,10,2,156.0
2025-05-30,10,2,151.0
2025-05-31,10,2,146.0
2025-06-01,10,2,147.0
2025-06-02,10,2,142.0
2025-06-03,10,2,174.0
2025-06-04,10,2,161.0
2025-06-05,10,2,158.0
2025-06-06,10,2,146.0
2025-06-07,10,2,138.0
2025-06-08,10,2,146.0
2025-06-09,10,2,152.0
2025-06-10,10,2,164.0
2025-06-11,10,2,171.0
2025-06-12,10,2,162.0
2025-06-13,10,2,133.0
2025-06-14,10,2,137.0
2025-06-15,10,2,144.0
2025-06-16,10,2,144.0
2025-06-17,10,2,152.0
2025-06-18,10,2,139.0
2025-06-19,10,2,155.0
2025-06-20,10,2,129.0
2025-06-21,10,2,127.0
2025-06-22,10,2,132.0
2025-06-23,10,2,143.0
2025-06-24,10,2,138.0
2025-06-25,10,2,143.0
2025-06-26,10,2,154.0
2025-06-27,10,2,138.0
2025-06-28,10,2,137.0
2025-06-29,10,2,127.0
2025-06-30,10,2,140.0
2025-07-01,10,2,145.0
2025-07-02,10,2,142.0
2025-07-03,10,2,142.0
2025-07-04,10,2,123.0
2025-07-05,10,2,134.0
2025-07-06,10,2,130.0
2025-07-07,10,2,136.0
2025-07-08,10,2,149.0
2025-07-09,10,2,147.0
2025-07-10,10,2,137.0
2025-07-11,10,2,125.0
2025-07-12,10,2,137.0
2025-07-13,10,2,120.0
2025-07-14,10,2,139.0
2025-07-15,10,2,129.0
2025-07-16,10,2,147.0
2025-07-17,10,2,143.0
2025-07-18,10,2,116.0
2025-07-19,10,2,128.0
2025-07-20,10,2,129.0
2025-07-21,10,2,136.0
2025-07-22,10,2,139.0
2025-07-23,10,2,131.0
2025-07-24,10,2,132.0
2025-07-25,10,2,138.0
2025-07-26,10,2,115.0
2025-07-27,10,2,125.0
2025-07-28,10,2,136.0
2025-07-29,10,2,127.0
2025-07-30,10,2,125.0
2025-07-31,10,2,122.0
2025-08-01,10,2,126.0
2025-08-02,10,2,111.0
2025-08-03,10,2,119.0
2025-08-04,10,2,135.0
2025-08-05,10,2,131.0
2025-08-06,10,2,127.0
2025-08-07,10,2,129.0
2025-08-08,10,2,121.0
2025-08-09,10,2,120.0
2025-08-10,10,2,129.0
2025-08-11,10,2,126.0
2025-08-12,10,2,143.0
2025-08-13,10,2,133.0
2025-08-14,10,2,120.0
2025-08-15,10,2,134.0
2025-08-16,10,2,114.0
2025-08-17,10,2,108.0
2025-08-18,10,2,137.0
2025-08-19,10,2,122.0
2025-08-20,10,2,123.0
2025-08-21,10,2,120.0
2025-08-22,10,2,118.0
2025-08-23,10,2,119.0
2025-08-24,10,2,95.0
2025-08-25,10,2,126.0
2025-08-26,10,2,211.32293783456925
2025-08-27,10,2,214.8158789558018
2025-08-28,10,2,232.28058456196453
2025-08-29,10,2,202.59058503148788
2025-08-30,10,2,199.09764391025533
2025-08-31,10,2,195.60470278902278
2025-09-01,10,2,123.0
2025-09-02,10,2,134.0
2025-09-03,10,2,107.0
2025-09-04,10,2,128.0
2025-09-05,10,2,124.0
2025-09-06,10,2,113.0
2025-09-07,10,2,106.0
2025-09-08,10,2,108.0
2025-09-09,10,2,138.0
2025-09-10,10,2,117.0
2025-09-11,10,2,129.0
2025-09-12,10,2,115.0
2025-09-13,10,2,122.0
2025-09-14,10,2,107.0
2025-09-15,10,2,104.0
2025-09-16,10,2,121.0
2025-09-17,10,2,112.0
2025-09-18,10,2,137.0
2025-09-19,10,2,116.0
2025-09-20,10,2,113.0
2025-09-21,10,2,114.0
2025-09-22,10,2,110.0
2025-09-23,10,2,120.0
2025-09-24,10,2,123.0
2025-09-25,10,2,131.0
2025-09-26,10,2,103.0
2025-09-27,10,2,102.0
2025-09-28,10,2,106.0
2025-09-29,10,2,110.0
2025-09-30,10,2,110.0
2025-10-01,10,2,103.0
2025-10-02,10,2,105.0
2025-10-03,10,2,119.0
2025-10-04,10,2,107.0
2025-10-05,10,2,115.0
2025-10-06,10,2,111.0
2025-10-07,10,2,120.0
2025-10-08,10,2,133.0
2025-10-09,10,2,129.0
2025-10-10,10,2,118.0
2025-10-11,10,2,109.0
2025-10-12,10,2,113.0
2025-10-13,10,2,118.0
2025-10-14,10,2,120.0
2025-10-15,10,2,120.0
2025-10-16,10,2,127.0
2025-10-17,10,2,104.0
2025-10-18,10,2,119.0
2025-10-19,10,2,109.0
2025-10-20,10,2,108.0
2025-10-21,10,2,119.0
2025-10-22,10,2,118.0
2025-10-23,10,2,116.0
2025-10-24,10,2,110.0
2025-10-25,10,2,106.0
2025-10-26,10,2,110.0
2025-10-27,10,2,117.0
2025-10-28,10,2,129.0
2025-10-29,10,2,124.0
2025-10-30,10,2,124.0
2025-10-31,10,2,116.0
2025-11-01,10,2,116.0
2025-11-02,10,2,114.0
2025-11-03,10,2,115.0
2025-11-04,10,2,120.0
2025-11-05,10,2,129.0
2025-11-06,10,2,133.0
2025-11-07,10,2,116.0
2025-11-08,10,2,109.0
2025-11-09,10,2,114.0
2025-11-10,10,2,118.0
2025-11-11,10,2,123.0
2025-11-12,10,2,120.0
2025-11-13,10,2,124.0
2025-11-14,10,2,121.0
2025-11-15,10,2,109.0
2025-11-16,10,2,112.0
2025-11-17,10,2,118.0
2025-11-18,10,2,121.0
2025-11-19,10,2,126.0
2025-11-20,10,2,127.0
2025-11-21,10,2,113.0
2025-11-22,10,2,118.0
2025-11-23,10,2,116.0
2025-11-24,10,2,120.0
2025-11-25,10,2,136.0
2025-11-26,10,2,131.0
2025-11-27,10,2,128.0
2025-11-28,10,2,134.0
2025-11-29,10,2,115.0
2025-11-30,10,2,134.0
2025-12-01,10,2,127.0
2025-12-02,10,2,128.0
2025-12-03,10,2,134.0
2025-12-04,10,2,135.0
2025-12-05,10,2,137.0
2025-12-06,10,2,130.0
2025-12-07,10,2,127.0
2025-12-08,10,2,141.0
2025-12-09,10,2,126.0
2025-12-10,10,2,143.0
2025-12-11,10,2,140.0
2025-12-12,10,2,134.0
2025-12-13,10,2,117.0
2025-12-14,10,2,123.0
2025-12-15,10,2,135.0
2025-12-16,10,2,150.0
2025-12-17,10,2,157.0
2025-12-18,10,2,136.0
2025-12-19,10,2,126.0
2025-12-20,10,2,137.0
2025-12-21,10,2,151.0
2025-12-22,10,2,147.0
2025-12-23,10,2,141.0
2025-12-24,10,2,167.0
2025-12-25,10,2,149.0
2025-12-26,10,2,133.0
2025-12-27,10,2,148.0
2025-12-28,10,2,131.0
2025-12-29,10,2,139.0
2025-12-30,10,2,154.0
2024-01-01,10,3,133.0
2024-01-02,10,3,172.0
2024-01-03,10,3,164.0
2024-01-04,10,3,157.0
2024-01-05,10,3,121.0
2024-01-06,10,3,112.0
2024-01-07,10,3,140.0
2024-01-08,10,3,141.0
2024-01-09,10,3,166.0
2024-01-10,10,3,178.0
2024-01-11,10,3,153.0
2024-01-12,10,3,149.0
2024-01-13,10,3,138.0
2024-01-14,10,3,175.0
2024-01-15,10,3,149.0
2024-01-16,10,3,159.0
2024-01-17,10,3,166.0
2024-01-18,10,3,176.0
2024-01-19,10,3,145.0
2024-01-20,10,3,151.0
2024-01-21,10,3,146.0
2024-01-22,10,3,159.0
2024-01-23,10,3,189.0
2024-01-24,10,3,154.0
2024-01-25,10,3,168.0
2024-01-26,10,3,162.0
2024-01-27,10,3,150.0
2024-01-28,10,3,133.0
2024-01-29,10,3,149.0
2024-01-30,10,3,177.0
2024-01-31,10,3,152.0
2024-02-01,10,3,164.0
2024-02-02,10,3,144.0
2024-02-03,10,3,152.0
2024-02-04,10,3,151.0
2024-02-05,10,3,169.0
2024-02-06,10,3,91.7545416803342
2024-02-07,10,3,100.49306945941365
2024-02-08,10,3,94.48533161129653
2024-02-09,10,3,151.0
2024-02-10,10,3,165.0
2024-02-11,10,3,164.0
2024-02-12,10,3,161.0
2024-02-13,10,3,172.0
2024-02-14,10,3,194.0
2024-02-15,10,3,158.0
2024-02-16,10,3,149.0
2024-02-17,10,3,161.0
2024-02-18,10,3,179.0
2024-02-19,10,3,164.0
2024-02-20,10,3,178.0
2024-02-21,10,3,184.0
2024-02-22,10,3,174.0
2024-02-23,10,3,161.0
2024-02-24,10,3,151.0
2024-02-25,10,3,164.0
2024-02-26,10,3,181.0
2024-02-27,10,3,188.0
2024-02-28,10,3,188.0
2024-02-29,10,3,175.0
2024-03-01,10,3,155.0
2024-03-02,10,3,146.0
2024-03-03,10,3,147.0
2024-03-04,10,3,183.0
2024-03-05,10,3,182.0
2024-03-06,10,3,196.0
2024-03-07,10,3,176.0
2024-03-08,10,3,170.0
2024-03-09,10,3,159.0
2024-03-10,10,3,183.0
2024-03-11,10,3,173.0
2024-03-12,10,3,199.0
2024-03-13,10,3,178.0
2024-03-14,10,3,200.0
2024-03-15,10,3,181.0
2024-03-16,10,3,158.0
2024-03-17,10,3,161.0
2024-03-18,10,3,193.0
2024-03-19,10,3,202.0
2024-03-20,10,3,192.0
2024-03-21,10,3,177.0
2024-03-22,10,3,185.0
2024-03-23,10,3,160.0
2024-03-24,10,3,172.0
2024-03-25,10,3,174.0
2024-03-26,10,3,190.0
2024-03-27,10,3,217.0
2024-03-28,10,3,187.0
2024-03-29,10,3,190.0
2024-03-30,10,3,149.0
2024-03-31,10,3,150.0
2024-04-01,10,3,188.0
2024-04-02,10,3,185.0
2024-04-03,10,3,196.0
2024-04-04,10,3,165.0
2024-04-05,10,3,152.0
2024-04-06,10,3,167.0
2024-04-07,10,3,164.0
2024-04-08,10,3,178.0
2024-04-09,10,3,212.0
2024-04-10,10,3,202.0
2024-04-11,10,3,212.0
2024-04-12,10,3,176.0
2024-04-13,10,3,184.0
2024-04-14,10,3,181.0
2024-04-15,10,3,176.0
2024-04-16,10,3,192.0
2024-04-17,10,3,193.0
2024-04-18,10,3,200.0
2024-04-19,10,3,178.0
2024-04-20,10,3,156.0
2024-04-21,10,3,155.0
2024-04-22,10,3,167.0
2024-04-23,10,3,183.0
2024-04-24,10,3,185.0
2024-04-25,10,3,174.0
2024-04-26,10,3,187.0
2024-04-27,10,3,149.0
2024-04-28,10,3,173.0
2024-04-29,10,3,206.0
2024-04-30,10,3,193.0
2024-05-01,10,3,196.0
2024-05-02,10,3,189.0
2024-05-03,10,3,157.0
2024-05-04,10,3,170.0
2024-05-05,10,3,171.0
2024-05-06,10,3,179.0
2024-05-07,10,3,172.0
2024-05-08,10,3,215.0
2024-05-09,10,3,188.0
2024-05-10,10,3,158.0
2024-05-11,10,3,152.0
2024-05-12,10,3,76.2442358618441
2024-05-13,10,3,94.58145714507243
2024-05-14,10,3,90.72098950649806
2024-05-15,10,3,92.16866487096345
2024-05-16,10,3,178.0
2024-05-17,10,3,182.0
2024-05-18,10,3,174.0
2024-05-19,10,3,148.0
2024-05-20,10,3,175.0
2024-05-21,10,3,186.0
2024-05-22,10,3,180.0
2024-05-23,10,3,176.0
2024-05-24,10,3,165.0
2024-05-25,10,3,149.0
2024-05-26,10,3,166.0
2024-05-27,10,3,177.0
2024-05-28,10,3,192.0
2024-05-29,10,3,183.0
2024-05-30,10,3,156.0
2024-05-31,10,3,159.0
2024-06-01,10,3,146.0
2024-06-02,10,3,159.0
2024-06-03,10,3,179.0
2024-06-04,10,3,205.0
2024-06-05,10,3,176.0
2024-06-06,10,3,179.0
2024-06-07,10,3,166.0
2024-06-08,10,3,172.0
2024-06-09,10,3,161.0
2024-06-10,10,3,166.0
2024-06-11,10,3,181.0
2024-06-12,10,3,188.0
2024-06-13,10,3,184.0
2024-06-14,10,3,181.0
2024-06-15,10,3,171.0
2024-06-16,10,3,147.0
2024-06-17,10,3,151.0
2024-06-18,10,3,165.0
2024-06-19,10,3,184.0
2024-06-20,10,3,185.0
2024-06-21,10,3,156.0
2024-06-22,10,3,140.0
2024-06-23,10,3,137.0
2024-06-24,10,3,182.0
2024-06-25,10,3,171.0
2024-06-26,10,3,162.0
2024-06-27,10,3,170.0
2024-06-28,10,3,157.0
2024-06-29,10,3,158.0
2024-06-30,10,3,137.0
2024-07-01,10,3,175.0
2024-07-02,10,3,188.0
2024-07-03,10,3,177.0
2024-07-04,10,3,174.0
2024-07-05,10,3,163.0
2024-07-06,10,3,139.0
2024-07-07,10,3,132.0
2024-07-08,10,3,153.0
2024-07-09,10,3,151.0
2024-07-10,10,3,179.0
2024-07-11,10,3,183.0
2024-07-12,10,3,142.0
2024-07-13,10,3,137.0
2024-07-14,10,3,142.0
2024-07-15,10,3,180.0
2024-07-16,10,3,163.0
2024-07-17,10,3,183.0
2024-07-18,10,3,163.0
2024-07-19,10,3,113.0
2024-07-20,10,3,134.0
2024-07-21,10,3,152.0
2024-07-22,10,3,149.0
2024-07-23,10,3,171.0
2024-07-24,10,3,188.0
2024-07-25,10,3,165.0
2024-07-26,10,3,139.0
2024-07-27,10,3,145.0
2024-07-28,10,3,146.0
2024-07-29,10,3,163.0
2024-07-30,10,3,162.0
2024-07-31,10,3,157.0
2024-08-01,10,3,163.0
2024-08-02,10,3,150.0
2024-08-03,10,3,129.0
2024-08-04,10,3,121.0
2024-08-05,10,3,144.0
2024-08-06,10,3,148.0
2024-08-07,10,3,161.0
2024-08-08,10,3,164.0
2024-08-09,10,3,119.0
2024-08-10,10,3,137.0
2024-08-11,10,3,140.0
2024-08-12,10,3,137.0
2024-08-13,10,3,163.0
2024-08-14,10,3,175.0
2024-08-15,10,3,158.0
2024-08-16,10,3,163.0
2024-08-17,10,3,132.0
2024-08-18,10,3,145.0
2024-08-19,10,3,168.0
2024-08-20,10,3,163.0
2024-08-21,10,3,180.0
2024-08-22,10,3,157.0
2024-08-23,10,3,154.0
2024-08-24,10,3,117.0
2024-08-25,10,3,133.0
2024-08-26,10,3,172.0
2024-08-27,10,3,136.0
2024-08-28,10,3,150.0
2024-08-29,10,3,175.0
2024-08-30,10,3,136.0
2024-08-31,10,3,127.0
2024-09-01,10,3,142.0
2024-09-02,10,3,157.0
2024-09-03,10,3,151.0
2024-09-04,10,3,139.0
2024-09-05,10,3,139.0
2024-09-06,10,3,130.0
2024-09-07,10,3,115.0
2024-09-08,10,3,121.0
2024-09-09,10,3,142.0
2024-09-10,10,3,145.0
2024-09-11,10,3,177.0
2024-09-12,10,3,144.0
2024-09-13,10,3,118.0
2024-09-14,10,3,140.0
2024-09-15,10,3,166.0
2024-09-16,10,3,138.0
2024-09-17,10,3,157.0
2024-09-18,10,3,171.0
2024-09-19,10,3,144.0
2024-09-20,10,3,156.0
2024-09-21,10,3,109.0
2024-09-22,10,3,129.0
2024-09-23,10,3,133.0
2024-09-24,10,3,141.0
2024-09-25,10,3,148.0
2024-09-26,10,3,154.0
2024-09-27,10,3,146.0
2024-09-28,10,3,135.0
2024-09-29,10,3,114.0
2024-09-30,10,3,148.0
2024-10-01,10,3,153.0
2024-10-02,10,3,151.0
2024-10-03,10,3,147.0
2024-10-04,10,3,154.0
2024-10-05,10,3,125.0
2024-10-06,10,3,139.0
2024-10-07,10,3,154.0
2024-10-08,10,3,165.0
2024-10-09,10,3,153.0
2024-10-10,10,3,145.0
2024-10-11,10,3,140.0
2024-10-12,10,3,123.0
2024-10-13,10,3,122.0
2024-10-14,10,3,145.0
2024-10-15,10,3,147.0
2024-10-16,10,3,154.0
2024-10-17,10,3,148.0
2024-10-18,10,3,132.0
2024-10-19,10,3,127.0
2024-10-20,10,3,128.0
2024-10-21,10,3,168.0
2024-10-22,10,3,177.0
2024-10-23,10,3,156.0
2024-10-24,10,3,148.0
2024-10-25,10,3,137.0
2024-10-26,10,3,135.0
2024-10-27,10,3,134.0
2024-10-28,10,3,147.0
2024-10-29,10,3,168.0
2024-10-30,10,3,153.0
2024-10-31,10,3,148.0
2024-11-01,10,3,126.0
2024-11-02,10,3,129.0
2024-11-03,10,3,138.0
2024-11-04,10,3,150.0
2024-11-05,10,3,176.0
2024-11-06,10,3,155.0
2024-11-07,10,3,139.0
2024-11-08,10,3,145.0
2024-11-09,10,3,134.0
2024-11-10,10,3,149.0
2024-11-11,10,3,153.0
2024-11-12,10,3,179.0
2024-11-13,10,3,166.0
2024-11-14,10,3,154.0
2024-11-15,10,3,155.0
2024-11-16,10,3,144.0
2024-11-17,10,3,135.0
2024-11-18,10,3,161.0
2024-11-19,10,3,172.0
2024-11-20,10,3,170.0
2024-11-21,10,3,175.0
2024-11-22,10,3,166.0
2024-11-23,10,3,136.0
2024-11-24,10,3,151.0
2024-11-25,10,3,159.0
2024-11-26,10,3,165.0
2024-11-27,10,3,172.0
2024-11-28,10,3,146.0
2024-11-29,10,3,165.0
2024-11-30,10,3,154.0
2024-12-01,10,3,127.0
2024-12-02,10,3,159.0
2024-12-03,10,3,177.0
2024-12-04,10,3,187.0
2024-12-05,10,3,166.0
2024-12-06,10,3,154.0
2024-12-07,10,3,153.0
2024-12-08,10,3,145.0
2024-12-09,10,3,183.0
2024-12-10,10,3,178.0
2024-12-11,10,3,183.0
2024-12-12,10,3,188.0
2024-12-13,10,3,160.0
2024-12-14,10,3,167.0
2024-12-15,10,3,138.0
2024-12-16,10,3,181.0
2024-12-17,10,3,192.0
2024-12-18,10,3,161.0
2024-12-19,10,3,173.0
2024-12-20,10,3,168.0
2024-12-21,10,3,165.0
2024-12-22,10,3,174.0
2024-12-23,10,3,155.0
2024-12-24,10,3,185.0
2024-12-25,10,3,178.0
2024-12-26,10,3,172.0
2024-12-27,10,3,176.0
2024-12-28,10,3,151.0
2024-12-29,10,3,163.0
2024-12-30,10,3,171.0
2024-12-31,10,3,199.0
2025-01-01,10,3,171.0
2025-01-02,10,3,198.0
2025-01-03,10,3,188.0
2025-01-04,10,3,170.0
2025-01-05,10,3,170.0
2025-01-06,10,3,157.0
2025-01-07,10,3,199.0
2025-01-08,10,3,207.0
2025-01-09,10,3,189.0
2025-01-10,10,3,168.0
2025-01-11,10,3,184.0
2025-01-12,10,3,161.0
2025-01-13,10,3,196.0
2025-01-14,10,3,202.0
2025-01-15,10,3,197.0
2025-01-16,10,3,219.0
2025-01-17,10,3,184.0
2025-01-18,10,3,178.0
2025-01-19,10,3,180.0
2025-01-20,10,3,190.0
2025-01-21,10,3,198.0
2025-01-22,10,3,211.0
2025-01-23,10,3,196.0
2025-01-24,10,3,162.0
2025-01-25,10,3,166.0
2025-01-26,10,3,191.0
2025-01-27,10,3,200.0
2025-01-28,10,3,191.0
2025-01-29,10,3,200.0
2025-01-30,10,3,192.0
2025-01-31,10,3,202.0
2025-02-01,10,3,161.0
2025-02-02,10,3,175.0
2025-02-03,10,3,195.0
2025-02-04,10,3,190.0
2025-02-05,10,3,211.0
2025-02-06,10,3,190.0
2025-02-07,10,3,180.0
2025-02-08,10,3,176.0
2025-02-09,10,3,183.0
2025-02-10,10,3,191.0
2025-02-11,10,3,210.0
2025-02-12,10,3,227.0
2025-02-13,10,3,215.0
2025-02-14,10,3,209.0
2025-02-15,10,3,183.0
2025-02-16,10,3,187.0
2025-02-17,10,3,202.0
2025-02-18,10,3,195.0
2025-02-19,10,3,227.0
2025-02-20,10,3,204.0
2025-02-21,10,3,194.0
2025-02-22,10,3,192.0
2025-02-23,10,3,182.0
2025-02-24,10,3,194.0
2025-02-25,10,3,219.0
2025-02-26,10,3,223.0
2025-02-27,10,3,236.0
2025-02-28,10,3,200.0
2025-03-01,10,3,195.0
2025-03-02,10,3,218.0
2025-03-03,10,3,209.0
2025-03-04,10,3,222.0
2025-03-05,10,3,188.0
2025-03-06,10,3,208.0
2025-03-07,10,3,202.0
2025-03-08,10,3,183.0
2025-03-09,10,3,197.0
2025-03-10,10,3,215.0
2025-03-11,10,3,229.0
2025-03-12,10,3,221.0
2025-03-13,10,3,197.0
2025-03-14,10,3,202.0
2025-03-15,10,3,188.0
2025-03-16,10,3,188.0
2025-03-17,10,3,205.0
2025-03-18,10,3,217.0
2025-03-19,10,3,221.0
2025-03-20,10,3,210.0
2025-03-21,10,3,218.0
2025-03-22,10,3,197.0
2025-03-23,10,3,201.0
2025-03-24,10,3,214.0
2025-03-25,10,3,206.0
2025-03-26,10,3,236.0
2025-03-27,10,3,253.0
2025-03-28,10,3,193.0
2025-03-29,10,3,188.0
2025-03-30,10,3,192.0
2025-03-31,10,3,214.0
2025-04-01,10,3,221.0
2025-04-02,10,3,220.0
2025-04-03,10,3,224.0
2025-04-04,10,3,208.0
2025-04-05,10,3,209.0
2025-04-06,10,3,200.0
2025-04-07,10,3,210.0
2025-04-08,10,3,218.0
2025-04-09,10,3,228.0
2025-04-10,10,3,206.0
2025-04-11,10,3,216.0
2025-04-12,10,3,203.0
2025-04-13,10,3,201.0
2025-04-14,10,3,206.0
2025-04-15,10,3,241.0
2025-04-16,10,3,220.0
2025-04-17,10,3,208.0
2025-04-18,10,3,201.0
2025-04-19,10,3,205.0
2025-04-20,10,3,215.0
2025-04-21,10,3,222.0
2025-04-22,10,3,208.0
2025-04-23,10,3,225.0
2025-04-24,10,3,212.0
2025-04-25,10,3,208.0
2025-04-26,10,3,192.0
2025-04-27,10,3,207.0
2025-04-28,10,3,205.0
2025-04-29,10,3,212.0
2025-04-30,10,3,239.0
2025-05-01,10,3,216.0
2025-05-02,10,3,213.0
2025-05-03,10,3,181.0
2025-05-04,10,3,186.0
2025-05-05,10,3,195.0
2025-05-06,10,3,212.0
2025-05-07,10,3,216.0
2025-05-08,10,3,206.0
2025-05-09,10,3,201.0
2025-05-10,10,3,182.0
2025-05-11,10,3,187.0
2025-05-12,10,3,210.0
2025-05-13,10,3,241.0
2025-05-14,10,3,227.0
2025-05-15,10,3,218.0
2025-05-16,10,3,197.0
2025-05-17,10,3,169.0
2025-05-18,10,3,192.0
2025-05-19,10,3,194.0
2025-05-20,10,3,229.0
2025-05-21,10,3,238.0
2025-05-22,10,3,201.0
2025-05-23,10,3,198.0
2025-05-24,10,3,174.0
2025-05-25,10,3,201.0
2025-05-26,10,3,218.0
2025-05-27,10,3,222.0
2025-05-28,10,3,222.0
2025-05-29,10,3,209.0
2025-05-30,10,3,201.0
2025-05-31,10,3,184.0
2025-06-01,10,3,186.0
2025-06-02,10,3,216.0
2025-06-03,10,3,222.0
2025-06-04,10,3,209.0
2025-06-05,10,3,227.0
2025-06-06,10,3,186.0
2025-06-07,10,3,207.0
2025-06-08,10,3,173.0
2025-06-09,10,3,198.0
2025-06-10,10,3,216.0
2025-06-11,10,3,217.0
2025-06-12,10,3,207.0
2025-06-13,10,3,205.0
2025-06-14,10,3,188.0
2025-06-15,10,3,191.0
2025-06-16,10,3,190.0
2025-06-17,10,3,217.0
2025-06-18,10,3,206.0
2025-06-19,10,3,215.0
2025-06-20,10,3,205.0
2025-06-21,10,3,181.0
2025-06-22,10,3,188.0
2025-06-23,10,3,197.0
2025-06-24,10,3,205.0
2025-06-25,10,3,206.0
2025-06-26,10,3,187.0
2025-06-27,10,3,179.0
2025-06-28,10,3,178.0
2025-06-29,10,3,196.0
2025-06-30,10,3,195.0
2025-07-01,10,3,216.0
2025-07-02,10,3,186.0
2025-07-03,10,3,212.0
2025-07-04,10,3,191.0
2025-07-05,10,3,186.0
2025-07-06,10,3,156.0
2025-07-07,10,3,184.0
2025-07-08,10,3,189.0
2025-07-09,10,3,211.0
2025-07-10,10,3,200.0
2025-07-11,10,3,191.0
2025-07-12,10,3,168.0
2025-07-13,10,3,184.0
2025-07-14,10,3,186.0
2025-07-15,10,3,211.0
2025-07-16,10,3,208.0
2025-07-17,10,3,184.0
2025-07-18,10,3,181.0
2025-07-19,10,3,154.0
2025-07-20,10,3,185.0
2025-07-21,10,3,191.0
2025-07-22,10,3,203.0
2025-07-23,10,3,208.0
2025-07-24,10,3,192.0
2025-07-25,10,3,159.0
2025-07-26,10,3,178.0
2025-07-27,10,3,161.0
2025-07-28,10,3,172.0
2025-07-29,10,3,201.0
2025-07-30,10,3,190.0
2025-07-31,10,3,189.0
2025-08-01,10,3,181.0
2025-08-02,10,3,172.0
2025-08-03,10,3,180.0
2025-08-04,10,3,173.0
2025-08-05,10,3,187.0
2025-08-06,10,3,197.0
2025-08-07,10,3,170.0
2025-08-08,10,3,162.0
2025-08-09,10,3,153.0
2025-08-10,10,3,142.0
2025-08-11,10,3,171.0
2025-08-12,10,3,189.0
2025-08-13,10,3,193.0
2025-08-14,10,3,178.0
2025-08-15,10,3,160.0
2025-08-16,10,3,159.0
2025-08-17,10,3,158.0
2025-08-18,10,3,149.0
2025-08-19,10,3,177.0
2025-08-20,10,3,193.0
2025-08-21,10,3,181.0
2025-08-22,10,3,170.0
2025-08-23,10,3,166.0
2025-08-24,10,3,165.0
2025-08-25,10,3,175.0
2025-08-26,10,3,181.0
2025-08-27,10,3,180.0
2025-08-28,10,3,180.0
2025-08-29,10,3,155.0
2025-08-30,10,3,166.0
2025-08-31,10,3,150.0
2025-09-01,10,3,188.0
2025-09-02,10,3,184.0
2025-09-03,10,3,200.0
2025-09-04,10,3,167.0
2025-09-05,10,3,184.0
2025-09-06,10,3,145.0
2025-09-07,10,3,159.0
2025-09-08,10,3,157.0
2025-09-09,10,3,184.0
2025-09-10,10,3,185.0
2025-09-11,10,3,152.0
2025-09-12,10,3,166.0
2025-09-13,10,3,162.0
2025-09-14,10,3,150.0
2025-09-15,10,3,168.0
2025-09-16,10,3,180.0
2025-09-17,10,3,204.0
2025-09-18,10,3,180.0
2025-09-19,10,3,158.0
2025-09-20,10,3,144.0
2025-09-21,10,3,140.0
2025-09-22,10,3,170.0
2025-09-23,10,3,184.0
2025-09-24,10,3,172.0
2025-09-25,10,3,162.0
2025-09-26,10,3,170.0
2025-09-27,10,3,167.0
2025-09-28,10,3,156.0
2025-09-29,10,3,177.0
2025-09-30,10,3,182.0
2025-10-01,10,3,215.0
2025-10-02,10,3,177.0
2025-10-03,10,3,180.0
2025-10-04,10,3,163.0
2025-10-05,10,3,154.0
2025-10-06,10,3,178.0
2025-10-07,10,3,183.0
2025-10-08,10,3,176.0
2025-10-09,10,3,180.0
2025-10-10,10,3,161.0
2025-10-11,10,3,157.0
2025-10-12,10,3,160.0
2025-10-13,10,3,170.0
2025-10-14,10,3,174.0
2025-10-15,10,3,202.0
2025-10-16,10,3,179.0
2025-10-17,10,3,170.0
2025-10-18,10,3,157.0
2025-10-19,10,3,158.0
2025-10-20,10,3,177.0
2025-10-21,10,3,202.0
2025-10-22,10,3,172.0
2025-10-23,10,3,170.0
2025-10-24,10,3,165.0
2025-10-25,10,3,152.0
2025-10-26,10,3,186.0
2025-10-27,10,3,172.0
2025-10-28,10,3,194.0
2025-10-29,10,3,188.0
2025-10-30,10,3,155.0
2025-10-31,10,3,166.0
2025-11-01,10,3,150.0
2025-11-02,10,3,170.0
2025-11-03,10,3,175.0
2025-11-04,10,3,182.0
2025-11-05,10,3,193.0
2025-11-06,10,3,181.0
2025-11-07,10,3,184.0
2025-11-08,10,3,171.0
2025-11-09,10,3,188.0
2025-11-10,10,3,189.0
2025-11-11,10,3,198.0
2025-11-12,10,3,203.0
2025-11-13,10,3,197.0
2025-11-14,10,3,156.0
2025-11-15,10,3,174.0
2025-11-16,10,3,153.0
2025-11-17,10,3,162.0
2025-11-18,10,3,183.0
2025-11-19,10,3,202.0
2025-11-20,10,3,177.0
2025-11-21,10,3,184.0
2025-11-22,10,3,189.0
2025-11-23,10,3,171.0
2025-11-24,10,3,189.0
2025-11-25,10,3,191.0
2025-11-26,10,3,189.0
2025-11-27,10,3,192.0
2025-11-28,10,3,173.0
2025-11-29,10,3,169.0
2025-11-30,10,3,169.0
2025-12-01,10,3,175.0
2025-12-02,10,3,201.0
2025-12-03,10,3,184.0
2025-12-04,10,3,204.0
2025-12-05,10,3,166.0
2025-12-06,10,3,171.0
2025-12-07,10,3,194.0
2025-12-08,10,3,201.0
2025-12-09,10,3,206.0
2025-12-10,10,3,234.0
2025-12-11,10,3,202.0
2025-12-12,10,3,200.0
2025-12-13,10,3,174.0
2025-12-14,10,3,152.0
2025-12-15,10,3,199.0
2025-12-16,10,3,214.0
2025-12-17,10,3,217.0
2025-12-18,10,3,189.0
2025-12-19,10,3,226.0
2025-12-20,10,3,172.0
2025-12-21,10,3,189.0
2025-12-22,10,3,203.0
2025-12-23,10,3,222.0
2025-12-24,10,3,209.0
2025-12-25,10,3,215.0
2025-12-26,10,3,214.0
2025-12-27,10,3,183.0
2025-12-28,10,3,186.0
2025-12-29,10,3,193.0
2025-12-30,10,3,220.0
2024-01-01,10,4,70.0
2024-01-02,10,4,62.0
2024-01-03,10,4,74.0
2024-01-04,10,4,77.0
2024-01-05,10,4,69.0
2024-01-06,10,4,66.0
2024-01-07,10,4,72.0
2024-01-08,10,4,69.0
2024-01-09,10,4,88.0
2024-01-10,10,4,90.0
2024-01-11,10,4,84.0
2024-01-12,10,4,54.0
2024-01-13,10,4,63.0
2024-01-14,10,4,61.0
2024-01-15,10,4,84.0
2024-01-16,10,4,84.0
2024-01-17,10,4,82.0
2024-01-18,10,4,77.0
2024-01-19,10,4,66.0
2024-01-20,10,4,65.0
2024-01-21,10,4,69.0
2024-01-22,10,4,74.0
2024-01-23,10,4,82.0
2024-01-24,10,4,80.0
2024-01-25,10,4,94.0
2024-01-26,10,4,70.0
2024-01-27,10,4,68.0
2024-01-28,10,4,72.0
2024-01-29,10,4,81.0
2024-01-30,10,4,84.0
2024-01-31,10,4,96.0
2024-02-01,10,4,97.0
2024-02-02,10,4,80.0
2024-02-03,10,4,72.0
2024-02-04,10,4,77.0
2024-02-05,10,4,81.0
2024-02-06,10,4,88.0
2024-02-07,10,4,109.0
2024-02-08,10,4,100.0
2024-02-09,10,4,73.0
2024-02-10,10,4,81.0
2024-02-11,10,4,78.0
2024-02-12,10,4,84.0
2024-02-13,10,4,106.0
2024-02-14,10,4,96.0
2024-02-15,10,4,91.0
2024-02-16,10,4,83.0
2024-02-17,10,4,62.0
2024-02-18,10,4,78.0
2024-02-19,10,4,73.0
2024-02-20,10,4,100.0
2024-02-21,10,4,102.0
2024-02-22,10,4,101.0
2024-02-23,10,4,87.0
2024-02-24,10,4,97.0
2024-02-25,10,4,65.0
2024-02-26,10,4,87.0
2024-02-27,10,4,105.0
2024-02-28,10,4,109.0
2024-02-29,10,4,88.0
2024-03-01,10,4,93.0
2024-03-02,10,4,64.0
2024-03-03,10,4,72.0
2024-03-04,10,4,92.0
2024-03-05,10,4,100.0
2024-03-06,10,4,111.0
2024-03-07,10,4,102.0
2024-03-08,10,4,80.0
2024-03-09,10,4,89.0
2024-03-10,10,4,85.0
2024-03-11,10,4,97.0
2024-03-12,10,4,106.0
2024-03-13,10,4,100.0
2024-03-14,10,4,104.0
2024-03-15,10,4,88.0
2024-03-16,10,4,87.0
2024-03-17,10,4,95.0
2024-03-18,10,4,90.0
2024-03-19,10,4,109.0
2024-03-20,10,4,100.0
2024-03-21,10,4,92.0
2024-03-22,10,4,86.0
2024-03-23,10,4,80.0
2024-03-24,10,4,87.0
2024-03-25,10,4,82.0
2024-03-26,10,4,106.0
2024-03-27,10,4,102.0
2024-03-28,10,4,81.0
2024-03-29,10,4,91.0
2024-03-30,10,4,93.0
2024-03-31,10,4,92.0
2024-04-01,10,4,92.0
2024-04-02,10,4,98.0
2024-04-03,10,4,111.0
2024-04-04,10,4,94.0
2024-04-05,10,4,87.0
2024-04-06,10,4,104.0
2024-04-07,10,4,96.0
2024-04-08,10,4,91.0
2024-04-09,10,4,108.0
2024-04-10,10,4,118.0
2024-04-11,10,4,102.0
2024-04-12,10,4,78.0
2024-04-13,10,4,84.0
2024-04-14,10,4,81.0
2024-04-15,10,4,91.0
2024-04-16,10,4,96.0
2024-04-17,10,4,94.0
2024-04-18,10,4,93.0
2024-04-19,10,4,94.0
2024-04-20,10,4,90.0
2024-04-21,10,4,102.0
2024-04-22,10,4,88.0
2024-04-23,10,4,95.0
2024-04-24,10,4,111.0
2024-04-25,10,4,84.0
2024-04-26,10,4,69.0
2024-04-27,10,4,88.0
2024-04-28,10,4,75.0
2024-04-29,10,4,86.0
2024-04-30,10,4,106.0
2024-05-01,10,4,104.0
2024-05-02,10,4,94.0
2024-05-03,10,4,75.0
2024-05-04,10,4,75.0
2024-05-05,10,4,77.0
2024-05-06,10,4,87.0
2024-05-07,10,4,105.0
2024-05-08,10,4,105.0
2024-05-09,10,4,94.0
2024-05-10,10,4,86.0
2024-05-11,10,4,94.0
2024-05-12,10,4,84.0
2024-05-13,10,4,102.0
2024-05-14,10,4,94.0
2024-05-15,10,4,99.0
2024-05-16,10,4,91.0
2024-05-17,10,4,87.0
2024-05-18,10,4,82.0
2024-05-19,10,4,84.0
2024-05-20,10,4,68.0
2024-05-21,10,4,90.0
2024-05-22,10,4,102.0
2024-05-23,10,4,109.0
2024-05-24,10,4,78.0
2024-05-25,10,4,95.0
2024-05-26,10,4,66.0
2024-05-27,10,4,89.0
2024-05-28,10,4,94.0
2024-05-29,10,4,93.0
2024-05-30,10,4,99.0
2024-05-31,10,4,80.0
2024-06-01,10,4,61.0
2024-06-02,10,4,59.0
2024-06-03,10,4,76.0
2024-06-04,10,4,100.0
2024-06-05,10,4,94.0
2024-06-06,10,4,98.0
2024-06-07,10,4,78.0
2024-06-08,10,4,75.0
2024-06-09,10,4,88.0
2024-06-10,10,4,82.0
2024-06-11,10,4,109.0
2024-06-12,10,4,100.0
2024-06-13,10,4,79.0
2024-06-14,10,4,67.0
2024-06-15,10,4,58.0
2024-06-16,10,4,73.0
2024-06-17,10,4,67.0
2024-06-18,10,4,106.0
2024-06-19,10,4,112.0
2024-06-20,10,4,72.0
2024-06-21,10,4,77.0
2024-06-22,10,4,51.0
2024-06-23,10,4,77.0
2024-06-24,10,4,88.0
2024-06-25,10,4,88.0
2024-06-26,10,4,93.0
2024-06-27,10,4,78.0
2024-06-28,10,4,73.0
2024-06-29,10,4,73.0
2024-06-30,10,4,67.0
2024-07-01,10,4,88.0
2024-07-02,10,4,80.0
2024-07-03,10,4,85.0
2024-07-04,10,4,63.0
2024-07-05,10,4,91.0
2024-07-06,10,4,47.0
2024-07-07,10,4,76.0
2024-07-08,10,4,79.0
2024-07-09,10,4,84.0
2024-07-10,10,4,78.0
2024-07-11,10,4,75.0
2024-07-12,10,4,66.0
2024-07-13,10,4,58.0
2024-07-14,10,4,46.0
2024-07-15,10,4,78.0
2024-07-16,10,4,88.0
2024-07-17,10,4,81.0
2024-07-18,10,4,77.0
2024-07-19,10,4,72.0
2024-07-20,10,4,48.0
2024-07-21,10,4,48.0
2024-07-22,10,4,71.0
2024-07-23,10,4,77.0
2024-07-24,10,4,78.0
2024-07-25,10,4,81.0
2024-07-26,10,4,62.0
2024-07-27,10,4,62.0
2024-07-28,10,4,76.0
2024-07-29,10,4,88.0
2024-07-30,10,4,86.0
2024-07-31,10,4,60.0
2024-08-01,10,4,79.0
2024-08-02,10,4,77.0
2024-08-03,10,4,59.0
2024-08-04,10,4,53.0
2024-08-05,10,4,64.0
2024-08-06,10,4,87.0
2024-08-07,10,4,74.0
2024-08-08,10,4,64.0
2024-08-09,10,4,56.0
2024-08-10,10,4,56.0
2024-08-11,10,4,55.0
2024-08-12,10,4,52.0
2024-08-13,10,4,71.0
2024-08-14,10,4,94.0
2024-08-15,10,4,72.0
2024-08-16,10,4,66.0
2024-08-17,10,4,41.0
2024-08-18,10,4,62.0
2024-08-19,10,4,78.0
2024-08-20,10,4,77.0
2024-08-21,10,4,65.0
2024-08-22,10,4,75.0
2024-08-23,10,4,66.0
2024-08-24,10,4,46.0
2024-08-25,10,4,64.0
2024-08-26,10,4,68.0
2024-08-27,10,4,55.0
2024-08-28,10,4,70.0
2024-08-29,10,4,65.0
2024-08-30,10,4,58.0
2024-08-31,10,4,52.0
2024-09-01,10,4,61.0
2024-09-02,10,4,70.0
2024-09-03,10,4,86.0
2024-09-04,10,4,77.0
2024-09-05,10,4,80.0
2024-09-06,10,4,65.0
2024-09-07,10,4,62.0
2024-09-08,10,4,67.0
2024-09-09,10,4,59.0
2024-09-10,10,4,71.0
2024-09-11,10,4,55.0
2024-09-12,10,4,77.0
2024-09-13,10,4,66.0
2024-09-14,10,4,52.0
2024-09-15,10,4,60.0
2024-09-16,10,4,71.0
2024-09-17,10,4,71.0
2024-09-18,10,4,77.0
2024-09-19,10,4,67.0
2024-09-20,10,4,56.0
2024-09-21,10,4,44.0
2024-09-22,10,4,40.0
2024-09-23,10,4,51.0
2024-09-24,10,4,70.0
2024-09-25,10,4,63.0
2024-09-26,10,4,59.0
2024-09-27,10,4,50.0
2024-09-28,10,4,48.0
2024-09-29,10,4,63.0
2024-09-30,10,4,43.0
2024-10-01,10,4,72.0
2024-10-02,10,4,65.0
2024-10-03,10,4,67.0
2024-10-04,10,4,52.0
2024-10-05,10,4,49.0
2024-10-06,10,4,40.0
2024-10-07,10,4,66.0
2024-10-08,10,4,72.0
2024-10-09,10,4,75.0
2024-10-10,10,4,76.0
2024-10-11,10,4,45.0
2024-10-12,10,4,42.0
2024-10-13,10,4,68.0
2024-10-14,10,4,68.0
2024-10-15,10,4,56.0
2024-10-16,10,4,73.0
2024-10-17,10,4,78.0
2024-10-18,10,4,77.0
2024-10-19,10,4,66.0
2024-10-20,10,4,51.0
2024-10-21,10,4,63.0
2024-10-22,10,4,58.0
2024-10-23,10,4,77.0
2024-10-24,10,4,72.0
2024-10-25,10,4,68.0
2024-10-26,10,4,34.0
2024-10-27,10,4,48.0
2024-10-28,10,4,64.0
2024-10-29,10,4,83.0
2024-10-30,10,4,74.0
2024-10-31,10,4,92.0
2024-11-01,10,4,52.0
2024-11-02,10,4,51.0
2024-11-03,10,4,48.0
2024-11-04,10,4,65.0
2024-11-05,10,4,81.0
2024-11-06,10,4,81.0
2024-11-07,10,4,65.0
2024-11-08,10,4,74.0
2024-11-09,10,4,69.0
2024-11-10,10,4,53.0
2024-11-11,10,4,96.0
2024-11-12,10,4,69.0
2024-11-13,10,4,81.0
2024-11-14,10,4,75.0
2024-11-15,10,4,55.0
2024-11-16,10,4,61.0
2024-11-17,10,4,60.0
2024-11-18,10,4,75.0
2024-11-19,10,4,80.0
2024-11-20,10,4,90.0
2024-11-21,10,4,82.0
2024-11-22,10,4,59.0
2024-11-23,10,4,59.0
2024-11-24,10,4,57.0
2024-11-25,10,4,88.0
2024-11-26,10,4,91.0
2024-11-27,10,4,88.0
2024-11-28,10,4,84.0
2024-11-29,10,4,69.0
2024-11-30,10,4,65.0
2024-12-01,10,4,60.0
2024-12-02,10,4,70.0
2024-12-03,10,4,91.0
2024-12-04,10,4,78.0
2024-12-05,10,4,76.0
2024-12-06,10,4,70.0
2024-12-07,10,4,53.0
2024-12-08,10,4,77.0
2024-12-09,10,4,84.0
2024-12-10,10,4,91.0
2024-12-11,10,4,87.0
2024-12-12,10,4,95.0
2024-12-13,10,4,78.0
2024-12-14,10,4,77.0
2024-12-15,10,4,80.0
2024-12-16,10,4,77.0
2024-12-17,10,4,83.0
2024-12-18,10,4,84.0
2024-12-19,10,4,88.0
2024-12-20,10,4,54.0
2024-12-21,10,4,62.0
2024-12-22,10,4,68.0
2024-12-23,10,4,78.0
2024-12-24,10,4,98.0
2024-12-25,10,4,83.0
2024-12-26,10,4,75.0
2024-12-27,10,4,65.0
2024-12-28,10,4,79.0
2024-12-29,10,4,72.0
2024-12-30,10,4,81.0
2024-12-31,10,4,111.0
2025-01-01,10,4,102.0
2025-01-02,10,4,86.0
2025-01-03,10,4,71.0
2025-01-04,10,4,93.0
2025-01-05,10,4,82.0
2025-01-06,10,4,85.0
2025-01-07,10,4,100.0
2025-01-08,10,4,98.0
2025-01-09,10,4,100.0
2025-01-10,10,4,71.0
2025-01-11,10,4,76.0
2025-01-12,10,4,73.0
2025-01-13,10,4,91.0
2025-01-14,10,4,93.0
2025-01-15,10,4,99.0
2025-01-16,10,4,93.0
2025-01-17,10,4,91.0
2025-01-18,10,4,79.0
2025-01-19,10,4,76.0
2025-01-20,10,4,98.0
2025-01-21,10,4,122.0
2025-01-22,10,4,104.0
2025-01-23,10,4,112.0
2025-01-24,10,4,78.0
2025-01-25,10,4,78.0
2025-01-26,10,4,99.0
2025-01-27,10,4,99.0
2025-01-28,10,4,100.0
2025-01-29,10,4,117.0
2025-01-30,10,4,94.0
2025-01-31,10,4,94.0
2025-02-01,10,4,96.0
2025-02-02,10,4,93.0
2025-02-03,10,4,122.0
2025-02-04,10,4,104.0
2025-02-05,10,4,118.0
2025-02-06,10,4,113.0
2025-02-07,10,4,94.0
2025-02-08,10,4,82.0
2025-02-09,10,4,103.0
2025-02-10,10,4,98.0
2025-02-11,10,4,117.0
2025-02-12,10,4,118.0
2025-02-13,10,4,109.0
2025-02-14,10,4,110.0
2025-02-15,10,4,95.0
2025-02-16,10,4,100.0
2025-02-17,10,4,108.0
2025-02-18,10,4,114.0
2025-02-19,10,4,113.0
2025-02-20,10,4,110.0
2025-02-21,10,4,105.0
2025-02-22,10,4,98.0
2025-02-23,10,4,102.0
2025-02-24,10,4,139.0
2025-02-25,10,4,111.0
2025-02-26,10,4,104.0
2025-02-27,10,4,108.0
2025-02-28,10,4,99.0
2025-03-01,10,4,100.0
2025-03-02,10,4,96.0
2025-03-03,10,4,114.0
2025-03-04,10,4,110.0
2025-03-05,10,4,124.0
2025-03-06,10,4,101.0
2025-03-07,10,4,103.0
2025-03-08,10,4,90.0
2025-03-09,10,4,97.0
2025-03-10,10,4,91.0
2025-03-11,10,4,126.0
2025-03-12,10,4,117.0
2025-03-13,10,4,114.0
2025-03-14,10,4,108.0
2025-03-15,10,4,92.0
2025-03-16,10,4,97.0
2025-03-17,10,4,95.0
2025-03-18,10,4,117.0
2025-03-19,10,4,135.0
2025-03-20,10,4,118.0
2025-03-21,10,4,92.0
2025-03-22,10,4,103.0
2025-03-23,10,4,113.0
2025-03-24,10,4,102.0
2025-03-25,10,4,63.28710789750885
2025-03-26,10,4,64.89610216608958
2025-03-27,10,4,62.7507764746486
2025-03-28,10,4,57.38746224604616
2025-03-29,10,4,56.31479940032567
2025-03-30,10,4,54.169473708884695
2025-03-31,10,4,65.43243358894983
2025-04-01,10,4,104.0
2025-04-02,10,4,113.0
2025-04-03,10,4,130.0
2025-04-04,10,4,102.0
2025-04-05,10,4,105.0
2025-04-06,10,4,101.0
2025-04-07,10,4,120.0
2025-04-08,10,4,125.0
2025-04-09,10,4,146.0
2025-04-10,10,4,117.0
2025-04-11,10,4,103.0
2025-04-12,10,4,112.0
2025-04-13,10,4,109.0
2025-04-14,10,4,105.0
2025-04-15,10,4,129.0
2025-04-16,10,4,125.0
2025-04-17,10,4,118.0
2025-04-18,10,4,110.0
2025-04-19,10,4,107.0
2025-04-20,10,4,104.0
2025-04-21,10,4,109.0
2025-04-22,10,4,139.0
2025-04-23,10,4,122.0
2025-04-24,10,4,128.0
2025-04-25,10,4,101.0
2025-04-26,10,4,92.0
2025-04-27,10,4,110.0
2025-04-28,10,4,109.0
2025-04-29,10,4,103.0
2025-04-30,10,4,120.0
2025-05-01,10,4,120.0
2025-05-02,10,4,99.0
2025-05-03,10,4,92.0
2025-05-04,10,4,103.0
2025-05-05,10,4,100.0
2025-05-06,10,4,122.0
2025-05-07,10,4,130.0
2025-05-08,10,4,126.0
2025-05-09,10,4,99.0
2025-05-10,10,4,113.0
2025-05-11,10,4,105.0
2025-05-12,10,4,103.0
2025-05-13,10,4,114.0
2025-05-14,10,4,114.0
2025-05-15,10,4,96.0
2025-05-16,10,4,116.0
2025-05-17,10,4,99.0
2025-05-18,10,4,104.0
2025-05-19,10,4,109.0
2025-05-20,10,4,104.0
2025-05-21,10,4,122.0
2025-05-22,10,4,121.0
2025-05-23,10,4,110.0
2025-05-24,10,4,105.0
2025-05-25,10,4,98.0
2025-05-26,10,4,86.0
2025-05-27,10,4,121.0
2025-05-28,10,4,118.0
2025-05-29,10,4,128.0
2025-05-30,10,4,117.0
2025-05-31,10,4,103.0
2025-06-01,10,4,84.0
2025-06-02,10,4,95.0
2025-06-03,10,4,118.0
2025-06-04,10,4,105.0
2025-06-05,10,4,117.0
2025-06-06,10,4,107.0
2025-06-07,10,4,105.0
2025-06-08,10,4,103.0
2025-06-09,10,4,99.0
2025-06-10,10,4,111.0
2025-06-11,10,4,106.0
2025-06-12,10,4,109.0
2025-06-13,10,4,78.0
2025-06-14,10,4,87.0
2025-06-15,10,4,98.0
2025-06-16,10,4,106.0
2025-06-17,10,4,117.0
2025-06-18,10,4,103.0
2025-06-19,10,4,94.0
2025-06-20,10,4,100.0
2025-06-21,10,4,80.0
2025-06-22,10,4,80.0
2025-06-23,10,4,101.0
2025-06-24,10,4,108.0
2025-06-25,10,4,131.0
2025-06-26,10,4,106.0
2025-06-27,10,4,94.0
2025-06-28,10,4,81.0
2025-06-29,10,4,95.0
2025-06-30,10,4,97.0
2025-07-01,10,4,101.0
2025-07-02,10,4,106.0
2025-07-03,10,4,98.0
2025-07-04,10,4,90.0
2025-07-05,10,4,104.0
2025-07-06,10,4,92.0
2025-07-07,10,4,93.0
2025-07-08,10,4,103.0
2025-07-09,10,4,94.0
2025-07-10,10,4,83.0
2025-07-11,10,4,95.0
2025-07-12,10,4,88.0
2025-07-13,10,4,87.0
2025-07-14,10,4,106.0
2025-07-15,10,4,104.0
2025-07-16,10,4,111.0
2025-07-17,10,4,96.0
2025-07-18,10,4,65.0
2025-07-19,10,4,90.0
2025-07-20,10,4,73.0
2025-07-21,10,4,93.0
2025-07-22,10,4,94.0
2025-07-23,10,4,104.0
2025-07-24,10,4,110.0
2025-07-25,10,4,90.0
2025-07-26,10,4,85.0
2025-07-27,10,4,79.0
2025-07-28,10,4,87.0
2025-07-29,10,4,95.0
2025-07-30,10,4,107.0
2025-07-31,10,4,94.0
2025-08-01,10,4,89.0
2025-08-02,10,4,75.0
2025-08-03,10,4,87.0
2025-08-04,10,4,93.0
2025-08-05,10,4,97.0
2025-08-06,10,4,104.0
2025-08-07,10,4,101.0
2025-08-08,10,4,97.0
2025-08-09,10,4,69.0
2025-08-10,10,4,84.0
2025-08-11,10,4,92.0
2025-08-12,10,4,103.0
2025-08-13,10,4,93.0
2025-08-14,10,4,91.0
2025-08-15,10,4,76.0
2025-08-16,10,4,76.0
2025-08-17,10,4,68.0
2025-08-18,10,4,96.0
2025-08-19,10,4,95.0
2025-08-20,10,4,110.0
2025-08-21,10,4,83.0
2025-08-22,10,4,80.0
2025-08-23,10,4,73.0
2025-08-24,10,4,80.0
2025-08-25,10,4,90.0
2025-08-26,10,4,81.0
2025-08-27,10,4,105.0
2025-08-28,10,4,96.0
2025-08-29,10,4,64.0
2025-08-30,10,4,84.0
2025-08-31,10,4,62.0
2025-09-01,10,4,85.0
2025-09-02,10,4,89.0
2025-09-03,10,4,92.0
2025-09-04,10,4,84.0
2025-09-05,10,4,81.0
2025-09-06,10,4,63.0
2025-09-07,10,4,81.0
2025-09-08,10,4,86.0
2025-09-09,10,4,89.0
2025-09-10,10,4,100.0
2025-09-11,10,4,82.0
2025-09-12,10,4,76.0
2025-09-13,10,4,57.0
2025-09-14,10,4,67.0
2025-09-15,10,4,73.0
2025-09-16,10,4,75.0
2025-09-17,10,4,91.0
2025-09-18,10,4,85.0
2025-09-19,10,4,78.0
2025-09-20,10,4,75.0
2025-09-21,10,4,70.0
2025-09-22,10,4,85.0
2025-09-23,10,4,98.0
2025-09-24,10,4,102.0
2025-09-25,10,4,91.0
2025-09-26,10,4,80.0
2025-09-27,10,4,61.0
2025-09-28,10,4,79.0
2025-09-29,10,4,72.0
2025-09-30,10,4,93.0
2025-10-01,10,4,98.0
2025-10-02,10,4,90.0
2025-10-03,10,4,53.0
2025-10-04,10,4,77.0
2025-10-05,10,4,85.0
2025-10-06,10,4,68.0
2025-10-07,10,4,92.0
2025-10-08,10,4,92.0
2025-10-09,10,4,87.0
2025-10-10,10,4,88.0
2025-10-11,10,4,73.0
2025-10-12,10,4,64.0
2025-10-13,10,4,76.0
2025-10-14,10,4,85.0
2025-10-15,10,4,78.0
2025-10-16,10,4,83.0
2025-10-17,10,4,84.0
2025-10-18,10,4,74.0
2025-10-19,10,4,75.0
2025-10-20,10,4,81.0
2025-10-21,10,4,92.0
2025-10-22,10,4,100.0
2025-10-23,10,4,96.0
2025-10-24,10,4,82.0
2025-10-25,10,4,63.0
2025-10-26,10,4,104.99814331075878
2025-10-27,10,4,130.13854382178553
2025-10-28,10,4,130.13854382178553
2025-10-29,10,4,134.5750850884373
2025-10-30,10,4,141.96932053285695
2025-10-31,10,4,128.6596967329016
2025-11-01,10,4,66.0
2025-11-02,10,4,65.0
2025-11-03,10,4,76.0
2025-11-04,10,4,101.0
2025-11-05,10,4,91.0
2025-11-06,10,4,87.0
2025-11-07,10,4,71.0
2025-11-08,10,4,76.0
2025-11-09,10,4,76.0
2025-11-10,10,4,92.0
2025-11-11,10,4,100.0
2025-11-12,10,4,83.0
2025-11-13,10,4,97.0
2025-11-14,10,4,83.0
2025-11-15,10,4,89.0
2025-11-16,10,4,73.0
2025-11-17,10,4,95.0
2025-11-18,10,4,100.0
2025-11-19,10,4,95.0
2025-11-20,10,4,105.0
2025-11-21,10,4,90.0
2025-11-22,10,4,77.0
2025-11-23,10,4,75.0
2025-11-24,10,4,102.0
2025-11-25,10,4,109.0
2025-11-26,10,4,104.0
2025-11-27,10,4,98.0
2025-11-28,10,4,79.0
2025-11-29,10,4,94.0
2025-11-30,10,4,75.0
2025-12-01,10,4,102.0
2025-12-02,10,4,122.0
2025-12-03,10,4,100.0
2025-12-04,10,4,96.0
2025-12-05,10,4,84.0
2025-12-06,10,4,96.0
2025-12-07,10,4,89.0
2025-12-08,10,4,84.0
2025-12-09,10,4,97.0
2025-12-10,10,4,115.0
2025-12-11,10,4,97.0
2025-12-12,10,4,78.0
2025-12-13,10,4,92.0
2025-12-14,10,4,93.0
2025-12-15,10,4,93.0
2025-12-16,10,4,106.0
2025-12-17,10,4,109.0
2025-12-18,10,4,104.0
2025-12-19,10,4,108.0
2025-12-20,10,4,97.0
2025-12-21,10,4,98.0
2025-12-22,10,4,102.0
2025-12-23,10,4,105.0
2025-12-24,10,4,127.0
2025-12-25,10,4,109.0
2025-12-26,10,4,91.0
2025-12-27,10,4,119.0
2025-12-28,10,4,98.0
2025-12-29,10,4,95.0
2025-12-30,10,4,123.0
2024-01-01,10,5,94.0
2024-01-02,10,5,105.0
2024-01-03,10,5,118.0
2024-01-04,10,5,107.0
2024-01-05,10,5,74.0
2024-01-06,10,5,62.0
2024-01-07,10,5,73.0
2024-01-08,10,5,84.0
2024-01-09,10,5,118.0
2024-01-10,10,5,108.0
2024-01-11,10,5,107.0
2024-01-12,10,5,86.0
2024-01-13,10,5,84.0
2024-01-14,10,5,78.0
2024-01-15,10,5,84.0
2024-01-16,10,5,106.0
2024-01-17,10,5,94.0
2024-01-18,10,5,94.0
2024-01-19,10,5,92.0
2024-01-20,10,5,81.0
2024-01-21,10,5,79.0
2024-01-22,10,5,97.0
2024-01-23,10,5,102.0
2024-01-24,10,5,123.0
2024-01-25,10,5,106.0
2024-01-26,10,5,96.0
2024-01-27,10,5,85.0
2024-01-28,10,5,88.0
2024-01-29,10,5,94.0
2024-01-30,10,5,118.0
2024-01-31,10,5,124.0
2024-02-01,10,5,105.0
2024-02-02,10,5,96.0
2024-02-03,10,5,73.0
2024-02-04,10,5,92.0
2024-02-05,10,5,105.0
2024-02-06,10,5,130.0
2024-02-07,10,5,137.0
2024-02-08,10,5,110.0
2024-02-09,10,5,100.0
2024-02-10,10,5,89.0
2024-02-11,10,5,88.0
2024-02-12,10,5,91.0
2024-02-13,10,5,111.0
2024-02-14,10,5,120.0
2024-02-15,10,5,116.0
2024-02-16,10,5,108.0
2024-02-17,10,5,87.0
2024-02-18,10,5,100.0
2024-02-19,10,5,118.0
2024-02-20,10,5,118.0
2024-02-21,10,5,115.0
2024-02-22,10,5,116.0
2024-02-23,10,5,89.0
2024-02-24,10,5,104.0
2024-02-25,10,5,102.0
2024-02-26,10,5,119.0
2024-02-27,10,5,110.0
2024-02-28,10,5,125.0
2024-02-29,10,5,118.0
2024-03-01,10,5,104.0
2024-03-02,10,5,88.0
2024-03-03,10,5,75.0
2024-03-04,10,5,114.0
2024-03-05,10,5,139.0
2024-03-06,10,5,144.0
2024-03-07,10,5,117.0
2024-03-08,10,5,103.0
2024-03-09,10,5,85.0
2024-03-10,10,5,97.0
2024-03-11,10,5,108.0
2024-03-12,10,5,122.0
2024-03-13,10,5,119.0
2024-03-14,10,5,132.0
2024-03-15,10,5,102.0
2024-03-16,10,5,90.0
2024-03-17,10,5,99.0
2024-03-18,10,5,108.0
2024-03-19,10,5,111.0
2024-03-20,10,5,141.0
2024-03-21,10,5,121.0
2024-03-22,10,5,111.0
2024-03-23,10,5,96.0
2024-03-24,10,5,105.0
2024-03-25,10,5,118.0
2024-03-26,10,5,111.0
2024-03-27,10,5,135.0
2024-03-28,10,5,115.0
2024-03-29,10,5,98.0
2024-03-30,10,5,82.0
2024-03-31,10,5,113.0
2024-04-01,10,5,113.0
2024-04-02,10,5,125.0
2024-04-03,10,5,126.0
2024-04-04,10,5,140.0
2024-04-05,10,5,114.0
2024-04-06,10,5,77.0
2024-04-07,10,5,110.0
2024-04-08,10,5,107.0
2024-04-09,10,5,134.0
2024-04-10,10,5,129.0
2024-04-11,10,5,109.0
2024-04-12,10,5,102.0
2024-04-13,10,5,98.0
2024-04-14,10,5,101.0
2024-04-15,10,5,112.0
2024-04-16,10,5,130.0
2024-04-17,10,5,134.0
2024-04-18,10,5,130.0
2024-04-19,10,5,116.0
2024-04-20,10,5,96.0
2024-04-21,10,5,89.0
2024-04-22,10,5,119.0
2024-04-23,10,5,134.0
2024-04-24,10,5,140.0
2024-04-25,10,5,115.0
2024-04-26,10,5,112.0
2024-04-27,10,5,98.0
2024-04-28,10,5,104.0
2024-04-29,10,5,108.0
2024-04-30,10,5,114.0
2024-05-01,10,5,122.0
2024-05-02,10,5,129.0
2024-05-03,10,5,119.0
2024-05-04,10,5,101.0
2024-05-05,10,5,89.0
2024-05-06,10,5,113.0
2024-05-07,10,5,130.0
2024-05-08,10,5,132.0
2024-05-09,10,5,123.0
2024-05-10,10,5,97.0
2024-05-11,10,5,83.0
2024-05-12,10,5,90.0
2024-05-13,10,5,103.0
2024-05-14,10,5,128.0
2024-05-15,10,5,133.0
2024-05-16,10,5,110.0
2024-05-17,10,5,103.0
2024-05-18,10,5,108.0
2024-05-19,10,5,98.0
2024-05-20,10,5,109.0
2024-05-21,10,5,133.0
2024-05-22,10,5,149.0
2024-05-23,10,5,121.0
2024-05-24,10,5,99.0
2024-05-25,10,5,94.0
2024-05-26,10,5,107.0
2024-05-27,10,5,110.0
2024-05-28,10,5,126.0
2024-05-29,10,5,140.0
2024-05-30,10,5,120.0
2024-05-31,10,5,115.0
2024-06-01,10,5,81.0
2024-06-02,10,5,99.0
2024-06-03,10,5,125.0
2024-06-04,10,5,144.0
2024-06-05,10,5,125.0
2024-06-06,10,5,116.0
2024-06-07,10,5,116.0
2024-06-08,10,5,88.0
2024-06-09,10,5,90.0
2024-06-10,10,5,105.0
2024-06-11,10,5,117.0
2024-06-12,10,5,119.0
2024-06-13,10,5,115.0
2024-06-14,10,5,87.0
2024-06-15,10,5,85.0
2024-06-16,10,5,105.0
2024-06-17,10,5,114.0
2024-06-18,10,5,118.0
2024-06-19,10,5,128.0
2024-06-20,10,5,114.0
2024-06-21,10,5,93.0
2024-06-22,10,5,70.0
2024-06-23,10,5,84.0
2024-06-24,10,5,104.0
2024-06-25,10,5,140.0
2024-06-26,10,5,129.0
2024-06-27,10,5,113.0
2024-06-28,10,5,101.0
2024-06-29,10,5,88.0
2024-06-30,10,5,85.0
2024-07-01,10,5,104.0
2024-07-02,10,5,117.0
2024-07-03,10,5,111.0
2024-07-04,10,5,108.0
2024-07-05,10,5,95.0
2024-07-06,10,5,89.0
2024-07-07,10,5,89.0
2024-07-08,10,5,111.0
2024-07-09,10,5,116.0
2024-07-10,10,5,131.0
2024-07-11,10,5,113.0
2024-07-12,10,5,98.0
2024-07-13,10,5,86.0
2024-07-14,10,5,84.0
2024-07-15,10,5,107.0
2024-07-16,10,5,112.0
2024-07-17,10,5,113.0
2024-07-18,10,5,112.0
2024-07-19,10,5,92.0
2024-07-20,10,5,76.0
2024-07-21,10,5,87.0
2024-07-22,10,5,106.0
2024-07-23,10,5,114.0
2024-07-24,10,5,131.0
2024-07-25,10,5,117.0
2024-07-26,10,5,88.0
2024-07-27,10,5,72.0
2024-07-28,10,5,84.0
2024-07-29,10,5,103.0
2024-07-30,10,5,101.0
2024-07-31,10,5,104.0
2024-08-01,10,5,98.0
2024-08-02,10,5,99.0
2024-08-03,10,5,91.0
2024-08-04,10,5,75.0
2024-08-05,10,5,88.0
2024-08-06,10,5,115.0
2024-08-07,10,5,118.0
2024-08-08,10,5,97.0
2024-08-09,10,5,82.0
2024-08-10,10,5,74.0
2024-08-11,10,5,79.0
2024-08-12,10,5,100.0
2024-08-13,10,5,94.0
2024-08-14,10,5,130.0
2024-08-15,10,5,108.0
2024-08-16,10,5,89.0
2024-08-17,10,5,73.0
2024-08-18,10,5,75.0
2024-08-19,10,5,90.0
2024-08-20,10,5,107.0
2024-08-21,10,5,118.0
2024-08-22,10,5,113.0
2024-08-23,10,5,77.0
2024-08-24,10,5,74.0
2024-08-25,10,5,82.0
2024-08-26,10,5,97.0
2024-08-27,10,5,106.0
2024-08-28,10,5,111.0
2024-08-29,10,5,102.0
2024-08-30,10,5,78.0
2024-08-31,10,5,70.0
2024-09-01,10,5,66.0
2024-09-02,10,5,104.0
2024-09-03,10,5,114.0
2024-09-04,10,5,103.0
2024-09-05,10,5,95.0
2024-09-06,10,5,76.0
2024-09-07,10,5,69.0
2024-09-08,10,5,82.0
2024-09-09,10,5,117.0
2024-09-10,10,5,106.0
2024-09-11,10,5,117.0
2024-09-12,10,5,102.0
2024-09-13,10,5,89.0
2024-09-14,10,5,74.0
2024-09-15,10,5,89.0
2024-09-16,10,5,99.0
2024-09-17,10,5,110.0
2024-09-18,10,5,118.0
2024-09-19,10,5,110.0
2024-09-20,10,5,81.0
2024-09-21,10,5,80.0
2024-09-22,10,5,87.0
2024-09-23,10,5,99.0
2024-09-24,10,5,115.0
2024-09-25,10,5,114.0
2024-09-26,10,5,108.0
2024-09-27,10,5,99.0
2024-09-28,10,5,69.0
2024-09-29,10,5,80.0
2024-09-30,10,5,89.0
2024-10-01,10,5,106.0
2024-10-02,10,5,118.0
2024-10-03,10,5,91.0
2024-10-04,10,5,79.0
2024-10-05,10,5,87.0
2024-10-06,10,5,15.674747656969746
2024-10-07,10,5,23.62250703233469
2024-10-08,10,5,24.505591407375235
2024-10-09,10,5,25.167904688655646
2024-10-10,10,5,21.85633828225359
2024-10-11,10,5,18.986314063371804
2024-10-12,10,5,17.66168750081098
2024-10-13,10,5,17.66168750081098
2024-10-14,10,5,19.869398438412354
2024-10-15,10,5,116.0
2024-10-16,10,5,125.0
2024-10-17,10,5,93.0
2024-10-18,10,5,106.0
2024-10-19,10,5,81.0
2024-10-20,10,5,86.0
2024-10-21,10,5,109.0
2024-10-22,10,5,96.0
2024-10-23,10,5,104.0
2024-10-24,10,5,91.0
2024-10-25,10,5,81.0
2024-10-26,10,5,85.0
2024-10-27,10,5,74.0
2024-10-28,10,5,92.0
2024-10-29,10,5,108.0
2024-10-30,10,5,117.0
2024-10-31,10,5,106.0
2024-11-01,10,5,85.0
2024-11-02,10,5,73.0
2024-11-03,10,5,83.0
2024-11-04,10,5,100.0
2024-11-05,10,5,126.0
2024-11-06,10,5,112.0
2024-11-07,10,5,108.0
2024-11-08,10,5,77.0
2024-11-09,10,5,91.0
2024-11-10,10,5,86.0
2024-11-11,10,5,108.0
2024-11-12,10,5,126.0
2024-11-13,10,5,124.0
2024-11-14,10,5,112.0
2024-11-15,10,5,80.0
2024-11-16,10,5,83.0
2024-11-17,10,5,81.0
2024-11-18,10,5,95.0
2024-11-19,10,5,104.0
2024-11-20,10,5,121.0
2024-11-21,10,5,106.0
2024-11-22,10,5,90.0
2024-11-23,10,5,79.0
2024-11-24,10,5,101.0
2024-11-25,10,5,97.0
2024-11-26,10,5,118.0
2024-11-27,10,5,123.0
2024-11-28,10,5,113.0
2024-11-29,10,5,112.0
2024-11-30,10,5,73.0
2024-12-01,10,5,94.0
2024-12-02,10,5,115.0
2024-12-03,10,5,125.0
2024-12-04,10,5,143.0
2024-12-05,10,5,127.0
2024-12-06,10,5,95.0
2024-12-07,10,5,89.0
2024-12-08,10,5,101.0
2024-12-09,10,5,109.0
2024-12-10,10,5,124.0
2024-12-11,10,5,145.0
2024-12-12,10,5,127.0
2024-12-13,10,5,119.0
2024-12-14,10,5,92.0
2024-12-15,10,5,98.0
2024-12-16,10,5,115.0
2024-12-17,10,5,133.0
2024-12-18,10,5,129.0
2024-12-19,10,5,114.0
2024-12-20,10,5,99.0
2024-12-21,10,5,94.0
2024-12-22,10,5,87.0
2024-12-23,10,5,117.0
2024-12-24,10,5,112.0
2024-12-25,10,5,122.0
2024-12-26,10,5,133.0
2024-12-27,10,5,108.0
2024-12-28,10,5,101.0
2024-12-29,10,5,104.0
2024-12-30,10,5,132.0
2024-12-31,10,5,141.0
2025-01-01,10,5,149.0
2025-01-02,10,5,122.0
2025-01-03,10,5,109.0
2025-01-04,10,5,89.0
2025-01-05,10,5,111.0
2025-01-06,10,5,125.0
2025-01-07,10,5,129.0
2025-01-08,10,5,134.0
2025-01-09,10,5,132.0
2025-01-10,10,5,111.0
2025-01-11,10,5,97.0
2025-01-12,10,5,103.0
2025-01-13,10,5,118.0
2025-01-14,10,5,140.0
2025-01-15,10,5,139.0
2025-01-16,10,5,109.0
2025-01-17,10,5,114.0
2025-01-18,10,5,99.0
2025-01-19,10,5,114.0
2025-01-20,10,5,125.0
2025-01-21,10,5,134.0
2025-01-22,10,5,138.0
2025-01-23,10,5,134.0
2025-01-24,10,5,117.0
2025-01-25,10,5,104.0
2025-01-26,10,5,110.0
2025-01-27,10,5,129.0
2025-01-28,10,5,128.0
2025-01-29,10,5,156.0
2025-01-30,10,5,132.0
2025-01-31,10,5,128.0
2025-02-01,10,5,125.0
2025-02-02,10,5,117.0
2025-02-03,10,5,113.0
2025-02-04,10,5,134.0
2025-02-05,10,5,151.0
2025-02-06,10,5,132.0
2025-02-07,10,5,132.0
2025-02-08,10,5,105.0
2025-02-09,10,5,119.0
2025-02-10,10,5,129.0
2025-02-11,10,5,146.0
2025-02-12,10,5,154.0
2025-02-13,10,5,115.0
2025-02-14,10,5,123.0
2025-02-15,10,5,120.0
2025-02-16,10,5,108.0
2025-02-17,10,5,137.0
2025-02-18,10,5,145.0
2025-02-19,10,5,146.0
2025-02-20,10,5,139.0
2025-02-21,10,5,135.0
2025-02-22,10,5,116.0
2025-02-23,10,5,109.0
2025-02-24,10,5,136.0
2025-02-25,10,5,149.0
2025-02-26,10,5,161.0
2025-02-27,10,5,142.0
2025-02-28,10,5,134.0
2025-03-01,10,5,117.0
2025-03-02,10,5,123.0
2025-03-03,10,5,129.0
2025-03-04,10,5,155.0
2025-03-05,10,5,170.0
2025-03-06,10,5,157.0
2025-03-07,10,5,119.0
2025-03-08,10,5,104.0
2025-03-09,10,5,124.0
2025-03-10,10,5,135.0
2025-03-11,10,5,145.0
2025-03-12,10,5,172.0
2025-03-13,10,5,169.0
2025-03-14,10,5,115.0
2025-03-15,10,5,113.0
2025-03-16,10,5,113.0
2025-03-17,10,5,131.0
2025-03-18,10,5,161.0
2025-03-19,10,5,158.0
2025-03-20,10,5,153.0
2025-03-21,10,5,140.0
2025-03-22,10,5,122.0
2025-03-23,10,5,116.0
2025-03-24,10,5,142.0
2025-03-25,10,5,153.0
2025-03-26,10,5,156.0
2025-03-27,10,5,141.0
2025-03-28,10,5,138.0
2025-03-29,10,5,124.0
2025-03-30,10,5,131.0
2025-03-31,10,5,132.0
2025-04-01,10,5,162.0
2025-04-02,10,5,160.0
2025-04-03,10,5,155.0
2025-04-04,10,5,125.0
2025-04-05,10,5,122.0
2025-04-06,10,5,133.0
2025-04-07,10,5,144.0
2025-04-08,10,5,153.0
2025-04-09,10,5,162.0
2025-04-10,10,5,140.0
2025-04-11,10,5,137.0
2025-04-12,10,5,128.0
2025-04-13,10,5,128.0
2025-04-14,10,5,139.0
2025-04-15,10,5,234.5722526496576
2025-04-16,10,5,236.0663434308656
2025-04-17,10,5,219.6313448375775
2025-04-18,10,5,204.6904370254974
2025-04-19,10,5,198.71407390066537
2025-04-20,10,5,126.0
2025-04-21,10,5,135.0
2025-04-22,10,5,147.0
2025-04-23,10,5,153.0
2025-04-24,10,5,165.0
2025-04-25,10,5,144.0
2025-04-26,10,5,128.0
2025-04-27,10,5,134.0
2025-04-28,10,5,135.0
2025-04-29,10,5,162.0
2025-04-30,10,5,167.0
2025-05-01,10,5,147.0
2025-05-02,10,5,122.0
2025-05-03,10,5,109.0
2025-05-04,10,5,127.0
2025-05-05,10,5,135.0
2025-05-06,10,5,156.0
2025-05-07,10,5,155.0
2025-05-08,10,5,138.0
2025-05-09,10,5,144.0
2025-05-10,10,5,112.0
2025-05-11,10,5,118.0
2025-05-12,10,5,138.0
2025-05-13,10,5,154.0
2025-05-14,10,5,144.0
2025-05-15,10,5,153.0
2025-05-16,10,5,135.0
2025-05-17,10,5,136.0
2025-05-18,10,5,125.0
2025-05-19,10,5,137.0
2025-05-20,10,5,145.0
2025-05-21,10,5,146.0
2025-05-22,10,5,144.0
2025-05-23,10,5,119.0
2025-05-24,10,5,125.0
2025-05-25,10,5,119.0
2025-05-26,10,5,146.0
2025-05-27,10,5,153.0
2025-05-28,10,5,157.0
2025-05-29,10,5,137.0
2025-05-30,10,5,133.0
2025-05-31,10,5,121.0
2025-06-01,10,5,106.0
2025-06-02,10,5,145.0
2025-06-03,10,5,157.0
2025-06-04,10,5,148.0
2025-06-05,10,5,150.0
2025-06-06,10,5,123.0
2025-06-07,10,5,111.0
2025-06-08,10,5,122.0
2025-06-09,10,5,142.0
2025-06-10,10,5,161.0
2025-06-11,10,5,166.0
2025-06-12,10,5,130.0
2025-06-13,10,5,112.0
2025-06-14,10,5,111.0
2025-06-15,10,5,111.0
2025-06-16,10,5,152.0
2025-06-17,10,5,150.0
2025-06-18,10,5,149.0
2025-06-19,10,5,136.0
2025-06-20,10,5,125.0
2025-06-21,10,5,97.0
2025-06-22,10,5,124.0
2025-06-23,10,5,142.0
2025-06-24,10,5,133.0
2025-06-25,10,5,154.0
2025-06-26,10,5,143.0
2025-06-27,10,5,127.0
2025-06-28,10,5,116.0
2025-06-29,10,5,107.0
2025-06-30,10,5,129.0
2025-07-01,10,5,152.0
2025-07-02,10,5,135.0
2025-07-03,10,5,139.0
2025-07-04,10,5,126.0
2025-07-05,10,5,108.0
2025-07-06,10,5,118.0
2025-07-07,10,5,129.0
2025-07-08,10,5,142.0
2025-07-09,10,5,144.0
2025-07-10,10,5,146.0
2025-07-11,10,5,119.0
2025-07-12,10,5,103.0
2025-07-13,10,5,103.0
2025-07-14,10,5,116.0
2025-07-15,10,5,131.0
2025-07-16,10,5,142.0
2025-07-17,10,5,134.0
2025-07-18,10,5,116.0
2025-07-19,10,5,102.0
2025-07-20,10,5,107.0
2025-07-21,10,5,131.0
2025-07-22,10,5,149.0
2025-07-23,10,5,157.0
2025-07-24,10,5,134.0
2025-07-25,10,5,127.0
2025-07-26,10,5,108.0
2025-07-27,10,5,121.0
2025-07-28,10,5,130.0
2025-07-29,10,5,140.0
2025-07-30,10,5,128.0
2025-07-31,10,5,132.0
2025-08-01,10,5,110.0
2025-08-02,10,5,103.0
2025-08-03,10,5,119.0
2025-08-04,10,5,127.0
2025-08-05,10,5,146.0
2025-08-06,10,5,146.0
2025-08-07,10,5,124.0
2025-08-08,10,5,130.0
2025-08-09,10,5,103.0
2025-08-10,10,5,116.0
2025-08-11,10,5,135.0
2025-08-12,10,5,127.0
2025-08-13,10,5,140.0
2025-08-14,10,5,136.0
2025-08-15,10,5,112.0
2025-08-16,10,5,125.0
2025-08-17,10,5,109.0
2025-08-18,10,5,127.0
2025-08-19,10,5,151.0
2025-08-20,10,5,130.0
2025-08-21,10,5,126.0
2025-08-22,10,5,106.0
2025-08-23,10,5,106.0
2025-08-24,10,5,119.0
2025-08-25,10,5,113.0
2025-08-26,10,5,125.0
2025-08-27,10,5,141.0
2025-08-28,10,5,140.0
2025-08-29,10,5,107.0
2025-08-30,10,5,94.0
2025-08-31,10,5,118.0
2025-09-01,10,5,119.0
2025-09-02,10,5,140.0
2025-09-03,10,5,150.0
2025-09-04,10,5,133.0
2025-09-05,10,5,113.0
2025-09-06,10,5,94.0
2025-09-07,10,5,101.0
2025-09-08,10,5,123.0
2025-09-09,10,5,145.0
2025-09-10,10,5,135.0
2025-09-11,10,5,124.0
2025-09-12,10,5,116.0
2025-09-13,10,5,96.0
2025-09-14,10,5,109.0
2025-09-15,10,5,114.0
2025-09-16,10,5,137.0
2025-09-17,10,5,136.0
2025-09-18,10,5,129.0
2025-09-19,10,5,118.0
2025-09-20,10,5,101.0
2025-09-21,10,5,109.0
2025-09-22,10,5,115.0
2025-09-23,10,5,131.0
2025-09-24,10,5,131.0
2025-09-25,10,5,128.0
2025-09-26,10,5,115.0
2025-09-27,10,5,105.0
2025-09-28,10,5,119.0
2025-09-29,10,5,124.0
2025-09-30,10,5,132.0
2025-10-01,10,5,157.0
2025-10-02,10,5,123.0
2025-10-03,10,5,114.0
2025-10-04,10,5,111.0
2025-10-05,10,5,111.0
2025-10-06,10,5,105.0
2025-10-07,10,5,141.0
2025-10-08,10,5,136.0
2025-10-09,10,5,124.0
2025-10-10,10,5,100.0
2025-10-11,10,5,104.0
2025-10-12,10,5,104.0
2025-10-13,10,5,125.0
2025-10-14,10,5,130.0
2025-10-15,10,5,168.0
2025-10-16,10,5,127.0
2025-10-17,10,5,123.0
2025-10-18,10,5,113.0
2025-10-19,10,5,115.0
2025-10-20,10,5,116.0
2025-10-21,10,5,153.0
2025-10-22,10,5,144.0
2025-10-23,10,5,135.0
2025-10-24,10,5,115.0
2025-10-25,10,5,105.0
2025-10-26,10,5,110.0
2025-10-27,10,5,112.0
2025-10-28,10,5,141.0
2025-10-29,10,5,149.0
2025-10-30,10,5,129.0
2025-10-31,10,5,116.0
2025-11-01,10,5,93.0
2025-11-02,10,5,119.0
2025-11-03,10,5,138.0
2025-11-04,10,5,142.0
2025-11-05,10,5,147.0
2025-11-06,10,5,137.0
2025-11-07,10,5,124.0
2025-11-08,10,5,110.0
2025-11-09,10,5,120.0
2025-11-10,10,5,132.0
2025-11-11,10,5,148.0
2025-11-12,10,5,149.0
2025-11-13,10,5,142.0
2025-11-14,10,5,114.0
2025-11-15,10,5,95.0
2025-11-16,10,5,113.0
2025-11-17,10,5,143.0
2025-11-18,10,5,149.0
2025-11-19,10,5,154.0
2025-11-20,10,5,130.0
2025-11-21,10,5,125.0
2025-11-22,10,5,103.0
2025-11-23,10,5,116.0
2025-11-24,10,5,129.0
2025-11-25,10,5,150.0
2025-11-26,10,5,150.0
2025-11-27,10,5,147.0
2025-11-28,10,5,132.0
2025-11-29,10,5,123.0
2025-11-30,10,5,141.0
2025-12-01,10,5,127.0
2025-12-02,10,5,145.0
2025-12-03,10,5,149.0
2025-12-04,10,5,127.0
2025-12-05,10,5,128.0
2025-12-06,10,5,115.0
2025-12-07,10,5,129.0
2025-12-08,10,5,142.0
2025-12-09,10,5,154.0
2025-12-10,10,5,156.0
2025-12-11,10,5,140.0
2025-12-12,10,5,130.0
2025-12-13,10,5,121.0
2025-12-14,10,5,122.0
2025-12-15,10,5,137.0
2025-12-16,10,5,154.0
2025-12-17,10,5,158.0
2025-12-18,10,5,154.0
2025-12-19,10,5,110.0
2025-12-20,10,5,123.0
2025-12-21,10,5,126.0
2025-12-22,10,5,146.0
2025-12-23,10,5,154.0
2025-12-24,10,5,143.0
2025-12-25,10,5,135.0
2025-12-26,10,5,117.0
2025-12-27,10,5,131.0
2025-12-28,10,5,116.0
2025-12-29,10,5,152.0
2025-12-30,10,5,154.0
